work_i	ref_i	era_i	work_j	ref_j	era_j	score	chain_len	matched_words	snippet_i	snippet_j	author_i	author_j	title_i	title_j	tag
tlg0086.tlg010	3/#1	ancient_classical	0732.004	in Metaph/168#1	11th_12th	0.1216	17	17	καὶ ἀποδέχεσθαι χρεὼν ἕκαστα τῶν λεγομένων πεπαιδευμένου γάρ ἐστιν ἐπὶ τοσοῦτον τἀκριβὲς ἐπιζητεῖν καθ ἕκαστον γένος ἐφ ὅσον ἡ τοῦ πράγματος φύσις ἐπιδέχεται παραπλήσιον γὰρ φαίνεται μαθηματικοῦ τε πιθανολογοῦντος	ἐν τοῖς Ἠθικοῖς εἰρη μένῳ τῷ πεπαιδευμένου γάρ ἐστιν ἐπὶ τοσοῦτον τἀκριβὲς ἐπιζητεῖν καθ ἕκαστον γένος ἐφ ὅσον ἡ τοῦ πράγματος φύσις ἐπιδέχεται ὃ διὰ τῶν Ὑστέρων ἀναλυτικῶν δείκνυται	Aristotle	Michael of Ephesus (trad. Alex. Aphr.)	Ethica Nicomachea	In Aristotelis Metaphysica	
tlg0086.tlg010	3/#1	ancient_classical	0732.004	in Metaph/168#2	11th_12th	0.1258	17	17	καὶ ἀποδέχεσθαι χρεὼν ἕκαστα τῶν λεγομένων πεπαιδευμένου γάρ ἐστιν ἐπὶ τοσοῦτον τἀκριβὲς ἐπιζητεῖν καθ ἕκαστον γένος ἐφ ὅσον ἡ τοῦ πράγματος φύσις ἐπιδέχεται παραπλήσιον γὰρ φαίνεται μαθηματικοῦ τε πιθανολογοῦντος	πεπαιδευμένου γάρ ἐστιν ἐπὶ τοσοῦτον τἀκριβὲς ἐπιζητεῖν καθ ἕκαστον γένος ἐφ ὅσον ἡ τοῦ πράγματος φύσις ἐπιδέχεται ὃ διὰ τῶν Ὑστέρων ἀναλυτικῶν δείκνυται	Aristotle	Michael of Ephesus (trad. Alex. Aphr.)	Ethica Nicomachea	In Aristotelis Metaphysica	
tlg0086.tlg010	1/#1	ancient_classical	0732.004	in Metaph/14#1	11th_12th	0.091	15	15	πᾶσα τέχνη καὶ πᾶσα μέθοδος ὁμοίως δὲ πρᾶξίς τε καὶ προαίρεσις ἀγαθοῦ τινὸς ἐφίεσθαι δοκεῖ διὸ καλῶς ἀπεφήναντο τἀγαθόν οὗ πάντ	καὶ τῶν Νικο μαχείων Ἠθικῶν ἀρχόμενος πᾶσα τέχνη καὶ πᾶσα μέθοδος ὁμοίως δὲ πρᾶξίς τε καὶ προαίρεσις ἀγαθοῦ τινος ἐφίεσθαι δοκεῖ τοιοῦτον δὲ καὶ τὸ τῶν ὄντων	Aristotle	Michael of Ephesus (trad. Alex. Aphr.)	Ethica Nicomachea	In Aristotelis Metaphysica	
tlg0086.tlg010	1/#1	ancient_classical	0732.004	in Metaph/352#1	11th_12th	0.0846	8	14	πᾶσα τέχνη καὶ πᾶσα μέθοδος ὁμοίως δὲ πρᾶξίς τε καὶ προαίρεσις ἀγαθοῦ τινὸς ἐφίεσθαι δοκεῖ διὸ καλῶς ἀπεφήναντο τἀγαθόν οὗ πάντ	ἀγαθὸν αὐτὸ ἡ σπουδή πᾶσα γὰρ τέχνη καὶ πᾶσα μέθοδος ὁμοίως δὲ καὶ πρᾶξίς τε καὶ προαίρεσις ἀγαθοῦ τινος ἐφίεσθαι δοκεῖ ὡς εἶπεν ἀρχόμενος τῶν Νικομαχείων p	Aristotle	Michael of Ephesus (trad. Alex. Aphr.)	Ethica Nicomachea	In Aristotelis Metaphysica	
tlg0086.tlg010	3/#2	ancient_classical	0732.004	in Metaph/168#1	11th_12th	0.0902	12	12	τἀκριβὲς ἐπιζητεῖν καθ ἕκαστον γένος ἐφ ὅσον ἡ τοῦ πράγματος φύσις ἐπιδέχεται παραπλήσιον γὰρ φαίνεται μαθηματικοῦ τε πιθανολογοῦντος	τῷ πεπαιδευμένου γάρ ἐστιν ἐπὶ τοσοῦτον τἀκριβὲς ἐπιζητεῖν καθ ἕκαστον γένος ἐφ ὅσον ἡ τοῦ πράγματος φύσις ἐπιδέχεται ὃ διὰ τῶν Ὑστέρων ἀναλυτικῶν δείκνυται	Aristotle	Michael of Ephesus (trad. Alex. Aphr.)	Ethica Nicomachea	In Aristotelis Metaphysica	
tlg0086.tlg010	3/#2	ancient_classical	0732.004	in Metaph/168#2	11th_12th	0.0943	12	12	τἀκριβὲς ἐπιζητεῖν καθ ἕκαστον γένος ἐφ ὅσον ἡ τοῦ πράγματος φύσις ἐπιδέχεται παραπλήσιον γὰρ φαίνεται μαθηματικοῦ τε πιθανολογοῦντος	πεπαιδευμένου γάρ ἐστιν ἐπὶ τοσοῦτον τἀκριβὲς ἐπιζητεῖν καθ ἕκαστον γένος ἐφ ὅσον ἡ τοῦ πράγματος φύσις ἐπιδέχεται ὃ διὰ τῶν Ὑστέρων ἀναλυτικῶν δείκνυται	Aristotle	Michael of Ephesus (trad. Alex. Aphr.)	Ethica Nicomachea	In Aristotelis Metaphysica	
tlg0086.tlg010	7/#46	ancient_classical	0732.004	in Metaph/17#2	11th_12th	0.0753	8	8	τὸν ἀνθρώπινον βίον οὐ χρὴ δὲ κατὰ τοὺς παραινοῦντας ἀνθρώπινα φρονεῖν ἄνθρωπον ὄντα οὐδὲ θνητὰ τὸν θνητόν ἀλλ ἐφ ὅσον ἐνδέχεται	αὐτῷ ἔνθα λέγει οὐ γὰρ χρὴ κατὰ τοὺς παραινοῦντας ἀνθρώπινα φρονεῖν ἄνθρωπον ὄντα καὶ θνητὰ θνητόν τοιαῦτα γὰρ καὶ ταῦτα διό	Aristotle	Michael of Ephesus (trad. Alex. Aphr.)	Ethica Nicomachea	In Aristotelis Metaphysica	
tlg0086.tlg010	5/#4	ancient_classical	2702.028	/21#4	11th_12th	0.0497	9	37	ἢ ἀνειμένως κακῶς ἔχομεν εἰ δὲ μέσως εὖ ὁμοίως δὲ καὶ πρὸς τἆλλα πάθη μὲν οὖν οὐκ εἰσὶν οὔθ αἱ ἀρεταὶ οὔθ αἱ κακίαι ὅτι οὐ λεγόμεθα κατὰ τὰ πάθη σπουδαῖοι ἢ φαῦλοι κατὰ δὲ τὰς ἀρετὰς καὶ τὰς κακίας λεγόμεθα καὶ ὅτι κατὰ μὲν τὰ πάθη οὔτ ἐπαινούμεθα οὔτε ψεγόμεθα οὐ γὰρ ἐπαινεῖται ὁ φοβούμενος οὐδὲ ὁ ὀργιζόμενος οὐδὲ ψέγεται ὁ ἁπλῶς ὀργιζόμενος ἀλλ ὁ πῶς κατὰ δὲ τὰς ἀρετὰς καὶ τὰς κακίας ἐπαινούμεθα ἢ ψεγόμεθα ἔτι ὀργιζόμεθα μὲν καὶ φοβούμεθα ἀπροαιρέτως αἱ δ ἀρεταὶ προαιρέσεις τινὲς ἢ οὐκ ἄνευ προαιρέσεως πρὸς δὲ τούτοις κατὰ μὲν τὰ πάθη κινεῖσθαι λεγόμεθα κατὰ δὲ τὰς ἀρετὰς καὶ τὰς κακίας οὐ κινεῖσθαι ἀλλὰ διακεῖσθαί πως διὰ ταῦτα δὲ οὐδὲ δυνάμεις εἰσίν	σφοδρως η ἀνειμένως χακῶς ἐχομεν Ομαιως δὲ πρὸς τὰ αλλα Αὐ οὐν ἀρεταί οὓτε πάθη εἰσιν οὓτε δυνάμεις αλλ ἐξις Οὐ γὰρ λεγόμεθα χατὰ τὰ πάθη σπουδαίοι ηφαυλοι χτὰ δὲ τὰς ἀρεταί χατὰ τὰς χαχίας λεγόμεθα σπουδαίοι χατὰ φαυλοι Και φό ύ μεθα μέν ηδργιζόμεθα ἀπροαιρέτες Αὐ δὲ ἀρεταί προαίρέσεις τινες η οὓχ αὐν προαίρέτες Και χατὰ μέν τὰ πάθη χινεῖσθαι λεγόμεθα χατὰ δὲ τὰς χαχίας χατὰ τὰς ἀρεταί οὓχ χινεῖσθαι αλλὰ διακείσθαι πως	Aristotle	Michael Psellos	Ethica Nicomachea	De omnifaria doctrina	
tlg0086.tlg010	5/#3	ancient_classical	2702.028	/21#3	11th_12th	0.0368	11	27	μὲν ἐπιθυμίαν ὀργὴν φόβον θάρσος φθόνον χαρὰν φιλίαν μῖσος πόθον ζῆλον ἔλεον ὅλως οἷς ἕπεται ἡδονὴ ἢ λύπη δυνάμεις δὲ καθ ἃς παθητικοὶ τούτων λεγόμεθα οἷον καθ ἃς δυνατοὶ ὀργισθῆναι ἢ λυπηθῆναι ἢ ἐλεῆσαι ἕξεις δὲ καθ ἃς πρὸς τὰ πάθη ἔχομεν εὖ ἢ κακῶς οἷον πρὸς τὸ ὀργισθῆναι εἰ μὲν σφοδρῶς ἢ ἀνειμένως κακῶς ἔχομεν εἰ δὲ μέσως εὖ ὁμοίως δὲ καὶ πρὸς	ἐπίθυμία δργή φό ος φθόνος θάρσος χαρὰ φιλία μίσος πόθος ζήλος ἐλεως Δύναμεις δὲ ἐστι χαθ ην παθητιχοί τούτων γινόμεθα οὐχ χαθ ην δυνατοί δργισθηναι ηλυπηθηναι η ἐλεησαι Εξις δὲ χαθ ην πρὸς τὰ πάθη ἐχομεν χαλῶς ηχαῶς Οὐν πρὸς τὰ δργισθηναι εἰ μέν σφοδρως η ἀνειμένως χακῶς ἐχομεν Ομαιως δὲ πρὸς τὰ αλλα Αὐ οὐν ἀρεταί	Aristotle	Michael Psellos	Ethica Nicomachea	De omnifaria doctrina	
tlg0086.tlg010	3/#26	ancient_classical	4031.001	/243#1	11th_12th	0.0041	8	12	ἔσται ἄρα ὡς ὁ α ὅρος πρὸς τὸν β οὕτως ὁ γ πρὸς τὸν δ καὶ ἐναλλὰξ ἄρα ὡς ὁ α πρὸς τὸν γ ὁ β πρὸς τὸν δ	πλάσιοι ὁ Α πρὸς τὸν Β καὶ ὁ Γ πρὸς τὸν Δ ἢ ἰσάκις ἐπιμόριοι ἤ τινα ἄλλον	Aristotle	Eustratius of Nicaea	Ethica Nicomachea	In Analytica Posteriora II	
tlg0086.tlg010	1/#1	ancient_classical	4031.002	/11#1	11th_12th	0.2673	22	45	τῶν τοιούτων ὑπὸ μίαν τινὰ δύναμιν καθάπερ ὑπὸ τὴν ἱππικὴν χαλινοποιικὴ καὶ ὅσαι ἄλλαι τῶν ἱππικῶν ὀργάνων εἰσίν αὕτη δὲ καὶ πᾶσα πολεμικὴ πρᾶξις ὑπὸ τὴν στρατηγικήν κατὰ τὸν αὐτὸν δὴ τρόπον ἄλλαι ὑφ ἑτέρας ἐν ἁπάσαις δὲ τὰ τῶν ἀρχιτεκτονικῶν τέλη πάντων ἐστὶν αἱρετώτερα τῶν ὑπ αὐτά τούτων γὰρ χάριν κἀκεῖνα διώκεται διαφέρει δ οὐδὲν	θάπερ ὑπὸ τὴν ἱππικὴν χαλινοποιητικὴ καὶ ὅσαι ἄλλαι τῶν ἱππικῶν ὀργάνων εἰσίν αὕτη δὲ καὶ πᾶσα πολεμικὴ πρᾶξις ὑπὸ τὴν στρατηγικήν τὸν αὐτὸν δὴ τρόπον ἄλλαι ὑφ ἑτέρας ἐν ἁπάσαις δὲ τὰ τῶν ἀρχιτεκτονικῶν τέλη πάντων αἱρετώτερα τῶν ὑπ αὐτά τούτων γὰρ χάριν κἀκεῖνα διώκεται Ταῦτα προετοιμασία ἐστὶ πρὸς τὸ κοινὸν	Aristotle	Eustratius of Nicaea	Ethica Nicomachea	In Ethica Nicomachea I	
tlg0086.tlg010	2/#1	ancient_classical	4031.002	/12#3	11th_12th	0.1862	18	41	εἰ δή τι τέλος ἐστὶ τῶν πρακτῶν ὃ δι αὑτὸ βουλόμεθα τἆλλα δὲ διὰ τοῦτο καὶ μὴ πάντα δι ἕτερον αἱρούμεθα πρόεισι γὰρ οὕτω γ εἰς ἄπειρον ὥστ εἶναι κενὴν καὶ ματαίαν τὴν ὄρεξιν δῆλον ὡς τοῦτ ἂν εἴη τἀγαθὸν καὶ τὸ ἄριστον ἆρ οὖν καὶ πρὸς τὸν βίον	αὐτὴ διατάττει καὶ ὧν ἀρχιτεκτονική ἐστιν Εἰ δή τι τέλος ἐστὶ τῶν πρακτῶν ὃ δι αὑτὸ βουλό μεθα τἆλλα δὲ διὰ τοῦτο καὶ μὴ πάντα δι ἕτερον αἱρούμεθα πρόεισι γὰρ οὕτως εἰς ἄπειρον ὥστ εἶναι κενὴν καὶ ματαίαν τὴν ὄρεξιν δῆλον ὡς τοῦτ ἂν εἴη τἀγαθὸν καὶ τὸ ἄριστον Ὅτι μὲν δὴ πᾶσα ἕξις ἀνθρώπου	Aristotle	Eustratius of Nicaea	Ethica Nicomachea	In Ethica Nicomachea I	
tlg0086.tlg010	8/#4	ancient_classical	4031.002	/83#1	11th_12th	0.0947	10	36	μὲν οὖν πολλοῖς τὰ ἡδέα μάχεται διὰ τὸ μὴ φύσει τοιαῦτ εἶναι τοῖς δὲ φιλοκάλοις ἐστὶν ἡδέα τὰ φύσει ἡδέα τοιαῦται δ αἱ κατ ἀρετὴν πράξεις ὥστε καὶ τούτοις εἰσὶν ἡδεῖαι καὶ καθ αὑτάς οὐδὲν δὴ προσδεῖται τῆς ἡδονῆς ὁ βίος αὐτῶν ὥσπερ περιάπτου τινός ἀλλ ἔχει τὴν ἡδονὴν ἐν ἑαυτῷ πρὸς τοῖς εἰρημένοις γὰρ οὐδ ἐστὶν ἀγαθὸς ὁ μὴ χαίρων ταῖς καλαῖς πράξεσιν οὔτε γὰρ δίκαιον οὐθεὶς ἂν εἴποι τὸν μὴ χαίροντα τῷ δικαιοπραγεῖν οὔτ ἐλευθέριον τὸν μὴ χαίροντα ταῖς ἐλευθερίοις πράξεσιν ὁμοίως δὲ καὶ ἐπὶ τῶν ἄλλων εἰ δ οὕτω καθ αὑτὰς ἂν εἶεν αἱ κατ ἀρετὴν πράξεις ἡδεῖαι ἀλλὰ μὴν καὶ ἀγαθαί γε	διὰ τὸ μὴ φύσει τοιαῦτ εἶναι ἀλλὰ πρὸς τοὺς κριτὰς τὰ κρινόμενα οἳ καὶ φαντασίᾳ ἀλόγως κρίνοντες ἄγονται καὶ φέρονται ὥστ ἐπεὶ φύσει ἡδεῖαι αἱ κατ ἀρετὴν πράξεις καὶ τοῖς φιλαρέτοις εἰσὶ τοιαῦται καὶ καθ αὑτάς Οὐδὲν δὴ προσδεῖται τῆς ἡδονῆς Ὁ λόγος πρὸς τοὺς λέγοντας μὴ ἄνευ ἡδονῆς τὴν εὐδαιμονίαν τὸ γὰρ μὴ ἄνευ ἡδονῆς λέγειν ἐμφαίνει τὴν ἡδονὴν ὥς τι παράρτυμα οὖσαν τῷ εὐδαίμονι τοῦτο δ οὐκ ἀληθές εἴπερ τὸ ἀληθῶς καὶ κατὰ φύσιν ἡδὺ φιλῶν ὁ εὐδαίμων ἅπαν τοῦτό ἐστι πράττων καὶ μεταχειριζόμενος Πρὸς τοῖς εἰρημένοις γὰρ οὐδ ἔστιν ἀγαθός Ἔτι τὸ αὐτὸ συνίστησι τίς γὰρ ἂν ἐρεῖ ἀγαθὸν καὶ εὐδαίμονα τὸν μὴ ταῖς καλαῖς εὐφραινόμενον πράξεσιν οἷον εἰ δικαιοπραγῶν τις μὴ ἐφήδοιτο ταῖς δικαίαις τῶν πράξεων ἢ ἐλευθερίως πράττων μὴ τούτῳ ἐπευφραίνοιτο τὸ αὐτὸ καὶ ἐπὶ τῶν λοιπῶν ἀρετῶν Εἰ δ οὕτω καθ αὑτὰς εἶεν ἄν	Aristotle	Eustratius of Nicaea	Ethica Nicomachea	In Ethica Nicomachea I	
tlg0086.tlg010	7/#1	ancient_classical	4031.002	/60#1	11th_12th	0.1416	12	37	καὶ στρατηγικῇ καὶ ταῖς λοιπαῖς ὁμοίως τί οὖν ἑκάστης τἀγαθόν ἢ οὗ χάριν τὰ λοιπὰ πράττεται τοῦτο δ ἐν ἰατρικῇ μὲν ὑγίεια ἐν στρατηγικῇ δὲ νίκη ἐν οἰκοδομικῇ δ οἰκία ἐν ἄλλῳ δ ἄλλο ἐν ἁπάσῃ δὲ πράξει καὶ προαιρέσει τὸ τέλος τούτου γὰρ ἕνεκα τὰ λοιπὰ πράττουσι πάντες ὥστ εἴ τι τῶν πρακτῶν ἁπάντων ἐστὶ τέλος τοῦτ ἂν εἴη τὸ πρακτὸν ἀγαθόν εἰ δὲ πλείω ταῦτα μεταβαίνων δὴ ὁ λόγος εἰς ταὐτὸν ἀφῖκται τοῦτο δ ἔτι μᾶλλον διασαφῆσαι πειρατέον	καὶ τῆς ἐνεργείας καὶ τοῦ ἐπαγγέλματος Τί οὖν ἑκάστης τἀγαθόν ἢ οὗ χάριν τὰ λοιπά Τούτων ὑπ Ἀριστοτέλους λεγομένων σκόπησον τὰ παρ ἡμῶν προ σεχῶς εἰρημένα ὡς προσφυῶς τούτοις εἴρηται καὶ κατὰ τὸν Ἀριστοτέλους σκοπόν ἵνα μήτε περιττὸς δόξῃ τὰ τοιαῦτα λέγων ἃ καὶ πρότερον μήτε μάτην παρεισάγων ταυτὶ ἐν τῷ ἐξετάζειν προτίθεσθαι τί τὸ τέλος ἀνθρώ που ᾗ ἄνθρωπος καὶ τίς ἡ εὐδαιμονία ὡς γὰρ ἐν ἑκάστῃ τῶν τεχνῶν ἀγαθόν οὗ χάριν τὰ λοιπὰ πράττεται καὶ ἐν ἑκάστῃ πράξει καὶ προαι ρέσει τὸ τέλος τὸ ἀγαθόν ἐστιν ὅτι τούτου ἕνεκα τὰ λοιπὰ πράττουσι πάντες οὕτω καὶ εἴ τι κοινῶς τῶν ἁπάντων πρακτῶν ἐστι τέλος τοῦτ ἂν εἴη τὸ πρακτὸν ἀγαθόν ἤγουν τὸ διὰ τῶν ἐπαινετῶν περιγινόμενον πρά ξεων εἰ δὲ πλείω ταῦτα μεταβαίνων ὁ λόγος εἰς ταὐτὸ ἀφῖκται ἐπεὶ	Aristotle	Eustratius of Nicaea	Ethica Nicomachea	In Ethica Nicomachea I	
tlg0086.tlg010	2/#2	ancient_classical	4031.002	/17#1	11th_12th	0.1326	22	28	τῶν ἄλλων ὥστε τοῦτ ἂν εἴη τἀνθρώπινον ἀγαθόν εἰ γὰρ καὶ ταὐτόν ἐστιν ἑνὶ καὶ πόλει μεῖζόν γε καὶ τελειότερον τὸ τῆς πόλεως φαίνεται καὶ λαβεῖν καὶ σῴζειν ἀγαπητὸν μὲν γὰρ καὶ ἑνὶ μόνῳ κάλλιον δὲ καὶ θειότερον ἔθνει καὶ πόλεσιν ἡ μὲν	ἀναφέροιτο καὶ εἴη ἂν τοῦτο τὸ ἀνθρώπινον ἀγαθόν Εἰ γὰρ καὶ ταὐτόν ἐστιν ἑνὶ καὶ πόλει μεῖζόν γε καὶ θειότερον τὸ τῆς πόλεως φαίνεται καὶ λαβεῖν καὶ σώζειν Τὴν ταυτότητα καὶ τὴν διαφορὰν ἔοικε τιθέναι διὰ τούτων ἣν αὐτὴ πρὸς ἑαυτὴν ἀναδέχεται ἡ εὐδαιμονία ὡς τέλος οὖσα πολιτικῆς τινος ἤγουν ἠθικῆς ἅμα καὶ πολιτικῆς ἁπλῶς ταὐτὸν μὲν γάρ ἐστι τὸ τέλος ἀμφοῖν ὅπερ ἐστὶ τὸ ἐν ἀρεταῖς τέλειον ὡς οὕτως εἰπεῖν ἐν τῷ παρόντι ἀλλὰ τὸ μὲν μεῖζον καὶ θειότερον τὸ δὲ ἔλαττον καὶ ἀνθρωπικώτερον καὶ τοῦτο κατασκευάζει δι ὧν ἐπιφέρει Ἀγαπητὸν γάρ φησι καὶ ἑνὶ μόνῳ κάλλιον δὲ καὶ θειό τερον ἔθνει καὶ πόλεσιν Καὶ	Aristotle	Eustratius of Nicaea	Ethica Nicomachea	In Ethica Nicomachea I	
tlg0086.tlg010	2/#2	ancient_classical	4031.002	/16#3	11th_12th	0.2049	15	33	ταύτην οὔσας οἷον στρατηγικὴν οἰκονομικὴν ῥητορικήν χρωμένης δὲ ταύτης ταῖς λοιπαῖς πρακτικαῖς τῶν ἐπιστημῶν ἔτι δὲ νομοθετούσης τί δεῖ πράττειν καὶ τίνων ἀπέχεσθαι τὸ ταύτης τέλος περιέχοι ἂν τὰ τῶν ἄλλων ὥστε τοῦτ ἂν εἴη τἀνθρώπινον ἀγαθόν εἰ γὰρ καὶ ταὐτόν ἐστιν ἑνὶ καὶ πόλει μεῖζόν	αὖθις πῶς ἡ πολιτικὴ πρὸς αὐτάς Χρωμένης γὰρ ταύτης ταῖς λοιπαῖς πρακτικαῖς τῶν ἐπιστημῶν ἔτι δὲ νομοθετούσης τί δεῖ πράττειν καὶ τίνων ἀπέ χεσθαι τὸ ταύτης τέλος περιέχοι ἂν τὰ τῶν ἄλλων ὥστε τοῦτ ἂν εἴη τὸ ἀνθρώπινον ἀγαθόν Εἰ γὰρ αἵ τε ἐντιμόταται τῶν δυνάμεων ταύτῃ ὑπόκεινται	Aristotle	Eustratius of Nicaea	Ethica Nicomachea	In Ethica Nicomachea I	
tlg0086.tlg010	8/#1	ancient_classical	4031.002	/79#2	11th_12th	0.1062	8	22	δὲ καὶ ὅτι πράξεις τινὲς λέγονται καὶ ἐνέργειαι τὸ τέλος οὕτω γὰρ τῶν περὶ ψυχὴν ἀγαθῶν γίνεται καὶ οὐ τῶν ἐκτός συνᾴδει δὲ τῷ λόγῳ καὶ τὸ εὖ ζῆν καὶ τὸ εὖ πράττειν τὸν εὐδαίμονα σχεδὸν γὰρ εὐζωία τις εἴρηται καὶ εὐπραξία φαίνεται δὲ καὶ τὰ ἐπιζητούμενα τὰ περὶ τὴν εὐδαιμονίαν ἅπανθ ὑπάρχειν	ἁπλῶς πράξεις καὶ ἐνέργειαι τὸ τέλος ἀλλὰ ποιαί ἤτοι κατ ἀρετὴν καὶ ἀγαθαί συνᾴδει δὲ τῷ λόγῳ καὶ τὸ εὖ ζῆν ἐκ τῶν φιλοσοφούντων τὸ ῥηθὲν συστησάμενος συνίστησιν ἔτι τοῦτο καὶ ἐκ κοινοτέρας ὁμολογίας ἡ δέ ἐστι τὸ εὖ ζῆν καὶ εὖ πράττειν τὸν εὐδαίμονα ἃ καὶ ἄμφω ἐνεργείας καὶ πράξεις δηλοῖ αἳ δὴ περὶ ψυχήν εἰσιν ὡς εἴρηται ὡς εἶναι καὶ τοῦτο τῷ τῆς εὐδαιμονίας ὁρισμῷ συνῳδόν τὸ δὲ σχεδὸν τέθειται δι εὐλάβειαν φιλόσοφον ἐν δέχεται γὰρ εἶναί τινας μὴ εὐζωίαν καὶ εὐπραξίαν τὴν εὐδαιμονίαν λέγοντας ἀλλ ἕτερόν τι τῶν ἐναργῶν οἷον ἡδονὴν ἢ πλοῦτον ἤ τι τοιοῦτον ἕτερον τέως δ ἐπεὶ παρὰ τῶν πλείστων εὐζωία τις καὶ εὐπραξία εἴρηται πειστέον ἂν εἴη τοῖς λέγουσι καὶ ῥητέον ζωὴν ἀγαθὴν καὶ πράξεις ἐπαινετὰς τὴν εὐδαιμονίαν ὑπάρχειν Φαίνεται δὲ καὶ τὰ ἐπιζητούμενα περὶ τὴν εὐδαιμονίαν Ἐπιζητούμενα καὶ δοξαζόμενα	Aristotle	Eustratius of Nicaea	Ethica Nicomachea	In Ethica Nicomachea I	
tlg0086.tlg010	10/#4	ancient_classical	4031.002	/98#2	11th_12th	0.076	8	21	καὶ διαφερόντων μεγέθει καὶ μικρότητι τὰ μὲν μικρὰ τῶν εὐτυχημάτων ὁμοίως δὲ καὶ τῶν ἀντικειμένων δῆλον ὡς οὐ ποιεῖ ῥοπὴν τῆς ζωῆς τὰ δὲ μεγάλα καὶ πολλὰ γινόμενα μὲν εὖ μακαριώτερον τὸν βίον ποιήσει καὶ γὰρ αὐτὰ συνεπικοσμεῖν πέφυκεν καὶ ἡ χρῆσις αὐτῶν καλὴ καὶ σπουδαία γίνεται ἀνάπαλιν δὲ συμβαίνοντα θλίβει καὶ λυμαίνεται	μεγέθει καὶ σμικρότητι δῆλον ὡς ὅσα μὲν μικρὰ τῶν εὐτυχημάτων καὶ δυστυχημάτων οὐ ποιεῖ ῥοπὴν τῆς ζωῆς ἤτοι οὐ δύναται ἐναλλαγήν τινα τῇ ζωῇ ἐνδείξασθαι τοῦ εὐδαίμονος ᾗ εὐδαίμων ἐστίν ὅταν δὲ μεγάλα καὶ πολλὰ τὰ τυχηρὰ γένηται ἀγαθὰ μὲν ὄντα αὐξήσει τῷ εὐδαίμονι τὸ μακάριον ὥσπερ τινὶ κάλλει φυσικῷ παραρτήματά τινα ὄντα καὶ ἐπικο σμήματα καὶ ἡ χρῆσις αὐτῶν καλὴ καὶ σπουδαῖα γίνεται τῆς κατ ἀρετὴν τοῦ εὐδαίμονος καλλονῆς	Aristotle	Eustratius of Nicaea	Ethica Nicomachea	In Ethica Nicomachea I	
tlg0086.tlg010	3/#1	ancient_classical	4031.002	/20#1	11th_12th	0.0673	13	23	λέγοιτο δ ἂν ἱκανῶς εἰ κατὰ τὴν ὑποκειμένην ὕλην διασαφηθείη τὸ γὰρ ἀκριβὲς οὐχ ὁμοίως ἐν ἅπασι τοῖς λόγοις ἐπιζητητέον ὥσπερ οὐδ ἐν τοῖς δημιουργουμένοις τὰ δὲ καλὰ καὶ τὰ δίκαια περὶ ὧν ἡ πολιτικὴ σκοπεῖται πολλὴν ἔχει διαφορὰν καὶ πλάνην ὥστε δοκεῖν νόμῳ μόνον εἶναι φύσει δὲ μή τοιαύτην δέ τινα πλάνην ἔχει καὶ	πεῖται τοσαύτην ἔχει διαφορὰν καὶ πλάνην ὥστε δοκεῖν νόμῳ μόνον εἶναι φύσει δὲ μή Περὶ τῶν ἑξῆς ῥηθησομένων λόγων εἰπὼν ὁποῖοί ποτ ἔσονται καὶ ὅτι ἱκανὸν αὐτοῖς εἰ κατὰ τὴν ὑποκειμένην ὕλην ἡ ἐξ αὐτῶν διασάφησις γένηται εἶτ ἐπὶ τὸ καθόλου τὸν λόγον ἀνενεγκὼν ὡς οὐ πάντες οἱ λόγοι τὴν αὐτὴν ἀκρίβειαν ἐπιδέχονται κατάγει αὐτὸν ἐπὶ τὰ προκείμενα καί φησιν ὅτι τὰ παρὰ ἀνθρώποις καλὰ καὶ δίκαια περὶ ὧν ἡ πολιτικὴ σκο πεῖ πολλὴν ἔχει κατὰ τὴν	Aristotle	Eustratius of Nicaea	Ethica Nicomachea	In Ethica Nicomachea I	
tlg0086.tlg010	4/#1	ancient_classical	4031.002	/29#1	11th_12th	0.0583	9	20	τοῖς σοφοῖς ἀποδιδόασιν οἳ μὲν γὰρ τῶν ἐναργῶν τι καὶ φανερῶν οἷον ἡδονὴν ἢ πλοῦτον ἢ τιμήν ἄλλοι δ ἄλλο πολλάκις δὲ καὶ ὁ αὐτὸς ἕτερον νοσήσας μὲν γὰρ ὑγίειαν πενόμενος δὲ πλοῦτον συνειδότες δ	ὀρέξεις ἐναλλαττόμενοι οἱ μὲν οὖν πολλοὶ τῶν ἐναργῶν τι καὶ φανερῶν ἤγουν τῶν αἰσθήσει λη πτῶν ἡγοῦνται τὴν εὐδαιμονίαν ὑπάρχειν οἷον ἡδονὴν ἢ πλοῦτον ἢ τιμήν διὸ καὶ οἱ μὲν φιλήδονοι οἱ δὲ φιλόπλουτοι οἱ δὲ φιλότιμοι ἤτοι φιλόδοξοι δείκνυνται ὅπερ ἡγεῖται ἀγαθὸν μεταδιώκοντες ἕκαστος ἄλλοι δὲ ἄλλο τι τοιοῦτον πολλάκις δὲ καὶ ὁ αὐτὸς ἕτερον νοσήσας μὲν γάρ τις μακα	Aristotle	Eustratius of Nicaea	Ethica Nicomachea	In Ethica Nicomachea I	
tlg0086.tlg010	1/#2	ancient_classical	4031.002	/11#1	11th_12th	0.1352	12	21	τρόπον ἄλλαι ὑφ ἑτέρας ἐν ἁπάσαις δὲ τὰ τῶν ἀρχιτεκτονικῶν τέλη πάντων ἐστὶν αἱρετώτερα τῶν ὑπ αὐτά τούτων γὰρ χάριν κἀκεῖνα διώκεται διαφέρει δ οὐδὲν τὰς ἐνεργείας αὐτὰς	ὑπὸ τὴν στρατηγικήν τὸν αὐτὸν δὴ τρόπον ἄλλαι ὑφ ἑτέρας ἐν ἁπάσαις δὲ τὰ τῶν ἀρχιτεκτονικῶν τέλη πάντων αἱρετώτερα τῶν ὑπ αὐτά τούτων γὰρ χάριν κἀκεῖνα διώκεται Ταῦτα προετοιμασία ἐστὶ πρὸς τὸ κοινὸν	Aristotle	Eustratius of Nicaea	Ethica Nicomachea	In Ethica Nicomachea I	
tlg0086.tlg010	6/#1	ancient_classical	4031.002	/43#3	11th_12th	0.1015	11	20	δὲ καθ αὑτὸ καὶ ἡ οὐσία πρότερον τῇ φύσει τοῦ πρός τι παραφυάδι γὰρ τοῦτ ἔοικε καὶ συμβεβηκότι τοῦ ὄντος ὥστ οὐκ ἂν εἴη κοινή τις ἐπὶ τούτοις ἰδέα ἔτι δ ἐπεὶ τἀγαθὸν ἰσαχῶς λέγεται	ἡ οὐσία ἄρα καὶ τὸ ποιὸν πρότερα τῇ φύσει τοῦ πρός τι Παραφυάδι γὰρ τοῦτ ἔοικε Καὶ τοῦτο κατασκευαστικὸν τοῦ τὸ πρός τι ὕστερον εἶναι ἡ γὰρ παρα φυὰς τοῦ ὄντος ὕστερον τοῦ ὄντος δεῖ γὰρ εἶναί τι πρότερον καὶ οὕτως αὐτῷ ἕτερόν τι παραφύεσθαι Ὥστ οὐκ ἂν εἴη κοινή τις ἐπὶ τούτοις ἰδέα Συμπεραίνει τὸ ἐξ ἀρχῆς ὅτι οὐκ	Aristotle	Eustratius of Nicaea	Ethica Nicomachea	In Ethica Nicomachea I	
tlg0086.tlg010	12/#3	ancient_classical	4031.002	/108#1	11th_12th	0.0691	9	22	τῶν εἰρημένων ὅτι ἐστὶν ἡ εὐδαιμονία τῶν τιμίων καὶ τελείων ἔοικε δ οὕτως ἔχειν καὶ διὰ τὸ εἶναι ἀρχή ταύτης γὰρ χάριν τὰ λοιπὰ πάντα πάντες πράττομεν τὴν ἀρχὴν δὲ καὶ τὸ αἴτιον τῶν ἀγαθῶν τίμιόν τι καὶ θεῖον τίθεμεν ἑκουσίῳ δὲ	ὧν εἶπεν ὅτι ἡ εὐδαι μονία τῶν τιμίων καὶ τελείων ἐστὶ καὶ διὰ τοῦτο τιμῆς ἀξία ἀλλ οὐκ ἐπαίνων οὐδ ἐγκωμίων Ἔοικε δ οὕτως ἔχειν καὶ διὰ τὸ εἶναι ἀρχή Δείκνυσι καὶ ἑτέρως τοῖς τιμίοις τὴν εὐδαιμονίαν συνταττομένην ἀρχὴ γάρ ἐστιν ὡς τελικὴ αἰτία διὰ γὰρ τὴν εὐδαιμονίαν τὰ λοιπὰ πάντα πράττομεν πάντες ἵν ἐκεῖνα κατορθοῦντες εἰς τὴν αὐτῆς προκόπτωμεν τελειότητα τὴν ἀρχὴν δὲ καὶ τὸ αἴτιον τῶν ἀγαθῶν τίμιον καὶ θεῖον ὁμολογοῦμεν τιμία ἄρα καὶ	Aristotle	Eustratius of Nicaea	Ethica Nicomachea	In Ethica Nicomachea I	
tlg0086.tlg010	6/#1	ancient_classical	4031.002	/43#2	11th_12th	0.0694	13	27	λέγεται καὶ ἐν τῷ τί ἐστι καὶ ἐν τῷ ποιῷ καὶ ἐν τῷ πρός τι τὸ δὲ καθ αὑτὸ καὶ ἡ οὐσία πρότερον τῇ φύσει τοῦ πρός τι παραφυάδι γὰρ τοῦτ ἔοικε καὶ συμβεβηκότι τοῦ ὄντος ὥστ οὐκ ἂν	εἶναι ἀλλ ἢ μόνη ἡ οὐσία καὶ ἐν τῷ ποιῷ καὶ ἐν τῷ πρός τι ἠρκέσθη δὲ ταῖς τρισὶ ταύταις κατηγορίαις ὡς ἱκαναῖς οὔσαις δηλῶσαι τὸ ἐπαγόμενον ἐπιφέρει γὰρ τὸ δὲ καθ αὑτὸ καὶ ἡ οὐσία πρότερον τῇ φύσει τοῦ πρός τι τὸ δὲ καθ αὑτὸ ἐνταῦθα οὐκ ἐπὶ τοῦ οὐσιώ δους ἀλλ ἐπὶ τοῦ μὴ ἐν σχέσει παρέλαβεν ἅπαν γὰρ πρός τι ἐν σχέσει τὰ δὲ μὴ πρός τι οὐχ ὡς ἐν σχέσει ὄντα προφέρεται οὐδ ὡς πρὸς ἕτερον λεγόμενα ἀλλ ὡς καθ ἑαυτὰ θεωρούμενα ἡ δὲ κατασκευὴ τῆς ἐλάσσονος προτάσεως οὕτω συνίσταται πᾶν τὸ καθ ἑαυτὸ λαμβανόμενον πρότερον τῇ φύσει τοῦ πρὸς ἕτερον ἡ οὐσία καὶ τὸ ποιὸν καθ ἑαυτὸ λαμβάνεται τὸ δὲ πρός τι πρὸς ἕτερον ἡ οὐσία ἄρα καὶ τὸ ποιὸν πρότερα τῇ φύσει τοῦ πρός τι Παραφυάδι γὰρ τοῦτ ἔοικε Καὶ τοῦτο κατασκευαστικὸν τοῦ τὸ	Aristotle	Eustratius of Nicaea	Ethica Nicomachea	In Ethica Nicomachea I	
tlg0086.tlg010	7/#2	ancient_classical	4031.002	/61#2	11th_12th	0.07	15	19	δ ἄριστον τέλειόν τι φαίνεται ὥστ εἰ μέν ἐστιν ἕν τι μόνον τέλειον τοῦτ ἂν εἴη τὸ ζητούμενον εἰ δὲ πλείω τὸ τελειότατον τούτων τελειότερον δὲ λέγομεν τὸ καθ αὑτὸ διωκτὸν τοῦ δι ἕτερον	τὸ τελειότατον ἐν ἀνθρώποις ἀγαθόν ἐπιφέρει εἰ μέν ἐστιν ἕν τι μόνον τέλειον τοῦτ ἂν εἴη τὸ ζητούμενον εἰ δὲ πλείω φησίν εὑρεθῇ τὰ δι αὑτὰ αἱρετά ὡς δοκεῖν πάντα τέλεια ἀλλ ἔσται τι ἐξ ἀνάγκης ἓν τῶν λοιπῶν τελειότατον ὃ καὶ ἑρμηνεύων τί ἐστι φησί Τελειότερον δὲ λέγομεν τὸ	Aristotle	Eustratius of Nicaea	Ethica Nicomachea	In Ethica Nicomachea I	
tlg0086.tlg010	8/#1	ancient_classical	4031.002	/79#1	11th_12th	0.0431	8	16	δὲ καὶ ὅτι πράξεις τινὲς λέγονται καὶ ἐνέργειαι τὸ τέλος οὕτω γὰρ τῶν περὶ ψυχὴν ἀγαθῶν γίνεται καὶ οὐ τῶν ἐκτός συνᾴδει δὲ τῷ λόγῳ καὶ τὸ εὖ ζῆν καὶ τὸ εὖ πράττειν τὸν εὐδαίμονα	γὰρ καὶ τὸ τέλος εἴη ἂν τῶν περὶ ψυχὴν ἀγαθῶν καὶ οὔτε τῶν σωματικῶν οὔτε τῶν ἐκτός εἰ γὰρ ἐνέργειαι καὶ πράξεις τὸ τέλος πᾶσαι δὲ αἱ πράξεις καὶ ἐνέργειαι τῶν περὶ ψυχήν τὸ τέλος ἄρα τῶν περὶ ψυχήν ἐστιν ἀγαθῶν διαφέρει δὲ τοῦτο τοῦ πρὸ αὐτοῦ ὅτι ἐν ἐκείνῳ μὲν τὸ καλῶς εἰρῆσθαι ψυχῆς ἐνέργειαν τὴν εὐδαιμονίαν εἶναι συνέστησεν ἐνταῦθα δὲ τὸ ὀρθῶς λέγεσθαι πράξεις εἶναι καὶ ἐνεργείας τὸ τέλος τὸ δὲ τινὲς προσέθηκεν ὅτι οὐχ ἁπλῶς πράξεις καὶ ἐνέργειαι τὸ τέλος ἀλλὰ ποιαί ἤτοι κατ ἀρετὴν καὶ ἀγαθαί συνᾴδει δὲ τῷ λόγῳ καὶ τὸ εὖ ζῆν ἐκ τῶν φιλοσοφούντων τὸ	Aristotle	Eustratius of Nicaea	Ethica Nicomachea	In Ethica Nicomachea I	
tlg0086.tlg010	8/#2	ancient_classical	4031.002	/80#1	11th_12th	0.0669	8	19	μεθ ἡδονῆς ἢ οὐκ ἄνευ ἡδονῆς ἕτεροι δὲ καὶ τὴν ἐκτὸς εὐετηρίαν συμπαραλαμβάνουσιν τούτων δὲ τὰ μὲν πολλοὶ καὶ παλαιοὶ λέγουσιν τὰ δὲ ὀλίγοι καὶ ἔνδοξοι ἄνδρες οὐδετέρους δὲ τούτων εὔλογον διαμαρτάνειν	ἢ πρὸς αὐτὴν ἐπιπολαιό τερον ἔχοντα Ἕτεροι δὲ καὶ τὴν ἐκτὸς εὐετηρίαν Τοῦτο οὐχ ὡς ἐν τῷ ὁρισμῷ καὶ αὐτὸ παραληφθὲν εἶπεν ἀλλ ὅτι καὶ οὗτοι τῷ λόγῳ οὐκ ἠναντιοῦντο παραλαμβάνοντες μὲν καὶ τὰ εἰρημένα σὺν αὐτοῖς δὲ καὶ τὴν ἐκτὸς εὐετηρίαν ὥς τι παραπλήρωμα τάττοντες δεῖ γὰρ καὶ αὐτῆς ἐνίοτε τῷ εὐδαίμονι ὡς συνεργοῦ πρὸς ἐνεργείας τινάς Τούτων δὲ τὰ μὲν πολλοὶ καὶ παλαιοὶ λέγουσι Τῶν περὶ εὐδαιμονίαν εἰρημένων τὰ μὲν πολλοὶ καὶ παλαιοὶ ἄνδρες φασί τὰ δὲ ὀλίγοι καὶ ἔνδοξοι τοῖς μὲν οὖν διὰ τὴν παλαιότητα	Aristotle	Eustratius of Nicaea	Ethica Nicomachea	In Ethica Nicomachea I	
tlg0086.tlg010	4/#2	ancient_classical	4031.002	/32#2	11th_12th	0.1031	16	17	γε ἀρκτέον ἀπὸ τῶν ἡμῖν γνωρίμων διὸ δεῖ τοῖς ἔθεσιν ἦχθαι καλῶς τὸν περὶ καλῶν καὶ δικαίων καὶ ὅλως τῶν πολιτικῶν ἀκουσόμενον ἱκανῶς ἀρχὴ γὰρ τὸ ὅτι καὶ εἰ	ἀρχάς Διὸ δεῖ τοῖς ἤθεσιν ἦχθαι καλῶς Ἐπεὶ ἀπὸ τῶν ἀγαθῶν πράξεων τὸν περὶ ἀρετῆς καὶ εὐδαιμονίας λόγον μέλλει συστήσασθαι αἱ δὲ πράξεις αἰτιαταὶ καὶ ὕστεραι τοῦτο δ οὐκ ἔστι τοῦ διότι ἀλλὰ τοῦ ὅτι ἀπόδειξις ἐκ τῶν προτέρων γὰρ τὸ διότι συνίστασθαι πέφυκε τὸ δὲ ἐκ τῶν ὑστέρων δεικνύμενον ὅτι ἔστι δείκνυται οὐ διότι ἔστι τὸ γὰρ διότι ἐστὶν ἀπόδοσις αἰτίας ἡ δ αἰτία προτέρα διὰ τοῦτό φησιν ὅτι δεῖ τοῖς ἔθεσιν ἦχθαι καλῶς τὸν περὶ καλῶν καὶ δικαίων καὶ ὅλως τῶν πολιτικῶν ἀκουσόμενον ἱκανῶς τουτέστι δεῖ γεγυμνασμένον εἶναι καὶ εἰθισμένον	Aristotle	Eustratius of Nicaea	Ethica Nicomachea	In Ethica Nicomachea I	
tlg0086.tlg010	7/#5	ancient_classical	4031.002	/69#2	11th_12th	0.0827	14	21	θετέον κυριώτερον γὰρ αὕτη δοκεῖ λέγεσθαι εἰ δ ἐστὶν ἔργον ἀνθρώπου ψυχῆς ἐνέργεια κατὰ λόγον ἢ μὴ ἄνευ λόγου τὸ δ αὐτό φαμεν ἔργον εἶναι τῷ γένει τοῦδε καὶ τοῦδε σπουδαίου ὥσπερ κιθαριστοῦ καὶ σπουδαίου κιθαριστοῦ	καὶ ὁμολογουμένῳ χρῆται τούτῳ καί φησιν εἰ δ ἐστὶν ἔργον ἀνθρώπου ψυχῆς ἐνέργεια κατὰ λόγον ἢ μὴ ἄνευ λόγου τὸ μὲν κατὰ λόγον περὶ τῆς οἰκεῖον ἐχούσης λόγον καὶ διανοουμένης ψυχῆς θέμενος τὸ δὲ μὴ ἄνευ λόγου περὶ τῆς λόγῳ ἐπιπειθοῦς καὶ γὰρ καὶ ἡ κατὰ τὸ πείθεσθαι λόγῳ τῆς αἰσθητικῆς ἐνέργεια μόνου ἀνθρώπου ἐνέρ γεια ὅτι μηδ ἁπλῶς τὸ ἐνεργεῖν καὶ κατὰ ταῦτα δεῖ τὸ εὔδαιμον εἶναι τίθεσθαι ἀλλὰ καὶ τὸ εὖ δείκνυσι πάλιν ἀπὸ τῶν τεχνῶν πρῶτον μὲν καθόλου εἶτα καὶ παραδείγματι χρώμενος τὸ αὐτὸ γάρ φαμεν εἶναι τῷ γένει τοῦδε καὶ τοῦδε σπουδαίου τοῦτο καθόλου ὅτι ἐπὶ παντὸς οἱουδήποτε	Aristotle	Eustratius of Nicaea	Ethica Nicomachea	In Ethica Nicomachea I	
tlg0086.tlg010	10/#3	ancient_classical	4031.002	/95#1	11th_12th	0.0917	8	12	διὰ τὰς μεταβολάς καὶ διὰ τὸ μόνιμόν τι τὴν εὐδαιμονίαν ὑπειληφέναι καὶ μηδαμῶς εὐμετάβολον τὰς δὲ τύχας πολλάκις ἀνακυκλεῖσθαι περὶ τοὺς αὐτούς δῆλον γὰρ ὡς εἰ συνακολουθοίημεν ταῖς τύχαις τὸν αὐτὸν εὐδαίμονα καὶ πάλιν ἄθλιον	τῶν τυχῶν καὶ διὰ τὸ ὑπολαβεῖν μόνιμόν τι τὴν εὐδαιμονίαν καὶ οὐκ εὐμετάβολον τοιαύτη δὲ δοκεῖ ἡ εὐδαιμονία διὰ τὸ τέλος εἶναι τῶν ἀρετῶν καὶ τῶν κατ αὐτὰς πράξεων ἕξεις δὲ ὑπάρ χειν τὰς ἀρετάς καθ ἃς διὰ παντὸς ζῶντες οἱ σπουδαῖοι καὶ ἐνεργοῦντες οὐδέποτε εἰς λήθην αὐτῶν ἔρχονται αἱ δὲ τύχαι τοσοῦτον εὐμετάβολοι ὡς περὶ τοὺς αὐτοὺς πολλάκις ἀνακυκλεῖσθαι ἐνδέχεται γὰρ τὸν αὐτὸν ἀπὸ τοῦ εὖ ἔχειν τῆς τύχης ἐπὶ τὸ κακῶς μεταβάλλεσθαι καὶ αὖ ἀπὸ τοῦ κακοῦ εἰς τὸ εὖ καὶ τοῦτο πολλάκις Δῆλον γὰρ ὡς εἰ συνακολουθοίημεν ταῖς τύχαις Ἑκατέρωθεν ἐνταῦθα τὴν ἀπορίαν συνίστησιν ἢ	Aristotle	Eustratius of Nicaea	Ethica Nicomachea	In Ethica Nicomachea I	
tlg0086.tlg010	13/#1	ancient_classical	4031.002	/110#1	11th_12th	0.0708	8	23	ἀνθρώπινον ἐζητοῦμεν καὶ τὴν εὐδαιμονίαν ἀνθρωπίνην ἀρετὴν δὲ λέγομεν ἀνθρωπίνην οὐ τὴν τοῦ σώματος ἀλλὰ τὴν τῆς ψυχῆς καὶ τὴν εὐδαιμονίαν δὲ ψυχῆς ἐνέργειαν λέγομεν εἰ δὲ ταῦθ οὕτως ἔχει δῆλον ὅτι δεῖ τὸν πολιτικὸν εἰδέναι πως τὰ περὶ ψυχῆς ὥσπερ καὶ τὸν ὀφθαλμοὺς θεραπεύσοντα καὶ πᾶν τὸ σῶμα	Ἀρετὴν δὲ λέγομεν ἀνθρωπίνην οὐ τὴν τοῦ σώματος Ἐπεὶ ἔστι τις καὶ ἀρετὴ σώματος ἔστι δὲ καὶ ψυχῆς ὑγεία γὰρ καὶ κάλλος καὶ εὐαισθησία καὶ ῥώμη σώματος ἀρεταί ὥσπερ δικαιοσύνη σωφροσύνη φρόνησις ἀνδρεία ψυχῆς περὶ δὲ τῶν ψυχικῶν ὁ λόγος ἐνταῦθα ἀρετῶν ἃς κατορθοῖ ὡς ὀργάνῳ χρώμενος τῷ σώματι διὰ τοῦτο δέον φησὶν εἶναι τὸν πολιτικὸν εἰδέναι πως τὰ περὶ ψυχῆς ὅτι δὲ περὶ ψυχικῆς ἀρετῆς ὁ λόγος αὐτῷ ἐντεῦθεν δῆλον ποιεῖται καὶ ἐκ τοῦ τὴν εὐδαιμονίαν ψυχῆς εἰρῆσθαι ἐνέργειαν τῷ δὲ εἰδέναι τὸ πως ἐπιφέρει διότι οὐχ ἁπλῶς ἐνταῦθα παραδίδωσι περὶ ψυχῆς ἀλλ ὅσον χρεία πρὸς τὰ προκείμενα ὅτι δὲ δεῖ τὸν πολιτικὸν εἰδέναι περὶ ψυχῆς ἀπὸ τῆς περὶ τὸ σῶμα ἰατρικῆς συνίστησι λέγων ὥσπερ καὶ τὸν ὀφθαλμὸν θεραπεύσοντας καὶ πᾶν σῶμα εἰ γὰρ οἱ τὰ σώματα	Aristotle	Eustratius of Nicaea	Ethica Nicomachea	In Ethica Nicomachea I	
tlg0086.tlg010	2/#1	ancient_classical	4031.002	/15#3	11th_12th	0.1377	16	16	δ ἡ πολιτικὴ φαίνεται τίνας γὰρ εἶναι χρεὼν τῶν ἐπιστημῶν ἐν ταῖς πόλεσι καὶ ποίας ἑκάστους μανθάνειν καὶ μέχρι τίνος αὕτη διατάσσει ὁρῶμεν δὲ καὶ τὰς ἐντιμοτάτας τῶν	δὲ ἡ πολιτική Τίνας γάρ φησιν εἶναι χρεὼν τῶν ἐπιστημῶν ἐν ταῖς πόλεσι καὶ ποίας ἑκάστους μανθάνειν καὶ μέχρι τίνος αὕτη διατάττει Εἰ γὰρ τὸ εἶναι ἢ μὴ εἶναι ἁπλῶς τάσδε ἢ τάσδε τὰς ἐπιστήμας ἐν ταῖς πόλεσι καὶ ποίας ὑπὸ ποίων μανθάνεσθαι αὕτη διορίζεται καὶ	Aristotle	Eustratius of Nicaea	Ethica Nicomachea	In Ethica Nicomachea I	
tlg0086.tlg010	2/#1	ancient_classical	4031.002	/13#3	11th_12th	0.0644	10	24	εἰ δή τι τέλος ἐστὶ τῶν πρακτῶν ὃ δι αὑτὸ βουλόμεθα τἆλλα δὲ διὰ τοῦτο καὶ μὴ πάντα δι ἕτερον αἱρούμεθα πρόεισι γὰρ οὕτω γ εἰς ἄπειρον ὥστ εἶναι κενὴν καὶ ματαίαν τὴν ὄρεξιν δῆλον ὡς τοῦτ ἂν εἴη τἀγαθὸν καὶ τὸ ἄριστον ἆρ οὖν καὶ πρὸς τὸν βίον	δέον αὐτὴν ἐπὶ τὸ σαφέστερον ἀμειφθῆναι εἰ δή τι τέλος ἐστὶ τῶν πρακτῶν ὃ δι αὑτὸ βου λόμεθα τἆλλα δὲ διὰ τοῦτο καὶ μὴ πάντα δι ἕτερον αἱρού μεθα δῆλον ὅτι τοῦτ ἂν εἴη τὸ ἀγαθὸν καὶ τὸ ἄριστον πρακτὰ δέ εἰσιν ἐκεῖνα ὅσα πράττουσιν	Aristotle	Eustratius of Nicaea	Ethica Nicomachea	In Ethica Nicomachea I	
tlg0086.tlg010	7/#4	ancient_classical	4031.002	/65#3	11th_12th	0.0724	11	21	ἔργον τοῦ ἀνθρώπου ὥσπερ γὰρ αὐλητῇ καὶ ἀγαλματοποιῷ καὶ παντὶ τεχνίτῃ καὶ ὅλως ὧν ἔστιν ἔργον τι καὶ πρᾶξις ἐν τῷ ἔργῳ δοκεῖ τἀγαθὸν εἶναι καὶ τὸ εὖ οὕτω δόξειεν ἂν καὶ ἀνθρώπῳ εἴπερ ἔστι τι ἔργον αὐτοῦ πότερον	ἀγαλματοποιητικῆς φησι καὶ πάσης ἄλλης τέχνης καὶ τῶν κατ αὐτὰς τεχνιτῶν καὶ ὅλως ὧν ἔστιν ἔργον τι καὶ πρᾶξις τότε λέγομεν τὸ ἀγαθὸν εἶναι καὶ τὸ εὖ ὅταν τὸ ἔργον καὶ ἡ πρᾶξις ὀρθῶς ἀποτελῆται καὶ ἁρμοδίως τῇ μεθόδῳ καὶ τῷ ὑποκει μένῳ οὕτω δόξειεν ἂν καὶ ἀνθρώπῳ τότε εἶναι τὸ εὖ καὶ τὸ	Aristotle	Eustratius of Nicaea	Ethica Nicomachea	In Ethica Nicomachea I	
tlg0086.tlg010	10/#5	ancient_classical	4031.002	/98#3	11th_12th	0.1064	10	14	τὸ καλόν ἐπειδὰν φέρῃ τις εὐκόλως πολλὰς καὶ μεγάλας ἀτυχίας μὴ δι ἀναλγησίαν ἀλλὰ γεννάδας ὢν καὶ μεγαλόψυχος εἰ δ εἰσὶν αἱ ἐνέργειαι κύριαι τῆς ζωῆς καθάπερ εἴπομεν οὐδεὶς ἂν γένοιτο τῶν	θηρότητα τὴν ἐξ ἀρετῆς εὐφόρως φέρῃ πολλὰς καὶ μεγάλας ἀτυχίας οὐχ ὡς ἠλίθιος καὶ ἀνάλγητος τοῦτο γὰρ οὐκ ἀρετὴ οὐδ ἐπαινετόν ἀλλ ὡς γεννάδας καὶ μεγαλόψυχος Εἰ δ εἰσὶν αἱ ἐνέργειαι κύρια τῆς ζωῆς Τοῦτο λύσις τοῦ λόγου τοῦ λέγοντος	Aristotle	Eustratius of Nicaea	Ethica Nicomachea	In Ethica Nicomachea I	
tlg0086.tlg010	12/#1	ancient_classical	4031.002	/105#1	11th_12th	0.0461	8	15	ὅτι τῶν γε δυνάμεων οὐκ ἔστιν φαίνεται δὴ πᾶν τὸ ἐπαινετὸν τῷ ποιόν τι εἶναι καὶ πρός τι πῶς ἔχειν ἐπαινεῖσθαι τὸν γὰρ δίκαιον καὶ τὸν ἀνδρεῖον καὶ ὅλως τὸν ἀγαθόν τε καὶ τὴν ἀρετὴν ἐπαινοῦμεν	θείοις τῶν ἀγαθῶν καὶ τιμίων συνάπτεται Φαίνεται δὲ πᾶν τὸ ἐπαινετὸν τῷ ποιόν τι Μέλλων τὴν εὐδαιμονίαν τῶν ἐπαινετῶν μὲν διαστῆσαι τοῖς τιμίοις δὲ συντάξαι λέγει τί τὸ ἴδιον τῶν ἐπαινετῶν καὶ τί τῶν τιμίων ἵνα ὧν τὸ ἴδιον εὑρήσει τῇ εὐδαιμονίᾳ προσὸν τούτοις ἀποδείξῃ κοινωνοῦσαν καὶ συνταττομένην αὐτήν τοίνυν πᾶν φησί τὸ ἐπαινετὸν διὰ τοῦτο ἐπαινεῖται ὅτι τε ποιότητός τινος ἀγαθοῦ μετέχει καὶ πρός τι ἀναφέρεται ἤτοι ἔργον ὃ κατορθοῖ καὶ παράδειγμα τίθησι τοῦ μετέχοντος τῆς ἀγαθῆς ποιότητος τὸν δίκαιον καὶ τὸν ἀνδρεῖον καὶ ὅλως τὸν δι ἀγαθὴν ποιότητα ἀγαθὸν καὶ τὴν	Aristotle	Eustratius of Nicaea	Ethica Nicomachea	In Ethica Nicomachea I	
tlg0086.tlg010	1/#1	ancient_classical	4031.002	/8#3	11th_12th	0.0423	17	21	τέχνη καὶ πᾶσα μέθοδος ὁμοίως δὲ πρᾶξίς τε καὶ προαίρεσις ἀγαθοῦ τινὸς ἐφίεσθαι δοκεῖ διὸ καλῶς ἀπεφήναντο τἀγαθόν οὗ πάντ ἐφίεται διαφορὰ δέ τις φαίνεται τῶν τελῶν τὰ μὲν γάρ εἰσιν ἐνέργειαι τὰ δὲ παρ αὐτὰς ἔργα τινά ὧν δ εἰσὶ τέλη τινὰ παρὰ	καὶ οὕτως ἐπὶ τὴν πρᾶξιν ἐρχόμεθα Διαφορὰ δέ τις φαίνεται τῶν τελῶν τὰ μὲν γάρ εἰσιν ἐνέργειαι τὰ δὲ παρὰ ταύτας ἔργα τινά Ἁρμοδίως μὲν τῷ προκειμένῳ σκοπῷ παρέλαβεν εὐθὺς ἐξ ἀρχῆς τὰ κατὰ μόνον τὸν ἄνθρωπον τοῦ ἀγαθοῦ ἐφιέμενα μόνου γὰρ ἀνθρώπου τέχνη καὶ ἐπιστήμη πρᾶξίς τε καὶ προαίρεσις ἐπεὶ καὶ περὶ τοῦ ἀνθρωπίνου τέλους	Aristotle	Eustratius of Nicaea	Ethica Nicomachea	In Ethica Nicomachea I	
tlg0086.tlg010	2/#1	ancient_classical	4031.002	/14#3	11th_12th	0.0657	11	16	ἔχοντες μᾶλλον ἂν τυγχάνοιμεν τοῦ δέοντος εἰ δ οὕτω πειρατέον τύπῳ γε περιλαβεῖν αὐτὸ τί ποτ ἐστὶ καὶ τίνος τῶν ἐπιστημῶν ἢ δυνάμεων δόξειε δ ἂν τῆς κυριωτάτης καὶ	ἀπευθύνεσθαι ῥᾷον πρὸς τὴν κατόρθωσιν ἕξουσιν Εἰ δ οὕτω πειρατέον τύπῳ περιλαβεῖν αὐτὸ τί ποτέ ἐστι καὶ τίνος τῶν ἐπιστημῶν ἢ δυνάμεων Εἰ οὕτω φησίν ἀναγκαία ἡ γνῶσις τούτου τοῦ τέλους ἐστί δεῖ ποιή σασθαι ἀπόπειραν εἴ πως γένηται δυνατόν ὡς πρὸς τοὺς μηδεμίαν περὶ αὐτοῦ εἴδησιν ἔχοντας ὁλοσχερῆ τινα καὶ οἷον τυπωτικὴν περίληψιν ποιή σασθαι τί ποτέ ἐστι παραδιδόντας καὶ τίνος τῶν ἐπιστημῶν ἢ δυνάμεων ὅτι μὲν γὰρ ἔστι διὰ τῶν	Aristotle	Eustratius of Nicaea	Ethica Nicomachea	In Ethica Nicomachea I	
tlg0086.tlg010	6/#1	ancient_classical	4031.002	/44#1	11th_12th	0.0738	8	14	τοῦτ ἔοικε καὶ συμβεβηκότι τοῦ ὄντος ὥστ οὐκ ἂν εἴη κοινή τις ἐπὶ τούτοις ἰδέα ἔτι δ ἐπεὶ τἀγαθὸν ἰσαχῶς λέγεται τῷ ὄντι καὶ γὰρ ἐν τῷ τί λέγεται	λεγόμενον εἶτ ἐπιφέρει τὸ συμπέ ρασμα ὥστ οὐκ ἂν εἴη κοινή τις ἰδέα ἐπὶ τούτοις ἐν οἷς δηλονότι θεωρεῖται τὸ πρότερον καὶ τὸ ὕστερον Ἔτι δ ἐπεὶ τἀγαθὸν ἰσαχῶς λέγεται τῷ ὄντι Δεύτερον ἐπιχείρημα δεικνύον καὶ αὐτὸ ὅτι	Aristotle	Eustratius of Nicaea	Ethica Nicomachea	In Ethica Nicomachea I	
tlg0086.tlg010	11/#1	ancient_classical	4031.002	/103#1	11th_12th	0.029	8	12	τῶν συμβαινόντων καὶ τῶν μὲν μᾶλλον συνικνουμένων τῶν δ ἧττον καθ ἕκαστον μὲν διαιρεῖν μακρὸν καὶ ἀπέραντον φαίνεται καθόλου δὲ λεχθὲν καὶ τύπῳ τάχ ἂν ἱκανῶς ἔχοι εἰ δή καθάπερ καὶ τῶν περὶ αὑτὸν ἀτυχημάτων τὰ μὲν ἔχει τι βρῖθος καὶ	συνικνουμένων τῶν δ ἧττον διὰ τὸ ταῖς οἰκειώσεσι διαφορὰς θεωρεῖσθαι πολλάς τὸ μὲν διαιρεῖν καθ ἕκαστον τά τε συμβαίνοντα καὶ τὰς οἰκειό τητας μακρόν ἵνα μὴ λέγωμεν ἀπέραντον ἐξ ἀνάγκης ἄρα καθόλου καὶ τύπῳ λέγοντας ἱκανῶς ἔχειν δοκεῖ τύπῳ δὲ τὸ καθόλου λέγομεν ὅτι συγκέχυται καὶ ἀμυδρότερον ἢ τὰ καθ ἕκαστα τὴν γνῶσιν παρέχεται ἐναργέστερα γὰρ ἀεὶ τὰ καθ ἕκαστα διὰ τὸ αἰσθήσει γνωρίζεσθαι Εἰ δὴ καθάπερ καὶ τῶν περὶ αὑτὸν ἀποτυχημάτων Ἐντεῦθεν μέτρα τῆς κοινωνίας τίθησι τῶν	Aristotle	Eustratius of Nicaea	Ethica Nicomachea	In Ethica Nicomachea I	
tlg0086.tlg010	2/#1	ancient_classical	4031.002	/16#2	11th_12th	0.1052	14	14	μανθάνειν καὶ μέχρι τίνος αὕτη διατάσσει ὁρῶμεν δὲ καὶ τὰς ἐντιμοτάτας τῶν δυνάμεων ὑπὸ ταύτην οὔσας οἷον στρατηγικὴν οἰκονομικὴν ῥητορικήν χρωμένης δὲ ταύτης ταῖς λοιπαῖς πρακτικαῖς	ψυχαὶ παιδιαῖς εὐφραινόμεναι καὶ σπουδῆς ἀπεχόμεναι Ὁρῶμεν δὲ καὶ τὰς ἐντιμοτάτας τῶν δυνάμεων ὑπὸ ταύτην οὔσας οἷον στρατηγικὴν οἰκονομικὴν ῥητορικήν Τὴν ὑπεροχὴν τῆς πολιτικῆς ἐκ τούτων	Aristotle	Eustratius of Nicaea	Ethica Nicomachea	In Ethica Nicomachea I	
tlg0086.tlg010	4/#2	ancient_classical	4031.002	/31#2	11th_12th	0.0921	9	14	ἡ ὁδός ὥσπερ ἐν τῷ σταδίῳ ἀπὸ τῶν ἀθλοθετῶν ἐπὶ τὸ πέρας ἢ ἀνάπαλιν ἀρκτέον μὲν γὰρ ἀπὸ τῶν γνωρίμων ταῦτα δὲ διττῶς τὰ μὲν γὰρ	ὡς ἐν τῷ στα δίῳ ὡς ἀπὸ τῶν ἀθλοθετῶν ἐπὶ τὸ πέρας ἢ ἀνάπαλιν οἱ μὲν ἀθλοθέται λόγον ἔχουσιν ἀρχῆς ὡς καὶ τοῦ ἀγῶνος συστατικοὶ καὶ ποιη τικοί τὸ δὲ πέρας τοῦ σταδίου οὐχ ὡς ἀρχὴ ἀλλ ὡς ἔσχατον ἡ αὐτὴ οὖν ὁδὸς ἡ μεταξὺ ἑκατέρωθεν ἀλλ ἡ ἀπὸ θατέρου εἰς θάτερον κίνησις τῶν τρεχόντων τῇ σχέσει διάφορος οὕτω δὲ καὶ ἡ ἀπὸ τῶν ἀρχῶν ἐπὶ τὰς ἀρχὰς ὁδὸς καὶ κίνησις τοῦ λόγου Ἀρκτέον μὲν γὰρ ἀπὸ τῶν γνωρίμων Περὶ τούτων εἴρηται	Aristotle	Eustratius of Nicaea	Ethica Nicomachea	In Ethica Nicomachea I	
tlg0086.tlg010	6/#1	ancient_classical	4031.002	/43#1	11th_12th	0.0047	10	20	τὴν δόξαν ταύτην οὐκ ἐποίουν ἰδέας ἐν οἷς τὸ πρότερον καὶ ὕστερον ἔλεγον διόπερ οὐδὲ τῶν ἀριθμῶν ἰδέαν κατεσκεύαζον τὸ δ ἀγαθὸν λέγεται καὶ ἐν τῷ τί ἐστι καὶ ἐν τῷ ποιῷ καὶ ἐν τῷ πρός τι τὸ δὲ καθ αὑτὸ καὶ ἡ οὐσία πρότερον	πλέκει κατὰ τὸ πρῶτον σχῆμα οὕτως ἐν οἷς τὸ πρῶτον καὶ ὕστερον ἐν τούτοις ἰδέα οὐκ ἔστιν ἐν τῷ ἀγαθῷ ἐστι τὸ πρότερον καὶ ὕστερον ἐν τῷ ἀγαθῷ ἄρα οὐκ ἔστιν ἰδέα καὶ ὅτι μὲν ἐν οἷς τὸ πρῶτον καὶ ὕστερον οὐκ ἔστιν ἰδέα εἴληφεν ὡς ἔνδοξον τοῖς περὶ Πλά τωνα ὅτι δὲ ἐν τῷ ἀγαθῷ τὸ πρότερον καὶ τὸ ὕστερον ὃ ἦν ἡ ἐλάσσων τοῦ συλλογισμοῦ πρότασις δείκνυσιν ἐκ τῶν γενικωτάτων γενῶν ὡς ὑπάρ χοντος ἐν πᾶσι τοῦ ἀγαθοῦ τὸ γὰρ ἀγαθὸν λέγεται φησί καὶ ἐν τῷ τί ὅ ἐστιν οὐσία τὸ γὰρ τί ἐφ ὑφεστηκότος πράγματος λέγεται οὐδεμία δὲ τῶν ἄλλων κατηγοριῶν ἔχει τὸ ὑφεστηκέναι καθ αὑτὸ καὶ μὴ ἐν ὑπο κειμένῳ εἶναι ἀλλ ἢ μόνη ἡ οὐσία καὶ ἐν τῷ ποιῷ καὶ ἐν τῷ πρός τι ἠρκέσθη δὲ ταῖς τρισὶ ταύταις κατηγορίαις ὡς ἱκαναῖς	Aristotle	Eustratius of Nicaea	Ethica Nicomachea	In Ethica Nicomachea I	
tlg0086.tlg010	6/#4	ancient_classical	4031.002	/53#1	11th_12th	0.0767	9	16	ὁρᾶν καὶ ἡδοναί τινες καὶ τιμαί ταῦτα γὰρ εἰ καὶ δι ἄλλο τι διώκομεν ὅμως τῶν καθ αὑτὰ ἀγαθῶν θείη τις ἄν ἢ οὐδ ἄλλο οὐδὲν πλὴν τῆς ἰδέας ὥστε μάταιον ἔσται τὸ εἶδος εἰ	τέρων ἀποτρόπαιοι Ταῦτα γὰρ εἰ καὶ δι ἄλλο τι διώκομεν ὅμως Τὸ γὰρ φρονεῖν ὅτι καὶ καθ αὑτὸ ἀγαθόν δῆλον ὡς τῆς κατὰ λο γισμὸν ἀρετῆς ὂν ἐνέργημα δῆλον δ ὅτι καὶ ὡς ὀνήσιμον εἰς πολλά ἵνα μὴ λέγω πάντα τὰ ἐν ταῖς κατὰ βίον ἡμῖν πράξεσι κατορθούμενα καὶ τὸ ὁρᾶν ὡσαύτως ἀγαθὸν μὲν καὶ δι ἑαυτό ὅτι πλείστας διαφορὰς ἡμῖν γινώσκειν παρέχεται καὶ χρήσιμον δ οὐδὲν ἧττον ὅτι γνωρίζειν ποιεῖ καὶ πόρρωθεν τὰ βλαβερὰ καὶ ὠφέλιμα ὡς τὰ μὲν φεύγειν ἔστι δ οὗ καὶ ἀμύνεσθαι τὰ δὲ διώκειν ἔστι δ οὗ καὶ ἐφέλκεσθαι οὕτω δ ἂν εὕροις καὶ ἐπὶ τῶν ἡδονῶν καὶ τῶν τιμῶν Ἢ οὐδ ἄλλο οὐδὲν πλὴν τῆς ἰδέας Εἰπὼν τὰ εἰρημένα εἶναι καθ αὑτὸ ἀγαθὰ ὡς τούτου ὁμολογουμένου ἐπήγαγε ταῦτα ἐπιμεμφόμενος τὸ γὰρ ἢ οὐδ ἄλλο οὐδὲν πλὴν τῆς ἰδέας εἰρωνευομένου ἐστίν ὡς εἰ ἔλεγεν ἢ	Aristotle	Eustratius of Nicaea	Ethica Nicomachea	In Ethica Nicomachea I	
tlg0086.tlg010	7/#6	ancient_classical	4031.002	/69#2	11th_12th	0.0528	9	16	ψυχῆς ἐνέργεια κατὰ λόγον ἢ μὴ ἄνευ λόγου τὸ δ αὐτό φαμεν ἔργον εἶναι τῷ γένει τοῦδε καὶ τοῦδε σπουδαίου ὥσπερ κιθαριστοῦ καὶ σπουδαίου κιθαριστοῦ καὶ	φησιν εἰ δ ἐστὶν ἔργον ἀνθρώπου ψυχῆς ἐνέργεια κατὰ λόγον ἢ μὴ ἄνευ λόγου τὸ μὲν κατὰ λόγον περὶ τῆς οἰκεῖον ἐχούσης λόγον καὶ διανοουμένης ψυχῆς θέμενος τὸ δὲ μὴ ἄνευ λόγου περὶ τῆς λόγῳ ἐπιπειθοῦς καὶ γὰρ καὶ ἡ κατὰ τὸ πείθεσθαι λόγῳ τῆς αἰσθητικῆς ἐνέργεια μόνου ἀνθρώπου ἐνέρ γεια ὅτι μηδ ἁπλῶς τὸ ἐνεργεῖν καὶ κατὰ ταῦτα δεῖ τὸ εὔδαιμον εἶναι τίθεσθαι ἀλλὰ καὶ τὸ εὖ δείκνυσι πάλιν ἀπὸ τῶν τεχνῶν πρῶτον μὲν καθόλου εἶτα καὶ παραδείγματι χρώμενος τὸ αὐτὸ γάρ φαμεν εἶναι τῷ γένει τοῦδε καὶ τοῦδε σπουδαίου τοῦτο καθόλου ὅτι ἐπὶ παντὸς οἱουδήποτε	Aristotle	Eustratius of Nicaea	Ethica Nicomachea	In Ethica Nicomachea I	
tlg0086.tlg010	1/#1	ancient_classical	4031.002	/9#1	11th_12th	0.0551	10	15	τὰ δὲ παρ αὐτὰς ἔργα τινά ὧν δ εἰσὶ τέλη τινὰ παρὰ τὰς πράξεις ἐν τούτοις βελτίω πέφυκε τῶν ἐνεργειῶν τὰ ἔργα πολλῶν δὲ πράξεων οὐσῶν καὶ τεχνῶν	εἴη τὸ τέλος κἄν τε ἐνέργεια Ὧν δ εἰσὶ τέλη τινὰ παρὰ τὰς πράξεις ἐν τούτοις βελ τίω πέφυκε τῶν ἐνεργειῶν τὰ ἔργα Ἀλλ εἰ καὶ ἀδιάφορόν ἐστι φησίν	Aristotle	Eustratius of Nicaea	Ethica Nicomachea	In Ethica Nicomachea I	
tlg0086.tlg010	1/#1	ancient_classical	4031.002	/9#2	11th_12th	0.0691	13	20	εἰσὶ τέλη τινὰ παρὰ τὰς πράξεις ἐν τούτοις βελτίω πέφυκε τῶν ἐνεργειῶν τὰ ἔργα πολλῶν δὲ πράξεων οὐσῶν καὶ τεχνῶν καὶ ἐπιστημῶν πολλὰ γίνεται καὶ τὰ τέλη ἰατρικῆς μὲν γὰρ ὑγίεια ναυπηγικῆς δὲ	τὰ τέλη τῆς ἐνερ γείας ἕτερα ἐν ταύταις βελτίω ἐστὶ τῶν ἐνεργειῶν τὰ ἔργα ἐν ταῖς τοι αύταις γὰρ διὰ τὰ ἔργα αἱ ἐνέργειαι καὶ αὗται μὲν ἕνεκά του ἐκεῖνα δὲ ὧν ἕνεκα βέλτιον δ ἀεὶ τὸ οὗ ἕνεκα τοῦ ἕνεκα ὄντος αὐτοῦ εἶπε δὲ τὸ ὧν καὶ τὸ ἐν τούτοις ὡς ἐπὶ τοὺς τεχνίτας ἢ ἁπλῶς ἐνεργοῦντας ἀπάγων τὸν λόγον Πολλῶν δὲ πράξεων οὐσῶν καὶ τεχνῶν καὶ ἐπιστημῶν πολλὰ γίνεται καὶ τὰ τέλη Τὸ προκείμενον ἐνταῦθα δεῖξαι τῆν πολιτικὴν	Aristotle	Eustratius of Nicaea	Ethica Nicomachea	In Ethica Nicomachea I	
tlg0086.tlg010	2/#1	ancient_classical	4031.002	/16#3	11th_12th	0.1106	12	12	ταύτην οὔσας οἷον στρατηγικὴν οἰκονομικὴν ῥητορικήν χρωμένης δὲ ταύτης ταῖς λοιπαῖς πρακτικαῖς τῶν ἐπιστημῶν ἔτι δὲ νομοθετούσης τί δεῖ	αὖθις πῶς ἡ πολιτικὴ πρὸς αὐτάς Χρωμένης γὰρ ταύτης ταῖς λοιπαῖς πρακτικαῖς τῶν ἐπιστημῶν ἔτι δὲ νομοθετούσης τί δεῖ πράττειν καὶ τίνων ἀπέ χεσθαι τὸ	Aristotle	Eustratius of Nicaea	Ethica Nicomachea	In Ethica Nicomachea I	
tlg0086.tlg010	3/#2	ancient_classical	4031.002	/25#1	11th_12th	0.1209	9	14	ἁπλῶς δ ὁ περὶ πᾶν πεπαιδευμένος διὸ τῆς πολιτικῆς οὐκ ἔστιν οἰκεῖος ἀκροατὴς ὁ νέος ἄπειρος γὰρ τῶν κατὰ τὸν βίον πράξεων οἱ λόγοι δ ἐκ τούτων καὶ	Διὸ τῆς πολιτικῆς οὐκ ἔστιν οἰκεῖος ἀκροατὴς ὁ νέος Προθέμενος ἐν τῷ τρίτῳ προοιμίῳ περὶ ἀκροατοῦ εἰπεῖν ὁποῖον δεῖ εἶναι πρότερον μὲν καθόλου διέλαβε περὶ τοῦ ὁποῖον δεῖ εἶναι τὸν κρίνοντα τὰ καθ ἑκάστην τέχνην ἢ ἐπιστήμην ἐνεργούμενα καὶ ἀποτελούμενα εἶτα ἦλθεν εἰς τὸ προκείμενον διὰ τῶν κοινῶς εἰρημένων δεικνὺς καὶ αὐτὸ ὅτι τῆς πολιτικῆς οὐκ ἔστιν οἰκεῖος ἀκροατὴς ὁ νέος καὶ δείκνυσιν αὐτὸ διὰ δύο ἐπιχειρημάτων πρῶτον μὲν ἐκ τῆς τοῦ χρόνου βραχύτητος ἣν ὡς νέος ἔτι διήνυσεν ἐν τῷ βίῳ μὴ δυνηθεὶς δι ὀλίγου πεῖραν λαβεῖν τῶν κατ αὐτὸν πράξεων ἐξ ὧν καὶ περὶ ὧν οἱ λόγοι ὅθεν οὐδὲ δύναται κρίνειν ὀρθῶς ταῦτα ὁ δὲ συλλογισμὸς ἐν πρώτῳ σχήματι ὁ νέος ἄπειρος τῶν κατὰ τὸν βίον πράξεων πᾶς ἄπειρός τινων οὐ δύναται κρίνειν	Aristotle	Eustratius of Nicaea	Ethica Nicomachea	In Ethica Nicomachea I	
tlg0086.tlg010	4/#3	ancient_classical	4031.002	/32#2	11th_12th	0.0633	13	13	ἦχθαι καλῶς τὸν περὶ καλῶν καὶ δικαίων καὶ ὅλως τῶν πολιτικῶν ἀκουσόμενον ἱκανῶς ἀρχὴ γὰρ τὸ ὅτι καὶ εἰ	τοῦτό φησιν ὅτι δεῖ τοῖς ἔθεσιν ἦχθαι καλῶς τὸν περὶ καλῶν καὶ δικαίων καὶ ὅλως τῶν πολιτικῶν ἀκουσόμενον ἱκανῶς τουτέστι δεῖ γεγυμνασμένον εἶναι καὶ εἰθισμένον	Aristotle	Eustratius of Nicaea	Ethica Nicomachea	In Ethica Nicomachea I	
tlg0086.tlg010	7/#7	ancient_classical	4031.002	/73#2	11th_12th	0.0811	8	23	ἐπιδόσεις παντὸς γὰρ προσθεῖναι τὸ ἐλλεῖπον μεμνῆσθαι δὲ καὶ τῶν προειρημένων χρή καὶ τὴν ἀκρίβειαν μὴ ὁμοίως ἐν ἅπασιν ἐπιζητεῖν ἀλλ ἐν ἑκάστοις κατὰ τὴν ὑποκειμένην ὕλην καὶ ἐπὶ τοσοῦτον ἐφ ὅσον οἰκεῖον τῇ μεθόδῳ καὶ γὰρ τέκτων καὶ γεωμέτρης διαφερόντως	ἐκ τῆς τοῦ ῥηθέντος ὅρου διαλύσεως Μεμνῆσθαι δὲ καὶ τῶν προειρημένων χρή Τὴν τῆς εὐδαιμονίας περιγραφὴν διὰ τοῦ ἀποδοθέντος λόγου πεποιη κὼς βούλεται ἤδη αὐτὸς ποιῆσαι καὶ τὴν τοῦ λόγου διόρθωσιν καὶ προκα ταβάλλεται τὰ πρὸς αὐτὸ συμβαλλόμενα καὶ πρῶτον ὅπως ταύτην ἐκδεκ τέον εἶπε γὰρ καὶ προλαβών ὅτι οὐ χρὴ ὁμοίως ἐν πᾶσι ζητεῖν τὴν ἀκρίβειαν ἀλλὰ κατὰ τὴν ὑποκειμένην ὕλην ἁπανταχοῦ ὧν μεμνῆσθαι καὶ νῦν προτρέπεται καὶ ἐπὶ τοσοῦτον ἐφ ὅσον οἰκεῖον τῇ μεθόδῳ οὐ μόνον φησὶ κατὰ τὰ ὑποκείμενα	Aristotle	Eustratius of Nicaea	Ethica Nicomachea	In Ethica Nicomachea I	
tlg0086.tlg010	8/#2	ancient_classical	4031.002	/79#3	11th_12th	0.0733	9	14	γὰρ εὐζωία τις εἴρηται καὶ εὐπραξία φαίνεται δὲ καὶ τὰ ἐπιζητούμενα τὰ περὶ τὴν εὐδαιμονίαν ἅπανθ ὑπάρχειν τῷ λεχθέντι τοῖς μὲν γὰρ ἀρετὴ τοῖς δὲ φρόνησις ἄλλοις δὲ σοφία τις εἶναι δοκεῖ τοῖς δὲ ταῦτα ἢ τούτων τι μεθ ἡδονῆς ἢ οὐκ ἄνευ ἡδονῆς ἕτεροι δὲ καὶ τὴν ἐκτὸς εὐετηρίαν	καὶ πράξεις ἐπαινετὰς τὴν εὐδαιμονίαν ὑπάρχειν Φαίνεται δὲ καὶ τὰ ἐπιζητούμενα περὶ τὴν εὐδαιμονίαν Ἐπιζητούμενα καὶ δοξαζόμενα καλῶς τὰ περὶ εὐδαιμονίαν ζητούμενα οὕτω δὲ ταῦτα εἶπεν ὡς οὐ πάντων λεγόντων τὸ αὐτό ἀλλ ἄλλων μὲν τόδε ἑτέρων δὲ τόδε εἰ γὰρ πάντες ἔλεγον τὸ αὐτό οὐκ ἂν ἦν ἐπιζη τούμενον τὸ λεγόμενον ἀλλ ὁμοφωνούμενον νῦν δ ἐπεὶ ὁ μὲν τόδε ὁ δὲ τόδε ζητούμενά ἐστι διὰ τὸ πρὸς ἄλληλα διαφέρεσθαι ὅμως καὶ οὕτως ἔχοντα φαίνεται πάντα τῷ λεχθέντι ὑπάρχοντα ὡς ὁ λόγος φανεῖ ἐπεὶ γὰρ τὸ λεχθὲν ἦν τὴν εὐδαιμονίαν εἶναι ψυχῆς ἐνέργειαν κατ ἀρετήν κἂν ἀρετήν τις ἁπλῶς αὐτὴν ἐρεῖ κἂν φρόνησιν καὶ σοφίαν τινὰ κἂν ταῦτα πάντα κἂν τούτων τι μεθ ἡδονῆς ἢ οὐκ ἄνευ ἡδονῆς συνῳδὰ πάντα τῷ λόγῳ πάντα γὰρ	Aristotle	Eustratius of Nicaea	Ethica Nicomachea	In Ethica Nicomachea I	
tlg0086.tlg010	8/#3	ancient_classical	4031.002	/82#2	11th_12th	0.0501	8	19	ἔστι δὲ καὶ ὁ βίος αὐτῶν καθ αὑτὸν ἡδύς τὸ μὲν γὰρ ἥδεσθαι τῶν ψυχικῶν ἑκάστῳ δ ἐστὶν ἡδὺ πρὸς ὃ λέγεται φιλοτοιοῦτος οἷον ἵππος μὲν τῷ φιλίππῳ θέαμα δὲ τῷ φιλοθεώρῳ τὸν αὐτὸν δὲ τρόπον καὶ τὰ δίκαια τῷ φιλοδικαίῳ καὶ ὅλως τὰ κατ ἀρετὴν τῷ φιλαρέτῳ τοῖς μὲν οὖν πολλοῖς τὰ ἡδέα μάχεται διὰ τὸ μὴ φύσει τοιαῦτ εἶναι	προκείμενον τὸν αὐτὸν τρόπον φάσκων καὶ τὰ δίκαια καὶ ὅλως τὰ κατ ἀρετὴν τῷ φιλαρέτῳ ἐπεὶ γὰρ ὁ φιλάρετος φιλοτοιοῦτος πρὸς τὰς ἀρετὰς καὶ τὰς πράξεις κατ αὐτὰς λέγεται ἑκάστῳ δὲ ἡδέα πρὸς ἃ φιλοτοιοῦτος λέγεται καὶ τῷ φιλαρέτῳ ἄρα ἡδέα αἱ ἀρεταὶ καὶ αἱ κατ αὐτὰς πράξεις ὥστε κἂν ἄλλους ὁρᾷ ἢ ἀκούῃ τὰ τοιαῦτα πράττοντας ἢ αὐτὸς ταῦτα ἐνεργῇ ἡδέως ἕξει καὶ ὁρῶν μὲν καὶ ἀκούων μάλιστα δὲ πράττων καὶ ἐπεὶ ψυχῆς ἐνέργεια κατ ἀρετὴν ἡ εὐδαιμονία μεθ ἡδονῆς ὁ εὐδαίμων ἐνεργήσει καὶ ἡσθήσεται αὐτῷ ἡ ψυχὴ ἐφ οἷς κατ ἀρετὴν ἐνεργεῖ Τοῖς μὲν οὖν πολλοῖς τὰ ἡδέα μάχεται Ἐπεὶ ἡδοναὶ κατὰ τὸν βίον πολλαὶ καὶ τὰ ἡδέα διάφορα ἐφ οἷς αἱ ἡδοναὶ καὶ τὰ μὲν καθ αὑτὰ ἡδέα τὰ δὲ πρός τι οἷον σοφία μὲν	Aristotle	Eustratius of Nicaea	Ethica Nicomachea	In Ethica Nicomachea I	
tlg0086.tlg010	8/#5	ancient_classical	4031.002	/84#3	11th_12th	0.0843	8	13	πέφυχ οὗ τις ἐρᾷ τὸ τυχεῖν ἅπαντα γὰρ ὑπάρχει ταῦτα ταῖς ἀρίσταις ἐνεργείαις ταύτας δέ ἢ μίαν τούτων τὴν ἀρίστην φαμὲν εἶναι τὴν εὐδαιμονίαν φαίνεται δ	ἐν ταὐτῷ ὡς ἐν ἑνὶ συνυπάρχοντα ἅπαντα γὰρ ὑπάρχει ταῦτα ταῖς κατ ἀρετὴν ἐνεργείαις ταύτας δὲ ἢ μίαν τούτων τὴν ἀρίστην εἶναί φαμεν τὴν εὐδαιμονίαν ἄρισται μὲν	Aristotle	Eustratius of Nicaea	Ethica Nicomachea	In Ethica Nicomachea I	
tlg0086.tlg010	13/#5	ancient_classical	4031.002	/119#1	11th_12th	0.0668	8	16	ᾗ κατήκοόν ἐστιν αὐτοῦ καὶ πειθαρχικόν οὕτω δὴ καὶ τοῦ πατρὸς καὶ τῶν φίλων φαμὲν ἔχειν λόγον καὶ οὐχὥσπερ τῶν μαθηματικῶν ὅτι δὲ πείθεταί πως ὑπὸ λόγου τὸ ἄλογον μηνύει καὶ ἡ νουθέτησις καὶ πᾶσα	Οὕτω δὴ καὶ τοῦ πατρὸς καὶ τῶν φίλων Διττόν φησι εἶναι τὸ ἔχειν λόγον τὸ μὲν ὥσπερ τοῦ πατρὸς καὶ τῶν φίλων ἔχειν λόγον λέγομεν ἤτοι ἐπιστροφὴν καὶ ὑπακοήν τὸ δὲ ὥσπερ τῶν μαθηματικῶν ἤτοι γνῶσιν ἢ αἰτίαν τοῦ τόδε τῷδε ὑπάρχειν οἷον τῷ τριγώνῳ τὸ ἰσόπλευρον ἢ τὸ ἔχειν δύο ὀρθάς τὸ δὴ πρότερον ἁρμόζει λέγεσθαι ἐπὶ τοῦ ὀρεκτοῦ τῆς ψυχῆς Ὅτι δὲ πείθεταί πως ὑπὸ λόγου τὸ ἄλογον Τὸ μετέχειν λόγου τὸ ὀρεκτὸν ἔδειξεν	Aristotle	Eustratius of Nicaea	Ethica Nicomachea	In Ethica Nicomachea I	
tlg0086.tlg010	8/#1	ancient_classical	4031.002	/78#1	11th_12th	0.0552	9	20	σκεπτέον δὲ περὶ αὐτῆς οὐ μόνον ἐκ τοῦ συμπεράσματος καὶ ἐξ ὧν ὁ λόγος ἀλλὰ καὶ ἐκ τῶν λεγομένων περὶ αὐτῆς τῷ μὲν γὰρ ἀληθεῖ πάντα συνᾴδει	Σκεπτέον δὲ περὶ αὐτῆς οὐ μόνον ἐκ τοῦ συμπεράσματος Ἐκ τοῦ λέγειν περὶ τοῦ τῆς εὐδαιμονίας ὁρισμοῦ μεταβὰς εἰς τὸ κοινῶς εἰπεῖν περὶ τῶν ἀρχῶν κάτεισιν εἰς τὴν ἀρχήν ἣν αὐτὸς ἔθετο τὴν εὐδαι μονίαν ὁρισάμενος ἐπεὶ δὲ συλλογισάμενος διὰ πολλῶν συνῆξεν αὐτήν τὸ ὅτι οὐ τὸ διότι ἀποδιδούς φησὶ νῦν ὅτι σκεπτέον περὶ αὐτῆς εἰ ἁρμόδιος ὅρος τῆς εὐδαιμονίας ὁ ἀποδοθεὶς οὐ μόνον ἐκ τοῦ συμπεράσματος ὃ αὐτὴ ἡ ἀρχὴ καὶ ὁ ὅρος ἐστί καὶ ἐξ ὧν ὁ λόγος τουτέστιν ἐκ τῶν προτάσεων ἐξ ὧν ἡ περὶ αὐτοῦ δεῖξις συντέθειται ἀλλὰ πρὸς πλείω πληροφορίαν δεῖ σκοπῆσαι καὶ ἐκ τῶν λεγομένων περὶ αὐτῆς παρά τε τῶν φιλοσόφων καὶ ἑτέρων	Aristotle	Eustratius of Nicaea	Ethica Nicomachea	In Ethica Nicomachea I	
tlg0086.tlg010	8/#3	ancient_classical	4031.002	/81#1	11th_12th	0.054	8	12	ὑπολαμβάνειν καὶ ἐν ἕξει ἢ ἐνεργείᾳ τὴν μὲν γὰρ ἕξιν ἐνδέχεται μηδὲν ἀγαθὸν ἀποτελεῖν ὑπάρχουσαν οἷον τῷ καθεύδοντι ἢ καὶ ἄλλως πως ἐξηργηκότι τὴν δ ἐνέργειαν οὐχ οἷόν τε πράξει γὰρ ἐξ ἀνάγκης καὶ εὖ πράξει ὥσπερ δ Ὀλυμπίασιν	ἐνεργούσῃ εἴη ἂν τὸ ὑπάρχειν διάκενον Τὴν μὲν γὰρ ἕξιν ἐνδέχεται μηδὲν ἀγαθὸν ἀποτελεῖν Διαφορὰν ἐν τούτοις παρίστησι τῆς ἕξεως καὶ τῆς ἐξ αὐτῆς προβαι νούσης ἐνεργείας ὅτι οὐ μικρά ἐστιν εἰ τὴν μὲν ἐνδέχεται μηδὲν ἀποτε λεῖν ἀγαθὸν ἐν τῷ ὑποκειμένῳ οὖσαν ὡς ἐπὶ τοῦ καθεύδοντος τέκτονος ἢ ἄλλου του τεχνίτου ἢ ἐπιστήμονος ἢ νόσῳ τυχὸν ἢ ἀσχολίᾳ τινὶ τῆς ἐνεργείας ἐκκοπτομένου τὴν δ ἐνέργειαν ἀδύνατον μὴ ἀποτελεῖν τὸ τῇ ἕξει ἁρμόδιον ὡς οὖν ἐπὶ τῶν λοιπῶν ἕξεων ἔχει καὶ τῶν κατ αὐτὰς ἐνεργειῶν οὕτω καὶ ἐπὶ τῆς ἀρετῆς πράξει γὰρ ἐξ ἀνάγκης ὁ κατ αὐτὴν ἐνεργῶν καὶ εὖ	Aristotle	Eustratius of Nicaea	Ethica Nicomachea	In Ethica Nicomachea I	
tlg0086.tlg010	8/#3	ancient_classical	4031.002	/81#2	11th_12th	0.0863	9	13	καὶ τῶν ἐν τῷ βίῳ καλῶν κἀγαθῶν οἱ πράττοντες ὀρθῶς ἐπήβολοι γίνονται ἔστι δὲ καὶ ὁ βίος αὐτῶν καθ αὑτὸν ἡδύς τὸ μὲν γὰρ ἥδεσθαι τῶν ψυχικῶν	τῷ βίῳ πολλῶν ἴσως καλῶν καὶ ἀγαθῶν οἱ πράττοντες ὀρθῶς καὶ τὰς ἕξεις ἔργοις ἐπιδεικνύμενοι ἐκεῖνοι ἐπήβολοι γίνονται ἤτοι εὔποροι δόξης καὶ μακαριότητος αἱ δ Ὀλυμπιάδες ἀγῶνες ἐν Ἀρκαδίᾳ τελούμενοι Διὶ Ὀλυμπίῳ Ἔστι δὲ καὶ ὁ βίος αὐτῶν καθ αὑτὸν ἡδὺς ἕως τοῦ τῷ φιλαρέτῳ Δείξας ὅτι	Aristotle	Eustratius of Nicaea	Ethica Nicomachea	In Ethica Nicomachea I	
tlg0086.tlg010	10/#2	ancient_classical	4031.002	/94#2	11th_12th	0.0858	9	15	ὁτὲ μὲν εὐδαίμων πάλιν δ ἄθλιος ἄτοπον δὲ καὶ τὸ μηδὲν μηδ ἐπί τινα χρόνον συνικνεῖσθαι τὰ τῶν ἐκγόνων τοῖς γονεῦσιν ἀλλ ἐπανιτέον ἐπὶ τὸ πρότερον ἀπορηθέν τάχα γὰρ ἂν θεωρηθείη καὶ τὸ	μὲν εὐδαίμονα πῇ δὲ ἄθλιον γίνεσθαι Ἄτοπον δὲ καὶ τὸ μηδὲν μηδ ἐπί τινα χρόνον Τοῦτό ἐστι φησί τὸ μάλιστα τὴν ἀπορίαν ποιοῦν ὅτι ἑκατέρωθεν ὁ λόγος ἔχει τι ἑπόμενον ἄτοπον κἂν γάρ τις ἐρεῖ μὴ συνικνεῖσθαι τοῖς γονεῦσι τὰ τῶν ἐξ αὐτῶν μηδ ἐπί τινα χρόνον ἀκοινώνητον τοῦτο καὶ ἄσπλαγχνον κἂν συνικνεῖσθαί τις εἴπῃ ἀβέβαιον ἔσται τῷ μακαρίως ζή σαντι τὸ μακάριον ταῖς διαφοραῖς τῶν βίων τῶν ἀπογόνων συμμεταπίπτον καὶ αὐτὸ συμμεταβαλλόμενον ὡς καὶ τὰ ἐναντία ποτὲ συντρέχειν ἐν τῷ αὐτῷ καὶ διὰ τάδε μὲν μακαρίζεσθαι διὰ τάδε δὲ ταλανίζεσθαι ἐναντίως πολλάκις ἐχόντων τῶν ἀπογόνων Ἀλλ ἐπανιτέον ἐπὶ τὸ πρότερον ἀπορηθὲν ἕως τοῦ ἀνακυκλεῖσθαι περὶ τοὺς αὐτούς	Aristotle	Eustratius of Nicaea	Ethica Nicomachea	In Ethica Nicomachea I	
tlg0086.tlg010	13/#6	ancient_classical	4031.002	/120#3	11th_12th	0.0888	8	20	τὰς μὲν διανοητικὰς τὰς δὲ ἠθικάς σοφίαν μὲν καὶ σύνεσιν καὶ φρόνησιν διανοητικάς ἐλευθεριότητα δὲ καὶ σωφροσύνην ἠθικάς λέγοντες γὰρ περὶ τοῦ ἤθους οὐ λέγομεν ὅτι σοφὸς ἢ συνετὸς ἀλλ ὅτι πρᾶος ἢ σώφρων ἐπαινοῦμεν δὲ καὶ τὸν σοφὸν κατὰ	κατόρθωσιν Λέγοντες γὰρ περὶ τοῦ ἤθους οὐ λέγομεν ὅτι Ὅτι ἠθικαὶ ἀρεταὶ αἱ εἰρημέναι εἰσίν ἐκ τῆς κοινῆς περὶ αὐτῶν ὑπολήψεως δείκνυσιν ὁπόταν γὰρ περὶ τῶν ἀνθρώπων τινὸς ἐξετάζωμεν ὁποῖος τὸ ἦθός ἐστιν ἐπαινοῦντες κατὰ τοῦτο αὐτὸν οὐ λέγομεν ὅτι σοφὸς ἢ συνετός ἐστιν ἀλλ ὅτι πρᾷος ἢ σώφρων διὰ τί ὅτι σοφία μὲν καὶ σύνεσις ἐκ μαθήσεως περιγίνεται πραότης δὲ καὶ	Aristotle	Eustratius of Nicaea	Ethica Nicomachea	In Ethica Nicomachea I	
tlg0086.tlg010	1/#2	ancient_classical	4031.002	/12#1	11th_12th	0.0704	14	14	αὐτά τούτων γὰρ χάριν κἀκεῖνα διώκεται διαφέρει δ οὐδὲν τὰς ἐνεργείας αὐτὰς εἶναι τὰ τέλη τῶν πράξεων ἢ παρὰ ταύτας ἄλλο τι καθάπερ ἐπὶ τῶν λεχθεισῶν	Διαφέρει δ οὐδὲν τὰς ἐνεργείας αὐτὰς εἶναι τὰ τέλη τῶν πράξεων ἢ παρὰ ταύτας ἔργα τινά Ἐπειδὴ εἶπε διάφορα κατὰ γένος εἶναι τὰ τέλη τῶν τεχνῶν ὡς τῶν μὲν εἶναι ἐνεργείας	Aristotle	Eustratius of Nicaea	Ethica Nicomachea	In Ethica Nicomachea I	
tlg0086.tlg010	2/#1	ancient_classical	4031.002	/14#1	11th_12th	0.0718	8	12	ἆρ οὖν καὶ πρὸς τὸν βίον ἡ γνῶσις αὐτοῦ μεγάλην ἔχει ῥοπήν καὶ καθάπερ τοξόται σκοπὸν ἔχοντες μᾶλλον ἂν τυγχάνοιμεν τοῦ δέοντος εἰ δ οὕτω	ῥοπὴν καὶ καθάπερ τοξόται σκοπὸν ἔχοντες μᾶλλον ἂν τυγχά νοιμεν τοῦ δέοντος Ταῦτα προτρεπτικά εἰσι πρὸς τὴν τοῦ ἀγαθοῦ τούτου ζήτησιν ὡς γὰρ ἤδη δείξας ὅτι ἔστι προτρέπεται νῦν τί ἐστιν ἐξετάσαι ἐπεὶ οὖν φησίν ἔστι τι τοιοῦτον ὃ κοινόν ἐστι τέλος πάντων τῶν ἐκ πράξεως κατορθου μένων συντελοίη ἂν ἡ γνῶσις αὐτοῦ μεγάλως πρὸς τὸν βίον τὸν ἡμέτερον ὥστε ἔχειν αὐτὸν εὖ εἴτε γὰρ οὐκ ἔστι τοιοῦτόν τι μάταιον περὶ τοῦ μὴ ὄντος ζητεῖν εἴτε ἔστι μέν οὐδὲν δὲ ἡμῖν ἡ αὐτοῦ γνῶσις λυσιτελεῖ καὶ οὕτως περιττὸν τὸ ζητεῖν περὶ πράγματος οὗ ἡ γνῶσις οὐδεμίαν ἡμῖν παρέχεται λυσιτέλειαν εἰ δὲ καὶ ἔστι καὶ ἡ γνῶσις αὐτοῦ μεγάλην ἡμῖν ῥοπὴν δίδωσι πρὸς κατόρθωσιν δεῖ δὴ σπουδὴν	Aristotle	Eustratius of Nicaea	Ethica Nicomachea	In Ethica Nicomachea I	
tlg0086.tlg010	5/#1	ancient_classical	4031.002	/36#3	11th_12th	0.0773	13	13	ἐοίκασι τὴν τιμὴν διώκειν ἵνα πιστεύσωσιν ἑαυτοὺς ἀγαθοὺς εἶναι ζητοῦσι γοῦν ὑπὸ τῶν φρονίμων τιμᾶσθαι καὶ παρ οἷς γινώσκονται καὶ ἐπ ἀρετῇ δῆλον οὖν ὅτι κατά	τὴν τιμὴν διὰ τὴν πίστιν τῆς ἑαυτῶν ἀγαθότητος φησὶ ζητοῦσι γοῦν ὑπὸ τῶν φρονίμων τιμᾶσθαι καὶ παρ οἷς γινώσκονται καὶ	Aristotle	Eustratius of Nicaea	Ethica Nicomachea	In Ethica Nicomachea I	
tlg0086.tlg010	5/#1	ancient_classical	4031.002	/36#4	11th_12th	0.1094	15	15	ἐοίκασι τὴν τιμὴν διώκειν ἵνα πιστεύσωσιν ἑαυτοὺς ἀγαθοὺς εἶναι ζητοῦσι γοῦν ὑπὸ τῶν φρονίμων τιμᾶσθαι καὶ παρ οἷς γινώσκονται καὶ ἐπ ἀρετῇ δῆλον οὖν ὅτι κατά γε τούτους	τὴν τιμὴν διὰ τὴν πίστιν τῆς ἑαυτῶν ἀγαθότητος φησὶ ζητοῦσι γοῦν ὑπὸ τῶν φρονίμων τιμᾶσθαι καὶ παρ οἷς γινώσκονται καὶ ἐπ ἀρετῇ ὅτι γάρ φησίν οὐ καθ αὑτὸ	Aristotle	Eustratius of Nicaea	Ethica Nicomachea	In Ethica Nicomachea I	
tlg0086.tlg010	5/#2	ancient_classical	4031.002	/36#3	11th_12th	0.0796	13	13	ἵνα πιστεύσωσιν ἑαυτοὺς ἀγαθοὺς εἶναι ζητοῦσι γοῦν ὑπὸ τῶν φρονίμων τιμᾶσθαι καὶ παρ οἷς γινώσκονται καὶ ἐπ ἀρετῇ δῆλον οὖν ὅτι κατά	τὴν τιμὴν διὰ τὴν πίστιν τῆς ἑαυτῶν ἀγαθότητος φησὶ ζητοῦσι γοῦν ὑπὸ τῶν φρονίμων τιμᾶσθαι καὶ παρ οἷς γινώσκονται καὶ	Aristotle	Eustratius of Nicaea	Ethica Nicomachea	In Ethica Nicomachea I	
tlg0086.tlg010	6/#2	ancient_classical	4031.002	/44#1	11th_12th	0.0733	8	18	οὐκ ἂν εἴη κοινή τις ἐπὶ τούτοις ἰδέα ἔτι δ ἐπεὶ τἀγαθὸν ἰσαχῶς λέγεται τῷ ὄντι καὶ γὰρ ἐν τῷ τί λέγεται οἷον ὁ θεὸς καὶ ὁ νοῦς καὶ ἐν τῷ ποιῷ αἱ ἀρεταί καὶ ἐν τῷ ποσῷ τὸ μέτριον καὶ ἐν τῷ πρός τι τὸ χρήσιμον καὶ ἐν χρόνῳ καιρός καὶ ἐν τόπῳ δίαιτα καὶ ἕτερα τοιαῦτα δῆλον ὡς οὐκ ἂν εἴη κοινόν τι καθόλου καὶ ἕν οὐ γὰρ ἂν	εἶτ ἐπιφέρει τὸ συμπέ ρασμα ὥστ οὐκ ἂν εἴη κοινή τις ἰδέα ἐπὶ τούτοις ἐν οἷς δηλονότι θεωρεῖται τὸ πρότερον καὶ τὸ ὕστερον Ἔτι δ ἐπεὶ τἀγαθὸν ἰσαχῶς λέγεται τῷ ὄντι Δεύτερον ἐπιχείρημα δεικνύον καὶ αὐτὸ ὅτι	Aristotle	Eustratius of Nicaea	Ethica Nicomachea	In Ethica Nicomachea I	
tlg0086.tlg010	7/#7	ancient_classical	4031.002	/74#3	11th_12th	0.0281	8	19	ἐν ἅπασιν ἐπιζητεῖν ἀλλ ἐν ἑκάστοις κατὰ τὴν ὑποκειμένην ὕλην καὶ ἐπὶ τοσοῦτον ἐφ ὅσον οἰκεῖον τῇ μεθόδῳ καὶ γὰρ τέκτων καὶ γεωμέτρης διαφερόντως ἐπιζητοῦσι τὴν ὀρθήν ὃ μὲν γὰρ ἐφ ὅσον χρησίμη πρὸς τὸ ἔργον ὃ δὲ τί ἐστιν ἢ ποῖόν τι θεατὴς γὰρ τἀληθοῦς τὸν αὐτὸν δὴ τρόπον καὶ ἐν τοῖς ἄλλοις ποιητέον ὅπως μὴ τὰ πάρεργα τῶν ἔργων πλείω γίνηται οὐκ ἀπαιτητέον δ οὐδὲ τὴν αἰτίαν	καὶ θεωρεῖν ἡ ἐπιστήμη αὐτοῖς ἐπαγγέλλεται Τὸν αὐτὸν δὲ τρόπον καὶ ἐν τοῖς ἄλλοις Εἰς παράστασιν τοῦ ὅτι κατὰ τὴν ὑποκειμένην ὕλην δεῖ ζητεῖν τὴν ἀκρίβειαν λαβὼν εἰς παράδειγμα τὴν ὀρθὴν καὶ δείξας ἐκ ταύτης ὅτι καὶ ἐν ἑνὶ πολλάκις ὑποκειμένῳ διαφόρως πέφυκε ζητεῖσθαι ἡ ἀκρίβεια διὰ τὸ τῶν μεθόδων διάφορον αἳ περὶ αὐτὸ καταγίνονται πρὸς τὸ καθόλου τὸν λόγον ἀνήνεγκεν ὡς δέον οὕτω κἀν τοῖς ἄλλοις ποιεῖν εἶτα καὶ αἰτίαν λέγει δι ἣν συλληπτικῶς εἶπε καὶ οὐκ εἰς πλείω αὐτὰ ἐξέτεινε παραδεί γματα ὅπως γάρ φησι μὴ τὰ πάρεργα τῶν ἔργων πλείω γίγνηται τὸ γὰρ προκείμενόν ἐστιν ἀναγράψαι τὴν	Aristotle	Eustratius of Nicaea	Ethica Nicomachea	In Ethica Nicomachea I	
tlg0086.tlg010	12/#2	ancient_classical	4031.002	/106#2	11th_12th	0.0159	8	13	τε γὰρ θεοὺς μακαρίζομεν καὶ εὐδαιμονίζομεν καὶ τῶν ἀνδρῶν τοὺς θειοτάτους μακαρίζομεν ὁμοίως δὲ καὶ τῶν ἀγαθῶν οὐδεὶς γὰρ τὴν εὐδαιμονίαν ἐπαινεῖ καθάπερ τὸ δίκαιον ἀλλ	φύσεσι μακαρίζοντες αὐτοὺς καὶ εὐδαιμονίζοντες ὁμοίως καὶ τῶν ἀνδρῶν τοὺς θειοτάτους οὗτοι δ εἰσὶν ὅσοι τῆς ὕλης πάντῃ κατὰ σχέσιν ἀναχω ρήσαντες ἔξω τε σαρκὸς καὶ κόσμου γενόμενοι ζῶσιν ὑπὲρ ἅπαντα τὰ ὁρώμενα καὶ τὸν νοῦν ἔχουσι ταῖς θείαις συνόντα καὶ συγχορεύοντα καὶ συναγαλλόμενον φύσεσι καὶ κατ ἐνέργειαν ἀεὶ ζῶσιν ἀδιακόπως ὑπὸ τοῦ πρώτου φωτὸς ἐλλαμπόμενοι διὸ οὐδ ἀναφορὰ αὐτοῖς ἐστι πρὸς ἐνέργειαν ἀπὸ τῶν ἕξεων ὥστ οὐδὲ ὁ ἔπαινος αὐτοῖς ἐφαρμόζει Ὁμοίως δὲ καὶ τῶν ἀγαθῶν οὐδεὶς γὰρ τὴν εὐδαι μονίαν Περὶ τῶν οὐσιῶν εἰπὼν	Aristotle	Eustratius of Nicaea	Ethica Nicomachea	In Ethica Nicomachea I	
tlg0086.tlg010	13/#2	ancient_classical	4031.002	/111#2	11th_12th	0.0392	9	9	ἐξακριβοῦν ἐργωδέστερον ἴσως ἐστὶ τῶν προκειμένων λέγεται δὲ περὶ αὐτῆς καὶ ἐν τοῖς ἐξωτερικοῖς λόγοις ἀρκούντως ἔνια καὶ χρηστέον αὐτοῖς οἷον	τὸ εἶναι πλεῖστα ζητούμενα περὶ αὐτῆς Λέγεται δὲ περὶ αὐτῆσ καὶ ἐν τοῖς ἐξωτερικοῖς λόγοις Τῶν Ἀριστοτελικῶν συγγραμμάτων τὰ μὲν πρὸς	Aristotle	Eustratius of Nicaea	Ethica Nicomachea	In Ethica Nicomachea I	
tlg0086.tlg010	13/#6	ancient_classical	4031.002	/120#2	11th_12th	0.0338	8	17	τοῦ πατρὸς ἀκουστικόν τι διορίζεται δὲ καὶ ἡ ἀρετὴ κατὰ τὴν διαφορὰν ταύτην λέγομεν γὰρ αὐτῶν τὰς μὲν διανοητικὰς τὰς δὲ ἠθικάς σοφίαν μὲν καὶ σύνεσιν καὶ φρόνησιν διανοητικάς ἐλευθεριότητα δὲ καὶ σωφροσύνην ἠθικάς λέγοντες γὰρ περὶ τοῦ ἤθους οὐ λέγομεν ὅτι σοφὸς ἢ συνετὸς ἀλλ ὅτι πρᾶος	ποιησάμενος τὴν διαίρεσιν διαιρεῖται οὖν φησί καὶ ἡ ἀρετὴ κατὰ τὴν τούτων τῶν δύο διαφοράν ὡς εἶναι τὰς μὲν διανοη τικάς ὅσαι τοῦ λόγου καθ ἑαυτόν αἵ εἰσι σοφία καὶ σύνεσις καὶ φρόνησις τὰς δὲ ἠθικάς οἷον ἐλευθεριότα σωφροσύνην καὶ ὅσαι ἄλλαι κατορθοῦνται ὑπὸ τοῦ λόγου τὰς ὁρμὰς καὶ ὀρέξεις τῆς μέσης ζωῆς παιδαγωγοῦντός τε καὶ ῥυθμίζοντος αἵτινες καὶ ἠθικαὶ ἀρεταὶ διὰ τὸ ἐκ συνηθείας καὶ ἀσκήσεως δέχεσθαι τὴν κατόρθωσιν Λέγοντες γὰρ περὶ τοῦ ἤθους οὐ λέγομεν ὅτι Ὅτι ἠθικαὶ ἀρεταὶ αἱ εἰρημέναι εἰσίν	Aristotle	Eustratius of Nicaea	Ethica Nicomachea	In Ethica Nicomachea I	
tlg0086.tlg010	1/#1	ancient_classical	4031.002	/8#2	11th_12th	0.0339	15	19	τέχνη καὶ πᾶσα μέθοδος ὁμοίως δὲ πρᾶξίς τε καὶ προαίρεσις ἀγαθοῦ τινὸς ἐφίεσθαι δοκεῖ διὸ καλῶς ἀπεφήναντο τἀγαθόν οὗ πάντ ἐφίεται διαφορὰ δέ τις φαίνεται τῶν τελῶν τὰ μὲν γάρ εἰσιν ἐνέργειαι τὰ δὲ παρ αὐτὰς ἔργα τινά ὧν δ εἰσὶ τέλη	καὶ οὕτως μόνως ἔσται τοῖς κατὰ πρᾶξίν τε καὶ προαίρεσιν ἡ κατόρθωσις λόγου προηγουμένου καὶ φῶς αὐτοῖς τῆς τοῦ καλοῦ καὶ τοῦ ἀγαθοῦ γνώσεως ὑπανάπτοντος τέχνη δὲ προτέτακται μεθόδου καὶ πρᾶξις προαιρέσεως κατὰ τὴν τοῦ Ἀριστοτέλους συνήθειαν τὴν φύσιν μιμουμένου ἀπὸ τῶν ἀτελεστέρων ὡς ἐπίπαν ἀρχο μένην ἐν ταῖς γενέσεσι καὶ προβαίνουσαν οὕτως ἐπὶ τὰ τελεώτερα τελειο τέρα δὲ καὶ κοινοτέρα τῆς τέχνης ἡ μέθοδος κυριωτέρα δὲ καὶ αἰτιωτέρα προαίρεσις πράξεως πρότερον γὰρ προαιρούμεθα τόδε τοῦδε τῶν πρακτέων προκρίνοντες καὶ οὕτως ἐπὶ τὴν πρᾶξιν ἐρχόμεθα Διαφορὰ δέ τις φαίνεται τῶν τελῶν τὰ μὲν γάρ εἰσιν ἐνέργειαι τὰ δὲ παρὰ ταύτας	Aristotle	Eustratius of Nicaea	Ethica Nicomachea	In Ethica Nicomachea I	
tlg0086.tlg010	1/#1	ancient_classical	4031.002	/5#2	11th_12th	0.079	8	15	πᾶσα τέχνη καὶ πᾶσα μέθοδος ὁμοίως δὲ πρᾶξίς τε καὶ προαίρεσις ἀγαθοῦ τινὸς ἐφίεσθαι δοκεῖ διὸ καλῶς ἀπεφήναντο τἀγαθόν οὗ πάντ	τοῖς ἄλλοις ἅπασιν ἐπιβοώμενοι γενέσθαι συλλήπτορα Πᾶσα τέχνη καὶ πᾶσα μέθοδος ὁμοίως δὲ καὶ πρᾶξίς τε καὶ προαίρεσις ἀγαθοῦ τινος ἐφίεσθαι δοκεῖ Συνήθως ὁ Ἀριστοτέλης τὸ καθόλου προτάττει	Aristotle	Eustratius of Nicaea	Ethica Nicomachea	In Ethica Nicomachea I	
tlg0086.tlg010	2/#2	ancient_classical	4031.002	/17#2	11th_12th	0.0992	9	12	ἑνὶ μόνῳ κάλλιον δὲ καὶ θειότερον ἔθνει καὶ πόλεσιν ἡ μὲν οὖν μέθοδος τούτων ἐφίεται πολιτική τις οὖσα ἐπεὶ οὖν ἡ παροῦσα πραγματεία οὐ	κάλλιον ἐστὶ καὶ θειότερον εἰ ἐν ἔθνει καὶ πόλεσιν ἡ τοῦ ἀγαθοῦ κατόρθωσις γί νεται κάλλιον μέν ὡς ἐπὶ πλειόνων ἐξαπλουμένης τῆς καλλονῆς καὶ πλείονος γινομένης τῆς κοσμιότητος ὥσπερ εἴ τις ἐρεῖ φωτεινότερον εἶναι φῶς τὸ εἰς πλεῖον διάστημα ἐξαπλούμενον τοῦ ἐξαπλουμένου εἰς ἔλαττον θειότερον δέ ὅτι τὸ ἀγαθοποιεῖν θεῖον ἔργον ἐστίν ὅσῳ οὖν πλείω τὰ ἀγαθοποιούμενά τε καὶ βελτιούμενα τοσούτῳ πλείων ἡ ἀγαθοποίησις καὶ διὰ τοῦτο καὶ τὸ ἔργον θειότερον Ἡ μὲν οὖν μέθοδος τούτων ἐφίεται πολιτική τις οὖσα λέγοιτο δ ἂν ἱκανῶς εἰ κατὰ	Aristotle	Eustratius of Nicaea	Ethica Nicomachea	In Ethica Nicomachea I	
tlg0086.tlg010	4/#1	ancient_classical	4031.002	/29#2	11th_12th	0.0561	9	15	πλοῦτον ἢ τιμήν ἄλλοι δ ἄλλο πολλάκις δὲ καὶ ὁ αὐτὸς ἕτερον νοσήσας μὲν γὰρ ὑγίειαν πενόμενος δὲ πλοῦτον συνειδότες δ ἑαυτοῖς ἄγνοιαν τοὺς μέγα τι καὶ ὑπὲρ αὐτοὺς λέγοντας θαυμάζουσιν ἔνιοι δ ᾤοντο παρὰ τὰ πολλὰ ταῦτα ἀγαθὰ ἄλλο τι καθ αὑτὸ εἶναι	ἕκαστος ἄλλοι δὲ ἄλλο τι τοιοῦτον πολλάκις δὲ καὶ ὁ αὐτὸς ἕτερον νοσήσας μὲν γάρ τις μακα ρίους κρίνει τοὺς ὑγιαίνοντας καὶ κρεῖττον πάντων ἀποφαίνεται τὴν ὑγείαν ὑπὸ πενίας δὲ στενούμενος τὸν πλοῦτον ὑπερτίθησιν οὕτω μὲν οἱ πολλοί σοφίας δέ τις ἐπιμελόμενος καὶ συνειδὼς ἑαυτῷ λειπομένῳ τινὸς κατὰ σο φίαν θαυμάζει τὸν ὑπὲρ αὐτὸν εἰδότα καὶ λέγοντα Ἔνιοι δὲ ᾤοντο παρὰ τὰ πολλὰ ταῦτα Τοῦτο περὶ Πλάτωνος ἔοικεν εἰρῆσθαι ὃς	Aristotle	Eustratius of Nicaea	Ethica Nicomachea	In Ethica Nicomachea I	
tlg0086.tlg010	5/#2	ancient_classical	4031.002	/36#4	11th_12th	0.1155	15	15	ἵνα πιστεύσωσιν ἑαυτοὺς ἀγαθοὺς εἶναι ζητοῦσι γοῦν ὑπὸ τῶν φρονίμων τιμᾶσθαι καὶ παρ οἷς γινώσκονται καὶ ἐπ ἀρετῇ δῆλον οὖν ὅτι κατά γε τούτους	τὴν τιμὴν διὰ τὴν πίστιν τῆς ἑαυτῶν ἀγαθότητος φησὶ ζητοῦσι γοῦν ὑπὸ τῶν φρονίμων τιμᾶσθαι καὶ παρ οἷς γινώσκονται καὶ ἐπ ἀρετῇ ὅτι γάρ φησίν οὐ καθ αὑτὸ	Aristotle	Eustratius of Nicaea	Ethica Nicomachea	In Ethica Nicomachea I	
tlg0086.tlg010	5/#2	ancient_classical	4031.002	/38#1	11th_12th	0.0939	13	13	ἐν τοῖς ἐγκυκλίοις εἴρηται περὶ αὐτῶν τρίτος δ ἐστὶν ὁ θεωρητικός ὑπὲρ οὗ τὴν ἐπίσκεψιν ἐν τοῖς ἑπομένοις ποιησόμεθα ὁ δὲ χρηματιστὴς βίαιός τις ἐστίν	αὐτοῦ τοσοῦτον μόνον ἐν τούτοις εἰπὼν τρίτος δ ἐστὶν ὁ θεωρητικός ὑπὲρ οὗ τὴν ἐπίσκεψιν ἐν τοῖς ἑπομένοις ποιησόμεθα ἐν γὰρ τῷ Κάππα τῆς παρούσης	Aristotle	Eustratius of Nicaea	Ethica Nicomachea	In Ethica Nicomachea I	
tlg0086.tlg010	6/#4	ancient_classical	4031.002	/52#2	11th_12th	0.0506	9	13	σκεψώμεθα εἰ λέγεται κατὰ μίαν ἰδέαν καθ αὑτὰ δὲ ποῖα θείη τις ἄν ἢ ὅσα καὶ μονούμενα διώκεται οἷον τὸ φρονεῖν καὶ ὁρᾶν καὶ ἡδοναί τινες καὶ τιμαί ταῦτα γὰρ εἰ καὶ δι ἄλλο τι διώκομεν ὅμως τῶν καθ αὑτὰ ἀγαθῶν θείη τις ἄν ἢ οὐδ ἄλλο οὐδὲν πλὴν τῆς ἰδέας	ἐπαγωγῆς δείκνυσιν ὁριζόμενος ἅμα καὶ λέγων Καθ αὑτὰ δὲ ποῖα θείη τις ἄν ἢ ὅσα Δείκνυσιν ἤδη διὰ τῆς ἐπαγωγῆς ὡς	Aristotle	Eustratius of Nicaea	Ethica Nicomachea	In Ethica Nicomachea I	
tlg0086.tlg010	10/#3	ancient_classical	4031.002	/96#2	11th_12th	0.0345	8	8	εὐδαιμονίας αἱ δ ἐναντίαι τοῦ ἐναντίου μαρτυρεῖ δὲ τῷ λόγῳ καὶ τὸ νῦν διαπορηθέν περὶ οὐδὲν γὰρ οὕτως ὑπάρχει τῶν	παρὰ τὸ φαινόμενον ὑπάρ χειν ὑπολαμβάνοντες Μαρτυρεῖ δὲ τῷ λόγῳ καὶ τὸ νῦν διαπορηθέν Τὸ προσφάτως ζητηθὲν τὴν κίνησιν ἔσχεν ἐκ τοῦ μόνιμον τὴν εὐδαι μονίαν ὑπολαμβάνεσθαι ὅτι οὖν φησίν οὐ δεῖ τὰς τύχας τῆς εὐδαιμονίας αἰτίας ἐπιγράφεσθαι ἀλλὰ τὰς ἀρετὰς λέγειν κατορθωτικὰς αὐτῆς δηλοῖ καὶ τὸ νῦν διαπορηθέν εἰ γὰρ βέβαιον ἡ εὐδαιμονία πῶς	Aristotle	Eustratius of Nicaea	Ethica Nicomachea	In Ethica Nicomachea I	
tlg0086.tlg010	10/#6	ancient_classical	4031.002	/100#3	11th_12th	0.0666	9	9	ἀτυχημάτων ἀλλ ὑπὸ μεγάλων καὶ πολλῶν ἔκ τε τῶν τοιούτων οὐκ ἂν γένοιτο πάλιν εὐδαίμων ἐν ὀλίγῳ χρόνῳ ἀλλ εἴπερ ἐν	εἴπερ μεγάλα καὶ πολλὰ συμβαίη αὐτῷ Ἔκ τε τῶν τοιούτων οὐκ ἂν γένοιτο πάλιν εὐδαίμων Καὶ τοῦτο τοῦ βεβαίου προστίθησιν ἕνεκεν	Aristotle	Eustratius of Nicaea	Ethica Nicomachea	In Ethica Nicomachea I	
tlg0086.tlg010	13/#1	ancient_classical	4031.002	/109#1	11th_12th	0.0472	8	8	καὶ εἴ τινες ἕτεροι τοιοῦτοι γεγένηνται εἰ δὲ τῆς πολιτικῆς ἐστὶν ἡ σκέψις αὕτη δῆλον ὅτι γίνοιτ ἂν ἡ ζήτησις	ποιοῦντες καὶ τοῖς κειμένοις νόμοις ὑπείκοντας Εἰ δὲ τῆς πολιτικῆς ἐστιν ἡ σκέψις αὕτη Ὅτι μὲν ἡ περὶ ἀρετῆς σκέψις	Aristotle	Eustratius of Nicaea	Ethica Nicomachea	In Ethica Nicomachea I	
tlg0086.tlg010	2/#2	ancient_classical	4031.002	/16#2	11th_12th	0.0796	12	12	καὶ τὰς ἐντιμοτάτας τῶν δυνάμεων ὑπὸ ταύτην οὔσας οἷον στρατηγικὴν οἰκονομικὴν ῥητορικήν χρωμένης δὲ ταύτης ταῖς λοιπαῖς πρακτικαῖς	εὐφραινόμεναι καὶ σπουδῆς ἀπεχόμεναι Ὁρῶμεν δὲ καὶ τὰς ἐντιμοτάτας τῶν δυνάμεων ὑπὸ ταύτην οὔσας οἷον στρατηγικὴν οἰκονομικὴν ῥητορικήν Τὴν ὑπεροχὴν τῆς πολιτικῆς ἐκ τούτων	Aristotle	Eustratius of Nicaea	Ethica Nicomachea	In Ethica Nicomachea I	
tlg0086.tlg010	5/#1	ancient_classical	4031.002	/34#1	11th_12th	0.0436	8	8	οὐκ ἀλόγως ἐοίκασιν ἐκ τῶν βίων ὑπολαμβάνειν οἱ μὲν πολλοὶ καὶ φορτικώτατοι τὴν ἡδονήν διὸ καὶ τὸν βίον ἀγαπῶσι τὸν	τόδε εἶναι τὴν εὐδαιμονίαν ἢ τόδε ὑπολαμβάνουσιν οἱ μὲν πολλοὶ καὶ φορτικώτατοι τὴν ἡδονήν ἐπικρατεῖ γὰρ τῶν πλειόνων τὸ ῥᾷον	Aristotle	Eustratius of Nicaea	Ethica Nicomachea	In Ethica Nicomachea I	
tlg0086.tlg010	6/#3	ancient_classical	4031.002	/49#1	11th_12th	0.0381	9	9	μὲν ἰατρικὴ ἐν πόνοις δὲ γυμναστική ἀπορήσειε δ ἄν τις τί ποτε καὶ βούλονται λέγειν αὐτοέκαστον εἴπερ ἔν τε αὐτοανθρώπῳ καὶ	ὁ βουλόμενος ἀναλεγέσθω τὰ παρ ἐκείνοις Ἀπορήσειε δ ἄν τις τί ποτε καὶ βούλονται λέγειν Οὗτος ὁ λόγος οὐ πρὸς τὸ	Aristotle	Eustratius of Nicaea	Ethica Nicomachea	In Ethica Nicomachea I	
tlg0086.tlg010	6/#5	ancient_classical	4031.002	/55#2	11th_12th	0.0434	9	15	λέγεται οὐ γὰρ ἔοικε τοῖς γε ἀπὸ τύχης ὁμωνύμοις ἀλλ ἆρά γε τῷ ἀφ ἑνὸς εἶναι ἢ πρὸς ἓν ἅπαντα συντελεῖν ἢ μᾶλλον κατ ἀναλογίαν ὡς γὰρ	ἐστίν οὐκ ἂν εἴη ὡς τὰ ἀπὸ τύχης ὁμώνυμα Ἀλλ ἆρά γε φησιν τῷ ἀφ ἑνὸς εἶναι ἢ πρὸς ἓν πάντα συντελεῖν Πολλῶν ὄντων τρόπων καθ οὓς τίθεται	Aristotle	Eustratius of Nicaea	Ethica Nicomachea	In Ethica Nicomachea I	
tlg0086.tlg010	7/#5	ancient_classical	4031.002	/67#3	11th_12th	0.0418	10	14	οὖν δὴ τοῦτ ἂν εἴη ποτέ τὸ μὲν γὰρ ζῆν κοινὸν εἶναι φαίνεται καὶ τοῖς φυτοῖς ζητεῖται δὲ τὸ ἴδιον ἀφοριστέον ἄρα τήν τε θρεπτικὴν καὶ	καὶ τὸ τέλος ἴδιον αὐτοῦ περιγράφεται Τὸ μὲν γὰρ ζῆν φησι κοινὸν εἶναι φαίνεται καὶ τοῖς φυτοῖς ζητεῖται δὲ τὸ ἴδιον Ἔστι μὲν γὰρ καὶ τοῖς φυτοῖς	Aristotle	Eustratius of Nicaea	Ethica Nicomachea	In Ethica Nicomachea I	
tlg0086.tlg010	7/#6	ancient_classical	4031.002	/71#2	11th_12th	0.0642	8	8	ἀρεταί κατὰ τὴν ἀρίστην καὶ τελειοτάτην ἔτι δ ἐν βίῳ τελείῳ μία γὰρ χελιδὼν ἔαρ οὐ ποιεῖ οὐδὲ μία ἡμέρα	οἰκεῖα καὶ μὴ ἀποπῖπτον τοῦ δέοντος Ἔτι δ ἐν βίῳ τελείῳ μία γὰρ χελιδών Ἑτέρα παρατήρησις ἣν δεῖ φυλάττειν θεωρεῖν	Aristotle	Eustratius of Nicaea	Ethica Nicomachea	In Ethica Nicomachea I	
tlg0086.tlg010	7/#7	ancient_classical	4031.002	/71#3	11th_12th	0.0682	8	8	οὕτω δὲ οὐδὲ μακάριον καὶ εὐδαίμονα μία ἡμέρα οὐδ ὀλίγος χρόνος περιγεγράφθω μὲν οὖν τἀγαθὸν ταύτῃ δεῖ	παρατάσει τῆς ὥρας ταύτης ἁρμόδιος οὕτως οὐδὲ μακάριον καὶ εὐδαίμονα μία ἡμέρα ἢ ὀλίγος χρόνος ποιεῖ ἀλλὰ δεῖ διὰ τέλους παραμένειν	Aristotle	Eustratius of Nicaea	Ethica Nicomachea	In Ethica Nicomachea I	
tlg0086.tlg010	13/#2	ancient_classical	4031.002	/112#1	11th_12th	0.0367	10	14	προκειμένων λέγεται δὲ περὶ αὐτῆς καὶ ἐν τοῖς ἐξωτερικοῖς λόγοις ἀρκούντως ἔνια καὶ χρηστέον αὐτοῖς οἷον τὸ μὲν ἄλογον αὐτῆς εἶναι τὸ δὲ λόγον ἔχον ταῦτα δὲ πότερον διώρισται καθάπερ τὰ	Εἰπὼν ὅτι ἐν τοῖς ἐξωτερικοῖς λόγοις ἱκανῶς περὶ ψυχῆς εἴρηται οὐχ ὅτι τελείως ἐν ἐκείνοις ἡ περὶ αὐτῆς παραδίδοται θεωρία ἀλλ ὅτι τοσοῦτον ὅσον ἀρκεῖν τὰ ἐκεῖσε λεγόμενα πρὸς τὴν προκειμένην τῶν ἀρετῶν διδασκα λίαν λέγει καὶ τίνα τὰ ἐν ἐκείνοις εἰρημένα ἐστίν φησὶ γὰρ οἷον τὸ μὲν ἄλογον αὐτῆς εἶναι τὸ δὲ λόγον ἔχον καὶ ἔτι οὐδὲ τὸ ἄλογον τῆς	Aristotle	Eustratius of Nicaea	Ethica Nicomachea	In Ethica Nicomachea I	
tlg0086.tlg010	13/#6	ancient_classical	4031.002	/119#1	11th_12th	0.0646	8	8	ἔχειν λόγον καὶ οὐχὥσπερ τῶν μαθηματικῶν ὅτι δὲ πείθεταί πως ὑπὸ λόγου τὸ ἄλογον μηνύει καὶ ἡ νουθέτησις καὶ πᾶσα	λέγεσθαι ἐπὶ τοῦ ὀρεκτοῦ τῆς ψυχῆς Ὅτι δὲ πείθεταί πως ὑπὸ λόγου τὸ ἄλογον Τὸ μετέχειν λόγου τὸ ὀρεκτὸν ἔδειξεν	Aristotle	Eustratius of Nicaea	Ethica Nicomachea	In Ethica Nicomachea I	
tlg0086.tlg010	3/#1	ancient_classical	4031.002	/17#2	11th_12th	0.0406	10	10	λέγοιτο δ ἂν ἱκανῶς εἰ κατὰ τὴν ὑποκειμένην ὕλην διασαφηθείη τὸ γὰρ ἀκριβὲς οὐχ ὁμοίως ἐν	μέθοδος τούτων ἐφίεται πολιτική τις οὖσα λέγοιτο δ ἂν ἱκανῶς εἰ κατὰ τὴν ὑποκειμένην ὕλην διασαφηθείη Μέχρι μὲν τῶν εἰρημένων τὸ πρῶτον	Aristotle	Eustratius of Nicaea	Ethica Nicomachea	In Ethica Nicomachea I	
tlg0086.tlg010	3/#1	ancient_classical	4031.002	/18#2	11th_12th	0.0422	10	14	λέγοιτο δ ἂν ἱκανῶς εἰ κατὰ τὴν ὑποκειμένην ὕλην διασαφηθείη τὸ γὰρ ἀκριβὲς οὐχ ὁμοίως ἐν ἅπασι τοῖς λόγοις ἐπιζητητέον ὥσπερ οὐδ ἐν τοῖς δημιουργουμένοις τὰ δὲ καλὰ καὶ τὰ δίκαια περὶ ὧν ἡ πολιτικὴ σκοπεῖται πολλὴν	κατορθοῖ πολιτικὸς δὲ ἀνὴρ ὁ τὰ καλὰ καὶ τὰ δίκαια αὐτός τε εἰδὼς ἀφ ἑαυτοῦ καὶ διδάσκων ἐν πόλεσι καὶ τῆς τελειό τητος ἐν πολλοῖς ἐφικνούμενος πολίτῃ δὲ ἱκανὸν ᾗ πολίτης ἐστίν εἰ καθ ἑαυτὸν εἴη τὰ δέοντα κατορθῶν καὶ κοινωνὸς ἀγαθὸς τοῖς πολιτευομένοις γινόμενος Λέγοιτο δ ἂν ἱκανῶς εἰ κατὰ τὴν ὑποκειμένην ὕλην διασαφηθείη ἐντεῦθεν τοῦ δευτέρου προοιμίου ἀπάρχεται διδάσκων	Aristotle	Eustratius of Nicaea	Ethica Nicomachea	In Ethica Nicomachea I	
tlg0086.tlg010	7/#6	ancient_classical	4031.002	/70#3	11th_12th	0.0256	8	8	εὖ κατὰ τὴν οἰκείαν ἀρετὴν ἀποτελεῖται εἰ δ οὕτω τὸ ἀνθρώπινον ἀγαθὸν ψυχῆς ἐνέργεια γίνεται κατ ἀρετήν εἰ δὲ πλείους	ἐν ταῖς ἐνεργείαις καὶ ταῖς προχειρίσεσιν Εἰ δ οὕτω τὸ ἀνθρώπινον ἀγαθὸν ψυχῆς ἐνέργεια Ὡς ἐκ περιόδου τὴν περὶ τῆς	Aristotle	Eustratius of Nicaea	Ethica Nicomachea	In Ethica Nicomachea I	
tlg0086.tlg010	7/#6	ancient_classical	4031.002	/71#3	11th_12th	0.0707	8	8	ποιεῖ οὐδὲ μία ἡμέρα οὕτω δὲ οὐδὲ μακάριον καὶ εὐδαίμονα μία ἡμέρα οὐδ ὀλίγος χρόνος περιγεγράφθω μὲν οὖν τἀγαθὸν ταύτῃ δεῖ	παρατάσει τῆς ὥρας ταύτης ἁρμόδιος οὕτως οὐδὲ μακάριον καὶ εὐδαίμονα μία ἡμέρα ἢ ὀλίγος χρόνος ποιεῖ ἀλλὰ δεῖ διὰ τέλους παραμένειν	Aristotle	Eustratius of Nicaea	Ethica Nicomachea	In Ethica Nicomachea I	
tlg0086.tlg010	7/#8	ancient_classical	4031.002	/74#3	11th_12th	0.018	8	15	τἀληθοῦς τὸν αὐτὸν δὴ τρόπον καὶ ἐν τοῖς ἄλλοις ποιητέον ὅπως μὴ τὰ πάρεργα τῶν ἔργων πλείω γίνηται οὐκ ἀπαιτητέον δ οὐδὲ τὴν αἰτίαν	καὶ θεωρεῖν ἡ ἐπιστήμη αὐτοῖς ἐπαγγέλλεται Τὸν αὐτὸν δὲ τρόπον καὶ ἐν τοῖς ἄλλοις Εἰς παράστασιν τοῦ ὅτι κατὰ τὴν ὑποκειμένην ὕλην δεῖ ζητεῖν τὴν ἀκρίβειαν λαβὼν εἰς παράδειγμα τὴν ὀρθὴν καὶ δείξας ἐκ ταύτης ὅτι καὶ ἐν ἑνὶ πολλάκις ὑποκειμένῳ διαφόρως πέφυκε ζητεῖσθαι ἡ ἀκρίβεια διὰ τὸ τῶν μεθόδων διάφορον αἳ περὶ αὐτὸ καταγίνονται πρὸς τὸ καθόλου τὸν λόγον ἀνήνεγκεν ὡς δέον οὕτω κἀν τοῖς ἄλλοις ποιεῖν εἶτα καὶ αἰτίαν λέγει δι ἣν συλληπτικῶς εἶπε καὶ οὐκ εἰς πλείω αὐτὰ ἐξέτεινε παραδεί γματα ὅπως γάρ φησι μὴ τὰ πάρεργα τῶν ἔργων πλείω γίγνηται τὸ γὰρ προκείμενόν ἐστιν ἀναγράψαι τὴν	Aristotle	Eustratius of Nicaea	Ethica Nicomachea	In Ethica Nicomachea I	
tlg0086.tlg010	10/#5	ancient_classical	4031.002	/98#2	11th_12th	0.0463	8	8	ποιήσει καὶ γὰρ αὐτὰ συνεπικοσμεῖν πέφυκεν καὶ ἡ χρῆσις αὐτῶν καλὴ καὶ σπουδαία γίνεται ἀνάπαλιν δὲ συμβαίνοντα θλίβει καὶ λυμαίνεται	παραρτήματά τινα ὄντα καὶ ἐπικο σμήματα καὶ ἡ χρῆσις αὐτῶν καλὴ καὶ σπουδαῖα γίνεται τῆς κατ ἀρετὴν τοῦ εὐδαίμονος καλλονῆς	Aristotle	Eustratius of Nicaea	Ethica Nicomachea	In Ethica Nicomachea I	
tlg0086.tlg010	12/#1	ancient_classical	4031.002	/105#3	11th_12th	0.02	10	14	τινα πεφυκέναι καὶ ἔχειν πως πρὸς ἀγαθόν τι καὶ σπουδαῖον δῆλον δὲ τοῦτο καὶ ἐκ τῶν περὶ τοὺς θεοὺς ἐπαίνων γελοῖοι γὰρ φαίνονται πρὸς ἡμᾶς ἀναφερόμενοι	τοπικῶν διαστημάτων διέλευσιν ταῦτα γὰρ ἄμφω ἀγαθά τε καὶ σπουδαῖα διὰ τὸ καιροῦ καλοῦντος τῇ τῶν ἀνθρώπων ζωῇ συμβάλλεσθαι Δῆλον δὲ τοῦτο καὶ ἐκ τῶν περὶ τοὺς θεοὺς ἐπαίνων Πρὸς βεβαίωσιν ἔτι τοῦ τὰ ἐπαινετὰ	Aristotle	Eustratius of Nicaea	Ethica Nicomachea	In Ethica Nicomachea I	
tlg0086.tlg010	6/#2	ancient_classical	4031.002	/49#1	11th_12th	0.0448	9	9	μὲν ἰατρικὴ ἐν πόνοις δὲ γυμναστική ἀπορήσειε δ ἄν τις τί ποτε καὶ βούλονται λέγειν αὐτοέκαστον	ὁ βουλόμενος ἀναλεγέσθω τὰ παρ ἐκείνοις Ἀπορήσειε δ ἄν τις τί ποτε καὶ βούλονται λέγειν Οὗτος ὁ λόγος οὐ πρὸς τὸ	Aristotle	Eustratius of Nicaea	Ethica Nicomachea	In Ethica Nicomachea I	
tlg0086.tlg010	8/#3	ancient_classical	4031.002	/82#1	11th_12th	0.024	8	8	αὐτὸν δὲ τρόπον καὶ τὰ δίκαια τῷ φιλοδικαίῳ καὶ ὅλως τὰ κατ ἀρετὴν τῷ φιλαρέτῳ τοῖς μὲν οὖν πολλοῖς τὰ ἡδέα	προκείμενον τὸν αὐτὸν τρόπον φάσκων καὶ τὰ δίκαια καὶ ὅλως τὰ κατ ἀρετὴν τῷ φιλαρέτῳ ἐπεὶ	Aristotle	Eustratius of Nicaea	Ethica Nicomachea	In Ethica Nicomachea I	
tlg0086.tlg010	8/#5	ancient_classical	4031.002	/85#1	11th_12th	0.0296	8	8	τὴν ἀρίστην φαμὲν εἶναι τὴν εὐδαιμονίαν φαίνεται δ ὅμως καὶ τῶν ἐκτὸς ἀγαθῶν προσδεομένη καθάπερ εἴπομεν ἀδύνατον γὰρ ἢ οὐ	Φαίνεται δ ὅμως καὶ τῶν ἐκτὸς ἀγαθῶν προσδεομένη Εἰ καὶ αὐτὸ τέλος φησίν ἡ	Aristotle	Eustratius of Nicaea	Ethica Nicomachea	In Ethica Nicomachea I	
tlg0086.tlg010	9/#2	ancient_classical	4031.002	/89#1	11th_12th	0.0389	8	13	καὶ μάλιστα τὰ κατὰ τὴν ἀρίστην τὸ δὲ μέγιστον καὶ κάλλιστον ἐπιτρέψαι τύχῃ λίαν πλημμελὲς ἂν εἴη συμφανὲς δ ἐστὶ καὶ ἐκ τοῦ λόγου τὸ ζητούμενον εἴρηται γὰρ ψυχῆς ἐνέργεια κατ ἀρετὴν	ἡ τοῦ πράγμα τος φύσις ἐπιδέχεται Τὸ δὲ μέγιστον καὶ κάλλιστον Εἰ μέγιστον καὶ κάλλιστον φησίν ἡ εὐδαιμονία πῶς οὐκ ἂν εἴη ἡμαρτημένον αἰτίαν ζητοῦντας αὐτῆς ἐπιτρέψαι αὐτὴν τῷ τῶν αἰτίων χεί ρονι τῇ τύχῃ καὶ τῷ αὐτομάτῳ εἴπερ ὅλως αἴτια δεῖ λέγειν αὐτά πράγ ματα ὡς εἰπεῖν ἀνυπόστατα καὶ ὡς ἐν παρυποστάσει τὸ εἶναι ἔχοντα Συμφανὲς δέ ἐστι καὶ ἐκ τοῦ λόγου τὸ ζητούμενον Τὸν τῆς εὐδαιμονίας ὁρισμὸν ἐκ πολλῶν	Aristotle	Eustratius of Nicaea	Ethica Nicomachea	In Ethica Nicomachea I	
tlg0086.tlg010	12/#3	ancient_classical	4031.002	/108#2	11th_12th	0.031	9	9	χάριν τὰ λοιπὰ πάντα πάντες πράττομεν τὴν ἀρχὴν δὲ καὶ τὸ αἴτιον τῶν ἀγαθῶν τίμιόν τι καὶ θεῖον τίθεμεν ἑκουσίῳ δὲ	κατορθοῦντες εἰς τὴν αὐτῆς προκόπτωμεν τελειότητα τὴν ἀρχὴν δὲ καὶ τὸ αἴτιον τῶν ἀγαθῶν τίμιον καὶ θεῖον ὁμολογοῦμεν τιμία ἄρα καὶ	Aristotle	Eustratius of Nicaea	Ethica Nicomachea	In Ethica Nicomachea I	
tlg0086.tlg010	13/#2	ancient_classical	4031.002	/112#3	11th_12th	0.0319	8	9	ἔχον ταῦτα δὲ πότερον διώρισται καθάπερ τὰ τοῦ σώματος μόρια καὶ πᾶν τὸ μεριστόν ἢ τῷ λόγῳ δύο ἐστὶν ἀχώριστα πεφυκότα καθάπερ	ἔχον καὶ τὸ ἄλογον διέστηκε ὥσπερ τὰ τοῦ σώματος μόρια καὶ πάντα τὰ μεριστά εἴτε τοῦτο μὲν οὐ λόγῳ δὲ μόνον δύο ἐστὶν ἀχώριστα ἀλλήλων κατὰ τόπον ὑπάρχοντα οὐδὲν χρησιμεύει ἐξετάζειν πρὸς τὸ παρόν ὅτι δὲ τὰ τοῦ σώματος μόρια οὐ λόγῳ μόνον ἀλλὰ καὶ τόποις ἀλλήλων διέστηκεν ἐναργὲς ὡς καὶ τῇ αἰσθήσει ληπτόν τοῦτο δὲ καὶ ἅπαν τὸ μεριστόν μεριστὰ τὰ μεγέθη φησίν οἷον γραμμὴν καὶ ἐπιφά	Aristotle	Eustratius of Nicaea	Ethica Nicomachea	In Ethica Nicomachea I	
tlg0086.tlg010	13/#4	ancient_classical	4031.002	/115#1	11th_12th	0.0522	8	8	τῶν ἐπιεικῶν ἢ τῶν τυχόντων ἀλλὰ περὶ μὲν τούτων ἅλις καὶ τὸ θρεπτικὸν ἐατέον ἐπειδὴ τῆς ἀνθρωπικῆς ἀρετῆς ἄμοιρον πέφυκεν	μὴ ἐμποδιζομένης τοῖς κατ αἴσθησιν ἐνεργήμασι Περὶ μὲν τούτων ἅλις καὶ τὸ θρεπτικὸν ἐατέον Περὶ μὲν οὖν τῆς φυτικῆς καὶ	Aristotle	Eustratius of Nicaea	Ethica Nicomachea	In Ethica Nicomachea I	
tlg0086.tlg010	13/#5	ancient_classical	4031.002	/117#1	11th_12th	0.0609	8	8	καὶ τοῦτο φαίνεται μετέχειν ὥσπερ εἴπομεν πειθαρχεῖ γοῦν τῷ λόγῳ τὸ τοῦ ἐγκρατοῦς ἔτι δ ἴσως εὐηκοώτερόν ἐστι τὸ τοῦ	καὶ λόγου ἐστὶ κατήκοον παρίστησι λέγων πειθαρχεῖ γοῦν τῷ λόγῳ τὸ τοῦ ἐγκρατοῦς εἰ γὰρ μὴ ἐπεφύκει πως λογικεύεσθαι οὐκ	Aristotle	Eustratius of Nicaea	Ethica Nicomachea	In Ethica Nicomachea I	
tlg0086.tlg010	3/#1	ancient_classical	4031.002	/21#1	11th_12th	0.0511	8	12	διὰ πλοῦτον ἕτεροι δὲ δι ἀνδρείαν ἀγαπητὸν οὖν περὶ τοιούτων καὶ ἐκ τοιούτων λέγοντας παχυλῶς καὶ τύπῳ τἀληθὲς ἐνδείκνυσθαι καὶ περὶ τῶν ὡς ἐπὶ τὸ πολὺ καὶ ἐκ τοιούτων λέγοντας τοιαῦτα καὶ συμπεραίνεσθαι τὸν αὐτὸν δὴ	μὴ κλαίειν λέγοντα τὰς μητέρας αὐτῶν Ἀγαπητὸν οὖν περὶ τοιούτων καὶ ἐκ τοιούτων λέγοντας Ἐπεὶ τοσαύτην φησὶν ἔχει ἀμφιβολίαν τὰ	Aristotle	Eustratius of Nicaea	Ethica Nicomachea	In Ethica Nicomachea I	
tlg0086.tlg010	6/#5	ancient_classical	4031.002	/56#1	11th_12th	0.0455	8	15	νοῦς καὶ ἄλλο δὴ ἐν ἄλλῳ ἀλλ ἴσως ταῦτα μὲν ἀφετέον τὸ νῦν ἐξακριβοῦν γὰρ ὑπὲρ αὐτῶν ἄλλης ἂν εἴη φιλοσοφίας οἰκειότερον ὁμοίως δὲ καὶ περὶ τῆς ἰδέας εἰ γὰρ καὶ ἔστιν ἕν τι τὸ κοινῇ	τῇ εἰκόνι λέγειν ἀλλ εἰκόνος ἀρχέτυπον Ἀλλ ἴσως ταῦτα μὲν ἀφετέον τὰ νῦν Περὶ τοῦ τρόπου τῆς ὁμωνυμίας καθ ὃν ἀγαθὰ πάντα τὰ ἀγαθὰ λέγεται παραιτεῖται νῦν ἐξετάζειν ὡς οὐ τῆς ἠθικῆς ὂν φιλοσοφίας ἤ τινος ἄλλης ὑπὸ τὴν πρακτικὴν τὸ περὶ τούτων ἐξακριβοῦν ἀλλὰ τῆς μετὰ τὰ φυσικά ἧς ἐν τῷ δ περὶ τῶν πλεοναχῶς λεγομένων ἐξακριβοῦται διὸ καὶ ἐπάγει ὁμοίως δὲ καὶ περὶ τῆς ἰδέας ἐν γὰρ τῷ β τῆς πραγματείας ἐκείνης καὶ	Aristotle	Eustratius of Nicaea	Ethica Nicomachea	In Ethica Nicomachea I	
tlg0086.tlg010	6/#5	ancient_classical	4031.002	/56#2	11th_12th	0.0126	8	8	ὁμοίως δὲ καὶ περὶ τῆς ἰδέας εἰ γὰρ καὶ ἔστιν ἕν τι τὸ κοινῇ κατηγορούμενον ἀγαθὸν ἢ χωριστὸν αὐτό τι καθ	τοῦ ἀνθρωπίνου ἀγαθοῦ προθε μένῳ εἰπεῖν Εἰ γὰρ καὶ ἔστιν ἕν τι καὶ κοινῇ κατηγορούμενον Τοῦτο αὐτὸ ἐν τούτοις κατασκευάζει τὸ	Aristotle	Eustratius of Nicaea	Ethica Nicomachea	In Ethica Nicomachea I	
tlg0086.tlg010	8/#2	ancient_classical	4031.002	/79#4	11th_12th	0.0581	8	8	εἶναι δοκεῖ τοῖς δὲ ταῦτα ἢ τούτων τι μεθ ἡδονῆς ἢ οὐκ ἄνευ ἡδονῆς ἕτεροι δὲ καὶ τὴν ἐκτὸς εὐετηρίαν	τούτων τι μεθ ἡδονῆς ἢ οὐκ ἄνευ ἡδονῆς συνῳδὰ πάντα τῷ λόγῳ πάντα γὰρ	Aristotle	Eustratius of Nicaea	Ethica Nicomachea	In Ethica Nicomachea I	
tlg0086.tlg010	13/#6	ancient_classical	4031.002	/120#1	11th_12th	0.0394	9	13	φάναι λόγον ἔχειν διττὸν ἔσται καὶ τὸ λόγον ἔχον τὸ μὲν κυρίως καὶ ἐν αὑτῷ τὸ δ ὥσπερ τοῦ πατρὸς ἀκουστικόν τι διορίζεται δὲ καὶ ἡ ἀρετὴ κατὰ τὴν διαφορὰν ταύτην λέγομεν γὰρ αὐτῶν τὰς μὲν διανοητικὰς	καὶ δι ἑαυτό ὡς ἐν ἑαυτῷ τὸν λόγον ἔχον τὸ δὲ δευτέρως καὶ δι ἕτερον ὡς ἑτέρωθεν τὸν λόγον δεχόμενον καὶ οὕτως ὡς εἴ τις ὑπήκοος πατρὸς οἰκείου φρονήσει γίνεται ὁ γὰρ ἐν ἑκάστῳ λόγῳ πατρὸς ἐπέχων λόγον ὡς παιδὶ λειπομένῳ φρονήσεως ἐπιτάττειν πέφυκε τῷ ζωτικῷ καὶ ὀρεκτικῷ καὶ αἰσθητικῷ τῆς ψυχῆς χρὴ οὖν καὶ τὸν λόγον νήφειν ὡς μὴ τῇ πρὸς τὸ χεῖρον κατασύρεσθαι προσπαθείᾳ καὶ τὸ ὑπ αὐτὸν καὶ ὑπήκοον οὕτως ἀσκεῖν καὶ παιδεύειν ὡς μὴ πρὸς αὐτὸν ἀντιμάχεσθαι Διορίζεται δὲ καὶ ἡ ἀρετὴ κατὰ τὴν διαφορὰν ταύτην Ἐπεὶ μὴ καθ αὑτὸ τὴν τῶν	Aristotle	Eustratius of Nicaea	Ethica Nicomachea	In Ethica Nicomachea I	
tlg0086.tlg010	13/#6	ancient_classical	4031.002	/119#2	11th_12th	0.0475	8	8	καὶ πᾶσα ἐπιτίμησίς τε καὶ παράκλησις εἰ δὲ χρὴ καὶ τοῦτο φάναι λόγον ἔχειν διττὸν ἔσται καὶ τὸ λόγον ἔχον	ἀπὸ τῆς τῶν ἀλόγων παθῶν κατακυριεύσεως Εἰ δὲ χρὴ καὶ τοῦτο φάναι λόγον ἔχειν Ἐπειδὴ καὶ τὸ ἐν ἀνθρώπῳ ζωτικὸν	Aristotle	Eustratius of Nicaea	Ethica Nicomachea	In Ethica Nicomachea I	
tlg0086.tlg010	6/#2	ancient_classical	4031.002	/43#3	11th_12th	0.0434	8	13	οὐκ ἂν εἴη κοινή τις ἐπὶ τούτοις ἰδέα ἔτι δ ἐπεὶ τἀγαθὸν ἰσαχῶς λέγεται τῷ ὄντι καὶ γὰρ ἐν τῷ τί λέγεται οἷον ὁ θεὸς καὶ ὁ νοῦς καὶ ἐν τῷ ποιῷ αἱ ἀρεταί καὶ ἐν τῷ ποσῷ τὸ μέτριον καὶ ἐν τῷ πρός τι τὸ χρήσιμον καὶ ἐν χρόνῳ καιρός καὶ ἐν τόπῳ δίαιτα καὶ ἕτερα τοιαῦτα δῆλον ὡς οὐκ ἂν εἴη κοινόν τι καθόλου καὶ ἕν οὐ γὰρ ἂν	οὕτως αὐτῷ ἕτερόν τι παραφύεσθαι Ὥστ οὐκ ἂν εἴη κοινή τις ἐπὶ τούτοις ἰδέα Συμπεραίνει τὸ ἐξ ἀρχῆς ὅτι οὐκ	Aristotle	Eustratius of Nicaea	Ethica Nicomachea	In Ethica Nicomachea I	
tlg0086.tlg010	6/#6	ancient_classical	4031.002	/57#3	11th_12th	0.0488	8	8	ἔσται ὁ τὴν ἰδέαν αὐτὴν τεθεαμένος φαίνεται μὲν γὰρ οὐδὲ τὴν ὑγίειαν οὕτως ἐπισκοπεῖν ὁ ἰατρός ἀλλὰ τὴν ἀνθρώπου μᾶλλον	ταῖς πρακτικαῖς ἐπιστήμαις τὴν γνῶσιν αὐτῆς Φαίνεται μὲν γὰρ οὐδὲ τὴν ὑγίειαν οὕτως ἐπισκοπεῖν Ἕτερον ἐπιχείρημα τοῦτο ἐκ τῶν ὑποκειμένων	Aristotle	Eustratius of Nicaea	Ethica Nicomachea	In Ethica Nicomachea I	
tlg0086.tlg010	8/#2	ancient_classical	4031.002	/81#1	11th_12th	0.0399	8	8	ὑπολαμβάνειν καὶ ἐν ἕξει ἢ ἐνεργείᾳ τὴν μὲν γὰρ ἕξιν ἐνδέχεται μηδὲν ἀγαθὸν ἀποτελεῖν ὑπάρχουσαν οἷον τῷ καθεύδοντι ἢ καὶ	ἐνεργούσῃ εἴη ἂν τὸ ὑπάρχειν διάκενον Τὴν μὲν γὰρ ἕξιν ἐνδέχεται μηδὲν ἀγαθὸν ἀποτελεῖν Διαφορὰν ἐν τούτοις παρίστησι τῆς ἕξεως	Aristotle	Eustratius of Nicaea	Ethica Nicomachea	In Ethica Nicomachea I	
tlg0086.tlg010	2/#1	ancient_classical	4031.002	/12#4	11th_12th	0.0528	9	9	εἶναι κενὴν καὶ ματαίαν τὴν ὄρεξιν δῆλον ὡς τοῦτ ἂν εἴη τἀγαθὸν καὶ τὸ ἄριστον ἆρ οὖν καὶ πρὸς τὸν βίον	δῆλον ὡς τοῦτ ἂν εἴη τἀγαθὸν καὶ τὸ ἄριστον Ὅτι μὲν δὴ πᾶσα ἕξις ἀνθρώπου	Aristotle	Eustratius of Nicaea	Ethica Nicomachea	In Ethica Nicomachea I	
tlg0086.tlg010	2/#2	ancient_classical	4031.002	/18#1	11th_12th	0.0518	8	8	δὲ καὶ θειότερον ἔθνει καὶ πόλεσιν ἡ μὲν οὖν μέθοδος τούτων ἐφίεται πολιτική τις οὖσα ἐπεὶ οὖν ἡ παροῦσα πραγματεία οὐ	καθιστῶν ὥσπερ τὸ πρῶτον προοίμιον ὡς ἡ μὲν προκειμένη μέθοδος τούτων ἐφίεται πολιτική τις οὖσα τούτων τίνων καὶ μὴν ὡς περὶ	Aristotle	Eustratius of Nicaea	Ethica Nicomachea	In Ethica Nicomachea I	
tlg0086.tlg010	12/#6	ancient_classical	4031.003	/384#1	11th_12th	0.537	30	103	τις περὶ αὐτῶν τί χρήσιμοί εἰσιν ἡ μὲν γὰρ σοφία οὐδὲν θεωρήσει ἐξ ὧν ἔσται εὐδαίμων ἄνθρωπος οὐδεμιᾶς γάρ ἐστι γενέσεως ἡ δὲ φρόνησις τοῦτο μὲν ἔχει ἀλλὰ τίνος ἕνεκα δεῖ αὐτῆς εἴπερ ἡ μὲν φρόνησίς ἐστιν ἡ περὶ τὰ δίκαια καὶ καλὰ καὶ ἀγαθὰ ἀνθρώπῳ ταῦτα δ ἐστὶν ἃ τοῦ ἀγαθοῦ ἐστὶν ἀνδρὸς πράττειν οὐδὲν δὲ πρακτικώτεροι τῷ εἰδέναι αὐτά ἐσμεν εἴπερ ἕξεις αἱ ἀρεταί εἰσιν ὥσπερ οὐδὲ τὰ ὑγιεινὰ οὐδὲ τὰ εὐεκτικά ὅσα μὴ τῷ ποιεῖν ἀλλὰ τῷ ἀπὸ τῆς ἕξεως εἶναι λέγεται οὐθὲν γὰρ πρακτικώτεροι τῷ ἔχειν τὴν ἰατρικὴν καὶ γυμναστικήν ἐσμεν εἰ δὲ μὴ τούτων χάριν φρόνιμον ῥητέον ἀλλὰ τοῦ γίνεσθαι τοῖς οὖσι σπουδαίοις οὐθὲν ἂν εἴη χρήσιμος ἔτι δ οὐδὲ τοῖς μὴ ἔχουσιν οὐδὲν γὰρ διοίσει	ἡ μὲν γὰρ σοφία οὐδὲν θεωρεῖ ἐξ ὧν ἔσται εὐδαίμων ἄνθρωπος οὐδεμιᾶς γάρ ἐστι γενέσεως ἡ δὲ φρόνησις τοῦτο μὲν ἔχει ἀλλὰ τίνος ἕνεκα δεῖ αὐτῆς εἴπερ ἡ μὲν φρόνησις ἡ περὶ τὰ δί καια καὶ καλὰ καὶ ἀγαθὰ ἀνθρώπῳ ταῦτα δ ἔστιν ἃ τοῦ ἀγα θοῦ ἐστιν ἀνδρὸς πράττειν οὐθὲν δὲ πρακτικώτεροι τῷ εἰδέναι αὐτά ἐσμεν εἴπερ ἕξεις αἱ ἀρεταί ὡς οὐδὲ τὰ ὑγιεινὰ οὐδὲ τὰ εὐεκτικά ὅσα μὴ τῷ ποιεῖν ἀλλὰ τῷ ἀπὸ τῆς ἕξεως εἶναι λέγε ται οὐθὲν δὲ πρακτικώτεροι τῷ ἔχειν τὴν ἰατρικὴν ἢ γυμνα στικήν ἐσμεν εἰ δὲ μὴ τούτων χάριν φρόνιμον θετέον ἀλλὰ τοῦ γενέσθαι τοῖς οὖσι σπουδαίοις οὐθὲν ἂν εἴη χρήσιμος ἔτι δὲ οὐδὲ τοῖς μὴ ἔχουσιν οὐθὲν γὰρ διοίσει αὐτοὺς ἔχειν ἢ ἄλλοις ἔχουσι πείθεσθαι	Aristotle	Eustratius of Nicaea	Ethica Nicomachea	In Ethica Nicomachea VI	
tlg0086.tlg010	2/#25	ancient_classical	4031.003	/283#2	11th_12th	0.3055	35	59	ἄνευ διανοίας καὶ ἤθους οὐκ ἔστιν διάνοια δ αὐτὴ οὐθὲν κινεῖ ἀλλ ἡ ἕνεκά του καὶ πρακτική αὕτη γὰρ καὶ τῆς ποιητικῆς ἄρχει ἕνεκα γάρ του ποιεῖ πᾶς ὁ ποιῶν καὶ οὐ τέλος ἁπλῶς ἀλλὰ πρός τι καὶ τινός τὸ ποιητόν ἀλλὰ τὸ πρακτόν ἡ γὰρ εὐπραξία τέλος ἡ δ ὄρεξις τούτου διὸ ἢ ὀρεκτικὸς νοῦς ἡ προαίρεσις ἢ ὄρεξις διανοητική καὶ ἡ τοιαύτη ἀρχὴ ἄνθρωπος οὐκ ἔστι δὲ προαιρετὸν οὐδὲν γεγονός	Διάνοια δ αὐτὴ οὐθὲν κινεῖ ἀλλ ἡ ἕνεκά τινος καὶ πρακτική αὕτη γὰρ καὶ τῆς ποιητικῆς ἄρχει ἕνεκα γάρ του ποιεῖ πᾶς ὁ ποιῶν καὶ οὐ τέλος ἁπλῶς ἀλλὰ πρός τι καὶ τινὸς τὸ ποιητὸν ἀλλ οὐ τὸ πρακτόν ἡ γὰρ εὐπραξία τέλος ἡ δ ὄρεξις τούτου διὸ ἢ ὀρεκτικὸς νοῦς ἡ προαίρεσις ἢ ὄρεξις διανοητική καὶ ἡ τοιαύτη ἀρχὴ ἄνθρωπος Εἴρηκε μὲν καὶ προλαβὼν ἤδη διαφορὰς	Aristotle	Eustratius of Nicaea	Ethica Nicomachea	In Ethica Nicomachea VI	
tlg0086.tlg010	12/#8	ancient_classical	4031.003	/390#2	11th_12th	0.3782	23	69	ἐπ αὐτῷ πράττειν ἢ μὴ πράττειν περὶ δὲ τοῦ μηθὲν εἶναι πρακτικωτέρους διὰ τὴν φρόνησιν τῶν καλῶν καὶ δικαίων μικρὸν ἄνωθεν ἀρκτέον λαβόντας ἀρχὴν ταύτην ὥσπερ γὰρ καὶ τὰ δίκαια λέγομεν πράττοντάς τινας οὔπω δικαίους εἶναι οἷον τοὺς τὰ ὑπὸ τῶν νόμων τεταγμένα ποιοῦντας ἢ ἄκοντας ἢ δι ἄγνοιαν ἢ δι ἕτερόν τι καὶ μὴ δι αὐτά καίτοι πράττουσί γε ἃ δεῖ καὶ ὅσα χρὴ τὸν σπουδαῖον οὕτως ὡς ἔοικεν ἔστι τὸ πῶς ἔχοντα πράττειν ἕκαστα ὥστ εἶναι	τοῦτο οὐδέ τις κατ αὐτὰς ἀρετή Περὶ δὲ τοῦ μηδὲν εἶναι πρακτικωτέρους διὰ τὴν φρόνησιν τῶν καλῶν καὶ δικαίων μικρὸν ἄνωθεν ἀρκτέον λα βόντας ἀρχὴν ταύτην ὥσπερ γὰρ καὶ τὰ δίκαια λέγομεν πράτ τοντάς τινας οὔπω δικαίους οἷον τοὺς τὰ ὑπὸ τῶν νόμων τε ταγμένα ποιοῦντας ἢ ἄκοντας ἢ δι ἄγνοιαν ἢ δι ἕτερόν τι καὶ μὴ δι αὐτά καίτοι πράττουσί γε ἃ δεῖ καὶ ὅσα δεῖ τὸν σπου δαῖον οὕτως ὡς ἔοικεν ἔστι τὸ πῶς ἔχοντα πράττειν ἕκαστα ὥστ εἶναι ἀγαθά λέγω δ οἷον διὰ προαίρεσιν	Aristotle	Eustratius of Nicaea	Ethica Nicomachea	In Ethica Nicomachea VI	
tlg0086.tlg010	7/#26	ancient_classical	4031.003	/318#3	11th_12th	0.417	39	62	περὶ ποῖα τυγχάνει ὄντα ὕστερον ἐπισκεπτέον τὴν δὲ σοφίαν ἔν τε ταῖς τέχναις τοῖς ἀκριβεστάτοις τὰς τέχνας ἀποδίδομεν οἷον Φειδίαν λιθουργὸν σοφὸν καὶ Πολύκλειτον ἀνδριαντοποιόν ἐνταῦθα μὲν οὖν οὐθὲν ἄλλο σημαίνοντες τὴν σοφίαν ἢ ὅτι ἀρετὴ τέχνης ἐστίν εἶναι δέ τινας σοφοὺς οἰόμεθα ὅλως οὐ κατὰ μέρος οὐδ ἄλλο τι σοφούς ὥσπερ Ὅμηρός φησιν ἐν τῷ Μαργίτῃ τὸν δ οὔτ ἂρ σκαπτῆρα θεοὶ θέσαν οὔτ ἀροτῆρα οὔτ ἄλλως τι σοφόν ὥστε δῆλον ὅτι ἀκριβεστάτη ἂν τῶν	ἀληθευτικὰς ἕξεις καὶ ταύτας κατονο μάζεσθαι Τὴν δὲ σοφίαν ἐν ταῖς τέχναις τοῖς ἀκριβεστάτοις τὰς τέχνας ἀποδίδομεν οἷον Φειδίαν λιθουργὸν σοφὸν καὶ Πολύκλειτον ἀνδριαντοποιόν ἐνταῦθα μὲν οὖν οὐδὲν ἄλλο ση μαίνοντες τὴν σοφίαν ἢ ὅτι ἀρετὴ τέχνης ἐστίν εἶναι δέ τινας σοφοὺς οἰόμεθα ὅλως οὐ κατὰ μέρος οὐδ ἄλλο τι σοφούς ὡς Ὅμηρός φησιν ἐν τῷ Μαργείτῃ τὸν δ οὔτ ἂρ σκαπτῆρα θεοὶ θέσαν οὔτ ἀροτῆρα οὔτ ἄλλως τι σοφόν Περὶ τῶν τριῶν διδάσκων ἀληθευτικῶν ἕξεων	Aristotle	Eustratius of Nicaea	Ethica Nicomachea	In Ethica Nicomachea VI	
tlg0086.tlg010	10/#16	ancient_classical	4031.003	/368#3	11th_12th	0.3548	30	68	ταὐτὸ γὰρ σύνεσις καὶ εὐσυνεσία καὶ συνετοὶ καὶ εὐσύνετοι ἔστι δ οὔτε τὸ ἔχειν τὴν φρόνησιν οὔτε τὸ λαμβάνειν ἡ σύνεσις ἀλλ ὥσπερ τὸ μανθάνειν λέγεται συνιέναι ὅταν χρῆται τῇ ἐπιστήμῃ οὕτως ἐν τῷ χρῆσθαι τῇ δόξῃ ἐπὶ τὸ κρίνειν περὶ τούτων περὶ ὧν ἡ φρόνησίς ἐστιν ἄλλου λέγοντος καὶ κρίνειν καλῶς τὸ γὰρ εὖ τῷ καλῶς τὸ αὐτό καὶ ἐντεῦθεν ἐλήλυθε τοὔνομα ἡ σύνεσις καθ ἣν εὐσύνετοι ἐκ τῆς ἐν τῷ μανθάνειν λέγομεν γὰρ τὸ μανθάνειν συνιέναι πολλάκις οὐδ ἅμα φρόνιμον καὶ ἀκρατῆ ἐνδέχεται	ὡς μὴ ἐνδε χόμενόν ποτε ἄνδρα συνετὸν ὑπάρχειν κακοσύνετον Ἔστι δ οὔτε τὸ ἔχειν τὴν φρόνησιν οὔτε τὸ λαμβά νειν ἡ σύνεσις ἀλλ ὥσπερ τὸ μανθάνειν λέγεται συνιέναι ὅταν χρῆται τῇ ἐπιστήμῃ οὕτως ἐν τῷ χρῆσθαι τῇ δόξῃ ἐπὶ τὸ κρίνειν περὶ τούτων περὶ ὧν ἡ φρόνησίς ἐστιν ἄλλου λέγον τος καὶ κρίνειν καλῶς τὸ γὰρ εὖ τῷ καλῶς ταὐτό καὶ ἐν τεῦθεν ἐλήλυθε τοὔνομα ἡ σύνεσις καθ ἣν εὐσύνετοι ἐκ τῆς ἐν τῷ μανθάνειν λέγομεν γὰρ τὸ μανθάνειν συνιέναι πολλάκις	Aristotle	Eustratius of Nicaea	Ethica Nicomachea	In Ethica Nicomachea VI	
tlg0086.tlg010	1/#36	ancient_classical	4031.003	/263#1	11th_12th	0.287	31	62	μέν οὐθὲν δὲ σαφές καὶ γὰρ ἐν ταῖς ἄλλαις ἐπιμελείαις περὶ ὅσας ἐστὶν ἐπιστήμη τοῦτ ἀληθὲς μὲν εἰπεῖν ὅτι οὔτε πλείω οὔτε ἐλάττω δεῖ πονεῖν οὐδὲ ῥᾳθυμεῖν ἀλλὰ τὰ μέσα καὶ ὡς ὁ ὀρθὸς λόγος τοῦτο δὲ μόνον ἔχων ἄν τις οὐδὲν ἂν εἰδείη πλέον οἷον ποῖα δεῖ προσφέρεσθαι πρὸς τὸ σῶμα εἴ τις εἴπειεν ὅτι ὅσα ἡ ἰατρικὴ κελεύει καὶ ὡς ὁ ταύτην ἔχων διὸ δεῖ καὶ περὶ τὰς τῆς ψυχῆς ἕξεις μὴ μόνον ἀληθῶς εἶναι τοῦτ εἰρημένον ἀλλὰ καὶ διωρισμένον τίς ἐστιν ὁ ὀρθὸς λόγος καὶ τούτου τίς ὅρος μετὰ δὲ ταῦτα	καὶ γὰρ καὶ ἐν ταῖς ἄλλαις ἐπιμελείαις περὶ ὅσας ἐστὶν ἐπιστήμη τοῦτο ἀληθὲς εἰπεῖν ὅτι οὔτε πλείω οὔτε ἐλάττω δεῖ πονεῖν οὐδὲ ῥᾳθυμεῖν ἀλλὰ τὰ μέσα καὶ ὡς ὁ ὀρθὸς λόγος τοῦτο δὲ μόνον ἔχων ἄν τις οὐθὲν ἂν εἰδείη πλέον οἷον ποῖα δεῖ πρὸς τὸ σῶμα εἴ τις εἴποι ὅτι ὅσα ἡ ἰατρικὴ κελεύει καὶ ὡς ὁ ταύτην ἔχων Ἐπειδὴ εἶπε τί ὁ ὀρθὸς λόγος ἐστίν ὃν ἔχων ὁ ἄνθρωπος καὶ χρώ μενος αὐτῷ τὰς ἐνεργείας μετρεῖ καὶ τὰς ὁρμὰς τῶν παθῶν καὶ τὸ μέσον εὑρίσκει καὶ αὐτὸ κατορθοῖ τὰς ἑκατέρωθεν ὑπερβολὰς καὶ ἐλλείψεις ἀπο πεμπόμενος καὶ οὕτως ἑαυτῷ περιποιεῖται τὰς κατὰ τὰς ἀρετὰς ἕξεις ἦν δὲ συγκεχυμένον τὸ οὕτω λεγόμενον καὶ οὔπω δῆλον ἦν τίς τε ὁ ὀρθὸς λόγος καὶ ὅπως χρηστέον ὡς μέτρῳ αὐτῷ ἵνα	Aristotle	Eustratius of Nicaea	Ethica Nicomachea	In Ethica Nicomachea VI	
tlg0086.tlg010	9/#20	ancient_classical	4031.003	/356#1	11th_12th	0.3357	51	51	τις ἡ ἀγχίνοια οὐδὲ δὴ δόξα ἡ εὐβουλία οὐδεμία ἀλλ ἐπεὶ ὁ μὲν κακῶς βουλευόμενος ἁμαρτάνει ὁ δ εὖ ὀρθῶς βουλεύεται δῆλον ὅτι ὀρθότης τις ἡ εὐβουλία ἐστίν οὔτ ἐπιστήμης δὲ οὔτε δόξης ἐπιστήμης μὲν γὰρ οὐκ ἔστιν ὀρθότης οὐδὲ γὰρ ἁμαρτία δόξης δ ὀρθότης ἀλήθεια ἅμα δὲ καὶ ὥρισται ἤδη πᾶν οὗ δόξα ἐστίν ἀλλὰ μὴν οὐδ ἄνευ λόγου ἡ	Οὐδὲ δὴ δόξα ἡ εὐβουλία οὐδεμία ἀλλ ἐπεὶ ὁ μὲν κακῶς βουλευόμενος ἁμαρτάνει ὁ δὲ εὖ ὀρθῶς βουλευέται δῆλον ὅτι ὀρθότης τις ἡ εὐβουλία ἐστίν οὔτ ἐπιστήμης δὲ οὔτε δόξης ἐπιστήμης μὲν γὰρ οὐκ ἔστιν ὀρθότης οὐδὲ γὰρ ἁμαρτία δόξης δ ὀρθότης ἀλήθεια ἅμα δὲ καὶ διώρισται ἤδη πᾶν οὗ δόξα ἐστίν Δείκνυσι διὰ τούτων τὴν εὐβουλίαν δόξης	Aristotle	Eustratius of Nicaea	Ethica Nicomachea	In Ethica Nicomachea VI	
tlg0086.tlg010	8/#28	ancient_classical	4031.003	/350#2	11th_12th	0.301	51	51	πρακτὸν τοιοῦτον ἀντίκειται μὲν δὴ τῷ νῷ ὁ μὲν γὰρ νοῦς τῶν ὅρων ὧν οὐκ ἔστι λόγος ἣ δὲ τοῦ ἐσχάτου οὗ οὐκ ἔστιν ἐπιστήμη ἀλλ αἴσθησις οὐχ ἡ τῶν ἰδίων ἀλλ οἵᾳ αἰσθανόμεθα ὅτι τὸ ἐν τοῖς μαθηματικοῖς ἔσχατον τρίγωνον στήσεται γὰρ κἀκεῖ ἀλλ αὕτη μᾶλλον αἴσθησις ἢ φρόνησις ἐκείνης δ ἄλλο εἶδος ἔστι δ ὁ μὲν ἀκόλαστος ὥσπερ	χρόνου καὶ πολλῆς ἐμπειρίας τὴν φρόνησιν Ἀντίκειται μὲν δὴ τῷ νῷ ὁ μὲν γὰρ νοῦς τῶν ὅρων ὧν οὐκ ἔστι λόγος ἡ δὲ τοῦ ἐσχάτου οὗ οὐκ ἔστιν ἐπιστήμη ἀλλ αἴσθησις οὐχ ἡ τῶν ἰδίων ἀλλ οἵᾳ αἰσθανόμεθα ὅτι τὸ ἐν τοῖς μαθηματικοῖς ἔσχατον τρίγωνον στήσεται γὰρ κἀκεῖ ἀλλ αὕτη μᾶλλον αἴσθησις ἢ φρόνησις ἐκείνης δὲ ἄλλο εἶδος Ὥσπερ τῆς ἐπιστήμης διὰ τοῦ ῥηθέντος	Aristotle	Eustratius of Nicaea	Ethica Nicomachea	In Ethica Nicomachea VI	
tlg0086.tlg010	5/#29	ancient_classical	4031.003	/311#2	11th_12th	0.2308	31	53	οὐκ ἔχει ἀλλὰ τὰς περὶ τὸ πρακτόν αἱ μὲν γὰρ ἀρχαὶ τῶν πρακτῶν τὸ οὗ ἕνεκα τὰ πρακτά τῷ δὲ διεφθαρμένῳ δι ἡδονὴν ἢ λύπην εὐθὺς οὐ φαίνεται ἀρχή οὐδὲ δεῖν τούτου ἕνεκεν οὐδὲ διὰ τοῦθ αἱρεῖσθαι πάντα καὶ πράττειν ἔστι γὰρ ἡ κακία φθαρτικὴ ἀρχῆς ὥστ ἀνάγκη τὴν φρόνησιν ἕξιν εἶναι μετὰ λόγου ἀληθῆ περὶ τὰ ἀνθρώπινα ἀγαθὰ πρακτικήν ἀλλὰ μὴν τέχνης μὲν ἔστιν ἀρετή	ὑπόληψιν διαστρέφειν τὸ ἡδὺ καὶ λυπηρὸν ἀλλὰ τὰς περὶ τὸ πρακτόν καθόλου τοῦτο εἶπεν οὐ γὰρ τὸ κατὰ τὴν εἰδικὴν σωφροσύνην πρακτὸν μόνον πρακτόν ἐστιν ἀλλὰ τὰ κατὰ πᾶσαν τὴν πρακτικὴν ἀρετὴν κατορθούμενα πρακτὰ ἀγαθὰ κοινῶς ἐστί τε καὶ ὀνομάζεται Αἱ μὲν γὰρ ἀρχαὶ τῶν πρακτῶν τὸ οὗ ἕνεκα τὰ πρα κτά τῷ δὲ διεφθαρμένῳ δι ἡδονὴν ἢ λύπην οὐ φανεῖται ἀρ χή οὐδὲ δεῖν τούτου ἕνεκα οὐδὲ διὰ τοῦθ αἱρεῖσθαι πάντα καὶ πράττειν ἔστι γὰρ ἡ κακία φθαρτικὴ ἀρχῆς ὥστ ἀνάγκη τὴν φρόνησιν ἕξιν εἶναι μετὰ λόγου ἀληθῆ περὶ τὰ ἀνθρώπινα ἀγαθὰ πρακτικήν Δείκνυσι πῶς ἡ σωφροσύνη περὶ	Aristotle	Eustratius of Nicaea	Ethica Nicomachea	In Ethica Nicomachea VI	
tlg0086.tlg010	10/#15	ancient_classical	4031.003	/365#2	11th_12th	0.2297	21	64	οὖσα καὶ οὐχ ἑτέρα τις ἕξις ἔστι δὲ καὶ ἡ σύνεσις καὶ ἡ εὐσυνεσία καθ ἃς λέγομεν συνετοὺς καὶ εὐσυνέτους οὔθ ὅλως τὸ αὐτὸ ἐπιστήμῃ ἢ δόξῃ πάντες γὰρ ἂν ἦσαν συνετοί οὔτε τις μία τῶν κατὰ μέρος ἐπιστημῶν οἷον ἡ ἰατρικὴ περὶ ὑγιεινῶν ἡ γεωμετρία περὶ μεγέθη οὔτε γὰρ περὶ τῶν ἀεὶ ὄντων καὶ ἀκινήτων ἡ σύνεσίς ἐστιν οὔτε περὶ τῶν γιγνομένων ὁτουοῦν ἀλλὰ περὶ ὧν ἀπορήσειεν ἄν τις καὶ βουλεύσαιτο διὸ περὶ τὰ αὐτὰ μὲν τῇ	ἡ τὰς ἐπιτυχίας κατορ θοῦσα αὐτῶν Ἔστι δὲ καὶ ἡ σύνεσις καὶ ἡ ἀσυνεσία καθ ἃς λέ γομεν συνετοὺς καὶ ἀσυνέτους οὔθ ὅλως τὸ αὐτὸ ἐπιστήμῃ ἢ δόξῃ πάντες γὰρ ἂν ἦσαν συνετοί οὔτε τις μία τῶν κατὰ μέ ρος ἐπιστημῶν οἷον ἡ ἰατρικὴ περὶ ὑγιεινῶν ἂν ἦν ἢ γεωμε τρία περὶ μεγέθη οὔτε γὰρ περὶ τῶν αἰεὶ ὄντων καὶ ἀκινή των ἡ σύνεσίς ἐστιν οὔτε περὶ τῶν γιγνομένων ὁτῳοῦν ἀλλὰ περὶ ὧν ἀπορήσειεν ἄν τις καὶ βουλεύσαιτο Ὡς καὶ ἐπὶ τῶν πρακτικῶν ἀρετῶν	Aristotle	Eustratius of Nicaea	Ethica Nicomachea	In Ethica Nicomachea VI	
tlg0086.tlg010	2/#22	ancient_classical	4031.003	/266#1	11th_12th	0.1995	41	46	περὶ ψυχῆς πρῶτον εἰπόντες λέγωμεν οὕτως πρότερον μὲν οὖν ἐλέχθη δύ εἶναι μέρη τῆς ψυχῆς τό τε λόγον ἔχον καὶ τὸ ἄλογον νῦν δὲ περὶ τοῦ λόγον ἔχοντος τὸν αὐτὸν τρόπον διαιρετέον καὶ ὑποκείσθω δύο τὰ λόγον ἔχοντα ἓν μὲν ᾧ θεωροῦμεν τὰ τοιαῦτα τῶν ὄντων ὅσων αἱ ἀρχαὶ μὴ ἐνδέχονται ἄλλως ἔχειν ἓν δὲ ᾧ τὰ ἐνδεχόμενα πρὸς γὰρ τὰ	Πρότερον μὲν οὖν ἐλέχθη δύο μέρη εἶναι τῆς ψυχῆς τὸ λόγον ἔχον καὶ τὸ ἄλογον νῦν δὲ περὶ τοῦ λόγον ἔχοντος τὸν αὐτὸν τρόπον διαιρετέον καὶ ὑποκείσθω δύο τὰ λόγον ἔχοντα ἓν μὲν ᾧ θεωροῦμεν τὰ τοιαῦτα τῶν ὄντων ὧν αἱ ἀρχαὶ μὴ ἐνδέχονται ἄλλως ἔχειν ἓν δὲ ᾧ τὰ ἐνδεχόμενα Καὶ ἐν τοῖς προτέροις βιβλίοις εἴρηκεν	Aristotle	Eustratius of Nicaea	Ethica Nicomachea	In Ethica Nicomachea VI	
tlg0086.tlg010	11/#12	ancient_classical	4031.003	/376#2	11th_12th	0.2655	38	49	ἐσχάτων νοῦς ἐστὶ καὶ οὐ λόγος καὶ ὁ μὲν κατὰ τὰς ἀποδείξεις τῶν ἀκινήτων ὅρων καὶ πρώτων ὁ δ ἐν ταῖς πρακτικαῖς τοῦ ἐσχάτου καὶ ἐνδεχομένου καὶ τῆς ἑτέρας προτάσεως ἀρχαὶ γὰρ τοῦ οὗ ἕνεκα αὗται ἐκ τῶν καθ ἕκαστα γὰρ τὰ καθόλου τούτων οὖν ἔχειν δεῖ αἴσθησιν αὕτη δ ἐστὶ νοῦς διὸ καὶ φυσικὰ δοκεῖ εἶναι ταῦτα	γὰρ τῶν πρώτων ὅρων καὶ τῶν ἐσχάτων νοῦς ἐστι καὶ οὐ λόγος ὁ μὲν κατὰ τὰς ἀποδείξεις τῶν ἀκινήτων ὅρων καὶ πρώτων ὁ δ ἐν ταῖς πρακτικαῖς τοῦ ἐσχάτου καὶ ἐνδεχομένου καὶ τῆς ἑτέρας προτάσεως ἀρχαὶ γὰρ τοῦ οὗ ἕνεκα αὗται ἐκ τῶν καθ ἕκαστα γὰρ τὸ καθόλου τούτων οὖν δεῖ ἔχειν αἴσθησιν αὕτη δ ἐστὶ νοῦς Τὸν βουλόμενον εἰδέναι τι γνωστὸν ἔχον	Aristotle	Eustratius of Nicaea	Ethica Nicomachea	In Ethica Nicomachea VI	
tlg0086.tlg010	12/#7	ancient_classical	4031.003	/384#2	11th_12th	0.2441	23	46	δ οὐδὲ τοῖς μὴ ἔχουσιν οὐδὲν γὰρ διοίσει αὐτοὺς ἔχειν ἢ ἄλλοις ἔχουσι πείθεσθαι ἱκανῶς τ ἔχοι ἂν ἡμῖν ὥσπερ καὶ περὶ τὴν ὑγίειαν βουλόμενοι γὰρ ὑγιαίνειν ὅμως οὐ μανθάνομεν ἰατρικήν πρὸς δὲ τούτοις ἄτοπον ἂν εἶναι δόξειεν εἰ χείρων τῆς σοφίας οὖσα κυριωτέρα αὐτῆς ἔσται ἡ γὰρ ποιοῦσα ἄρχει καὶ ἐπιτάττει περὶ ἕκαστον περὶ δὴ τούτων λεκτέον νῦν μὲν	γὰρ διοίσει αὐτοὺς ἔχειν ἢ ἄλλοις ἔχουσι πείθεσθαι ἱκανῶς τ ἔχοι ἂν ἡμῖν ὡς καὶ περὶ τὴν ὑγίειαν βουλόμενοι γὰρ ὑγιαίνειν ὅμως οὐ μανθάνο μεν ἰατρικήν πρὸς δὲ τούτοις ἄτοπον ἂν εἶναι δόξειεν εἰ χεί ρων τῆς σοφίας οὖσα κυριωτέρα αὐτῆς ἔσται ἡ γὰρ ποιοῦσα ἄρχει καὶ ἐπιτάττει περὶ ἕκαστον Διδάξας Ἀριστοτέλης περὶ φρονήσεως καὶ σοφίας	Aristotle	Eustratius of Nicaea	Ethica Nicomachea	In Ethica Nicomachea VI	
tlg0086.tlg010	7/#28	ancient_classical	4031.003	/331#1	11th_12th	0.25	37	44	καὶ νοῦς τῶν τιμιωτάτων τῇ φύσει διὸ Ἀναξαγόραν καὶ Θαλῆν καὶ τοὺς τοιούτους σοφοὺς μὲν φρονίμους δ οὔ φασιν εἶναι ὅταν ἴδωσιν ἀγνοοῦντας τὰ συμφέροντα ἑαυτοῖς καὶ περιττὰ μὲν καὶ θαυμαστὰ καὶ χαλεπὰ καὶ δαιμόνια εἰδέναι αὐτούς φασιν ἄχρηστα δ ὅτι οὐ τὰ ἀνθρώπινα ἀγαθὰ ζητοῦσιν ἡ δὲ φρόνησις περὶ τὰ ἀνθρώπινα	Διὸ Ἀναξαγόραν καὶ Θαλῆν καὶ τοὺς τοιούτους σο φοὺς μέν φρονίμους δ οὔ φασιν εἶναι ὅταν ἴδωσιν ἀγνοοῦντας τὰ συμφέροντα ἑαυτοῖς καὶ περιττὰ μὲν καὶ θαυμαστὰ καὶ χαλεπὰ καὶ δαιμόνια εἰδέναι αὐτούς φασιν ἄχρηστα δὲ διότι οὐ τὰ ἀνθρώπινα ἀγαθὰ ζητοῦσιν ἡ δὲ φρόνησις περὶ τὰ ἀν θρώπινα καὶ περὶ ὧν ἔστι βουλεύσασθαι Δείκνυσι τὸ ῥηθέν ὅτι ἑτέρα τῆς φρονήσεως ἡ σοφία καὶ εἰσέτι διά τινος ἑτέρας κοινῆς ὑπολήψεως περὶ δὲ ἄνδρας ὁμολογουμένους σοφοὺς Ἀναξαγόραν τε καὶ Θαλῆν ἰδοὺ γὰρ οὗτοι σοφοὶ μὲν λέγονται φρόνιμοι δ οὔ διότι ἀγνοοῦσι τὰ συμφέροντα ἑαυτοῖς περὶ γὰρ τὰ ὑπὲρ τὸν βίον	Aristotle	Eustratius of Nicaea	Ethica Nicomachea	In Ethica Nicomachea VI	
tlg0086.tlg010	4/#16	ancient_classical	4031.003	/299#2	11th_12th	0.3009	30	53	μετὰ λόγου ἕξις πρακτικὴ ἕτερόν ἐστι τῆς μετὰ λόγου ποιητικῆς ἕξεως διὸ οὐδὲ περιέχεται ὑπ ἀλλήλων οὔτε γὰρ ἡ πρᾶξις ποίησις οὔτε ἡ ποίησις πρᾶξίς ἐστιν ἐπεὶ δ ἡ οἰκοδομικὴ τέχνη τίς ἐστι καὶ ὅπερ ἕξις τις μετὰ λόγου ποιητική καὶ οὐδεμία οὔτε τέχνη ἐστὶν ἥτις οὐ μετὰ λόγου ποιητικὴ ἕξις ἐστίν οὔτε τοιαύτη ἣ οὐ τέχνη ταὐτὸν ἂν εἴη τέχνη καὶ ἕξις μετὰ λόγου ἀληθοῦς ποιητική ἔστι δὲ τέχνη πᾶσα περὶ γένεσιν	ἡ ποίησις οὐχ οὕτως ἀλλήλων ἕτερα οὔτε γὰρ ἡ πρᾶξις περιέχει τὴν ποίησιν οὔτε ἡ ποίησις τὴν πρᾶξιν Ἐπεὶ δ ἡ οἰκοδομικὴ τέχνη τίς ἐστι καὶ ὅπερ ἕξις τις μετὰ λόγου ποιητική καὶ οὐδεμία οὔτε τέχνη ἐστὶν ἣ οὐ μετὰ λόγου ποιητικὴ ἕξις ἐστὶν οὔτε τοιαύτη ἣ οὐ τέχνη ταὐ τὸν ἂν εἴη τέχνη καὶ ἕξις μετὰ λόγου ἀληθοῦς ποιητική Μετὰ τὸ παραθέσθαι πρὸς ἀλλήλας τὴν	Aristotle	Eustratius of Nicaea	Ethica Nicomachea	In Ethica Nicomachea VI	
tlg0086.tlg010	13/#9	ancient_classical	4031.003	/403#2	11th_12th	0.2533	20	39	οὐδὲ φρόνιμον ἄνευ τῆς ἠθικῆς ἀρετῆς ἀλλὰ καὶ ὁ λόγος ταύτῃ λύοιτ ἄν ᾧ διαλεχθείη τις ἂν ὅτι χωρίζονται ἀλλήλων αἱ ἀρεταί οὐ γὰρ ὁ αὐτὸς εὐφυέστατος πρὸς ἁπάσας ὥστε τὴν μὲν ἤδη τὴν δ οὔπω εἰληφὼς ἔσται τοῦτο γὰρ κατὰ μὲν τὰς φυσικὰς ἀρετὰς ἐνδέχεται καθ ἃς δὲ ἁπλῶς λέγεται	πρὸς ἀντιδιαστολὴν τί θησι τῆς φυσικῆς ἀρετῆς οὐ γὰρ ὁ ἐκ φύσεως δίκαιος ἢ ἀνδρεῖος ἢ σώ φρων κυρίως ἀγαθός ἀλλὰ μόνον εὐφυὴς καὶ ἐπιτήδειος πρὸς τὰς ἀρετὰς ἢ πάσας ἢ τινὰς ἢ τινά οἷον ἀρετῆς τινος μόρια ὥσπερ ἂν εἴ τις εἴη πρὸς ἐλευθεριότητα ἐκ φύσεως ἐπιτήδειος καταφρονητικὸς ὢν χρημάτων καὶ παρὰ φαῦλον ταῦτα ποιούμενος ὅτι μηδὲ ἡ εὐφυΐα μόνη ἀρκεῖ πρὸς τὸ κατ ἀρετὴν τέλειον ἀλλὰ δεῖ καὶ τῆς κατὰ προαίρεσιν σπουδῆς καὶ ἀσκήσεως ἵν αἱ κατ ἀρετὴν ἕξεις τῇ ψυχῇ προσγένωνται Ἀλλὰ καὶ ὁ λόγος ταύτῃ λύοιτ ἄν ᾧ διαλεχθείη τις ἂν ὅτι χωρίζονται ἀλλήλων αἱ ἀρεταί οὐ γὰρ ὁ αὐτὸς ὁ εὐφυέστατος πρὸς ἁπάσας ὥστε τὴν μὲν ἤδη τὴν δ οὔπω εἰ ληφὼς ἔσται τοῦτο γὰρ κατὰ μὲν τὰς φυσικὰς ἀρετὰς ἐνδέ χεται καθ ἃς δὲ	Aristotle	Eustratius of Nicaea	Ethica Nicomachea	In Ethica Nicomachea VI	
tlg0086.tlg010	4/#17	ancient_classical	4031.003	/301#2	11th_12th	0.2046	37	37	φύσιν ἐν αὑτοῖς γὰρ ἔχουσι ταῦτα τὴν ἀρχήν ἐπεὶ δὲ ποίησις καὶ πρᾶξις ἕτερον ἀνάγκη τὴν τέχνην ποιήσεως ἀλλ οὐ πράξεως εἶναι καὶ τρόπον τινὰ περὶ τὰ αὐτά ἐστιν ἡ τύχη καὶ ἡ τέχνη καθάπερ καὶ Ἀγάθων φησὶ τέχνη τύχην ἔστερξε καὶ τύχη τέχνην ἡ μὲν οὖν τέχνη ὥσπερ εἴρηται	ταῦτα ἐν αὑτοῖς ἔχουσι τὴν ἀρχὴν τῆς κινήσεως Ἐπεὶ δὲ ποίησις καὶ πρᾶξις ἕτερον ἀνάγκη τὴν τέχνην ποιήσεως ἀλλ οὐ πράξεως εἶναι καὶ τρόπον τινὰ περὶ τὰ αὐτά ἐστιν ἡ τύχη καὶ ἡ τέχνη καθάπερ καὶ Ἀγάθων φησὶ τέχνη τύχην ἔστερξε καὶ τύχη τέχνην	Aristotle	Eustratius of Nicaea	Ethica Nicomachea	In Ethica Nicomachea VI	
tlg0086.tlg010	7/#28	ancient_classical	4031.003	/328#2	11th_12th	0.2118	28	43	προνοητικήν φανερὸν δὲ καὶ ὅτι οὐκ ἂν εἴη ἡ σοφία καὶ ἡ πολιτικὴ ἡ αὐτή εἰ γὰρ τὴν περὶ τὰ ὠφέλιμα τὰ αὑτοῖς ἐροῦσι σοφίαν πολλαὶ ἔσονται σοφίαι οὐ γὰρ μία περὶ τὸ ἁπάντων ἀγαθὸν τῶν ζῴων ἀλλ ἑτέρα περὶ ἕκαστον εἰ μὴ καὶ ἰατρικὴ μία περὶ πάντων τῶν ὄντων εἰ δ ὅτι βέλτιστον ἄνθρωπος τῶν	φύσει προσοῦσαι αὐτοῖς Φανερὸν δ εἴη ὅτι οὐκ ἂν εἴη ἡ πολιτικὴ καὶ ἡ σο φία ἡ αὐτή εἰ γὰρ τὴν περὶ τὰ ὠφέλιμα αὑτοῖς ἐροῦσι σοφίαν πολλαὶ ἔσονται σοφίαι οὐ γὰρ μία περὶ τὸ ἁπάντων ἀγαθὸν τῶν ζῴων ἀλλ ἑτέρα περὶ ἕκαστον εἰ μὴ καὶ ἰατρικὴ μία περὶ πάντων τῶν ὄντων Περὶ τοῦ αὐτοῦ καὶ πάλιν φησίν	Aristotle	Eustratius of Nicaea	Ethica Nicomachea	In Ethica Nicomachea VI	
tlg0086.tlg010	8/#27	ancient_classical	4031.003	/344#2	11th_12th	0.2487	26	45	πλῆθος γὰρ χρόνου ποιεῖ τὴν ἐμπειρίαν ἐπεὶ καὶ τοῦτ ἄν τις σκέψαιτο διὰ τί δὴ μαθηματικὸς μὲν παῖς γένοιτ ἄν σοφὸς δ ἢ φυσικὸς οὔ ἢ ὅτι τὰ μὲν δι ἀφαιρέσεώς ἐστιν τῶν δ αἱ ἀρχαὶ ἐξ ἐμπειρίας καὶ τὰ μὲν οὐ πιστεύουσιν οἱ νέοι ἀλλὰ λέγουσιν τῶν δὲ τὸ τί ἐστιν οὐκ ἄδηλον ἔτι ἡ ἁμαρτία ἢ περὶ τὸ	λαβεῖν καὶ ἀφικέσθαι εἰς ἕξιν φρονήσεως Ἐπεὶ καὶ τοῦτ ἄν τις σκέψαιτο διὰ τί μαθηματικὸς μὲν παῖς γένοιτ ἄν σοφὸς δὲ ἢ φυσικὸς οὔ ἢ ὅτι μὲν δι ἀφαιρέσεώς ἐστι τῶν δ αἱ ἀρχαὶ ἐξ ἐμπειρίας καὶ τὰ μὲν οὐ πιστεύουσιν οἱ νέοι ἀλλὰ λέγουσι τῶν δὲ τὸ τί ἐστιν οὐκ ἄδηλον Περὶ φρονήσεως λέγων καὶ ἀπαγορεύων τοῦ	Aristotle	Eustratius of Nicaea	Ethica Nicomachea	In Ethica Nicomachea VI	
tlg0086.tlg010	13/#7	ancient_classical	4031.003	/396#1	11th_12th	0.2201	29	35	οὕτω καὶ ἡ φυσικὴ ἀρετὴ πρὸς τὴν κυρίαν πᾶσι γὰρ δοκεῖ ἕκαστα τῶν ἠθῶν ὑπάρχειν φύσει πως καὶ γὰρ δίκαιοι καὶ σωφρονικοὶ καὶ ἀνδρεῖοι καὶ τἆλλα ἔχομεν εὐθὺς ἐκ γενετῆς ἀλλ ὅμως ζητοῦμεν ἕτερόν τι τὸ κυρίως ἀγαθὸν καὶ τὰ τοιαῦτα ἄλλον τρόπον ὑπάρχειν καὶ γὰρ παισὶ καὶ θηρίοις αἱ	δὲ κυρίαν ἀρετὴν ἐνταῦθα ὡς ἐκεῖ τὴν φρόνησιν Πᾶσι γὰρ δοκεῖ ἕκαστα τῶν ἠθῶν ὑπάρχειν φύσει πως καὶ γὰρ δίκαιοι καὶ σωφρονικοὶ καὶ ἀνδρεῖοι καὶ τἄλλα ἔχομεν εὐθὺς ἐκ γενετῆς ἀλλ ὅμως ζητοῦμεν ἕτερόν τι τὸ κυ ρίως ἀγαθὸν εἶναι καὶ τὰ τοιαῦτα ἄλλον τρόπον ὑπάρχειν Ὅτι φησίν ἄλλη ἐστὶν ἡ φυσικὴ ἀρετὴ καὶ ἄλλη ἡ κυρία δῆλον ἐκ τῆς κοινῆς ὑπολήψεως τῶν πολλῶν πᾶσι γὰρ δοκεῖ ἕκαστα τῶν ἠθῶν ὑπάρχειν φύσει πως ἤθη λέγομεν τὰ ἐκ φύσεως ἑπόμενα	Aristotle	Eustratius of Nicaea	Ethica Nicomachea	In Ethica Nicomachea VI	
tlg0086.tlg010	3/#28	ancient_classical	4031.003	/292#1	11th_12th	0.2365	31	44	ἀκριβολογεῖσθαι καὶ μὴ ἀκολουθεῖν ταῖς ὁμοιότησιν πάντες γὰρ ὑπολαμβάνομεν ὃ ἐπιστάμεθα μηδ ἐνδέχεσθαι ἄλλως ἔχειν τὰ δ ἐνδεχόμενα ἄλλως ὅταν ἔξω τοῦ θεωρεῖν γένηται λανθάνει εἰ ἔστιν ἢ μή ἐξ ἀνάγκης ἄρα ἐστὶ τὸ ἐπιστητόν ἀίδιον ἄρα τὰ γὰρ ἐξ ἀνάγκης ὄντα ἁπλῶς πάντα ἀίδια τὰ δ ἀίδια ἀγένητα καὶ ἄφθαρτα ἔτι διδακτὴ ἅπασα ἐπιστήμη δοκεῖ εἶναι	αἱ τῶν ἄλλων ἀντιφάσεις ἀκολου θήσωσιν Πάντες γὰρ ὑπολαμβάνομεν ὃ ἐπιστάμεθα μὴ ἐνδέ χεσθαι ἄλλως ἔχειν τὰ δὲ ἐνδεχόμενα ἄλλως ὅταν ἔξω τοῦ θεωρεῖν γένηται λανθάνει εἰ ἔστιν ἢ μή ἐξ ἀνάγκης ἄρα ἐστὶ τὸ ἐπιστητόν ἀίδιον ἄρα τὰ γὰρ ἐξ ἀνάγκης ὄντα ἁπλῶς πάν τα ἀίδια τὰ δ ἀίδια ἀγένητα καὶ ἄφθαρτα Πιστοῦται δὲ διὰ τούτων μεγίστην εἶναι	Aristotle	Eustratius of Nicaea	Ethica Nicomachea	In Ethica Nicomachea VI	
tlg0086.tlg010	10/#15	ancient_classical	4031.003	/367#1	11th_12th	0.202	29	47	ἐστιν οὔτε περὶ τῶν γιγνομένων ὁτουοῦν ἀλλὰ περὶ ὧν ἀπορήσειεν ἄν τις καὶ βουλεύσαιτο διὸ περὶ τὰ αὐτὰ μὲν τῇ φρονήσει ἐστίν οὐκ ἔστι δὲ τὸ αὐτὸ σύνεσις καὶ φρόνησις ἡ μὲν γὰρ φρόνησις ἐπιτακτική ἐστιν τί γὰρ δεῖ πράττειν ἢ μή τὸ τέλος αὐτῆς ἐστίν ἡ δὲ σύνεσις κριτικὴ μόνον ταὐτὸ γὰρ σύνεσις καὶ	οὐδετέρως τὴν θεωρίαν ποιεῖται ἡ σύνεσις ἀλλὰ περὶ ὧν ἀπορήσειεν ἄν τις καὶ βουλεύσαιτο Διὸ περὶ αὐτὰ μὲν τῇ φρονήσει ἐστίν οὐκ ἔστι δὲ ταὐτὸν σύνεσις καὶ φρόνησις ἡ μὲν γὰρ φρόνησις ἐπιτακτική ἐστιν τί γὰρ δεῖ πράττειν ἢ μή τὸ τέλος αὐτῆς ἐστιν ἡ δὲ ξύνεσις κριτικὴ μόνον ταὐτὸ γὰρ ξύνεσις καὶ εὐξυνεσία καὶ γὰρ οἱ συνετοὶ καὶ	Aristotle	Eustratius of Nicaea	Ethica Nicomachea	In Ethica Nicomachea VI	
tlg0086.tlg010	11/#11	ancient_classical	4031.003	/374#1	11th_12th	0.1937	26	40	ἀληθοῦς εἰσὶ δὲ πᾶσαι αἱ ἕξεις εὐλόγως εἰς ταὐτὸ τείνουσαι λέγομεν γὰρ γνώμην καὶ σύνεσιν καὶ φρόνησιν καὶ νοῦν ἐπὶ τοὺς αὐτοὺς ἐπιφέροντες γνώμην ἔχειν καὶ νοῦν ἤδη καὶ φρονίμους καὶ συνετούς πᾶσαι γὰρ αἱ δυνάμεις αὗται τῶν ἐσχάτων εἰσὶ καὶ τῶν καθ ἕκαστον καὶ ἐν μὲν τῷ κριτικὸς εἶναι	διὰ τὴν τῆς μετριότητος συγκατά βασιν Εἰσὶ δὲ πᾶσαι αἱ ἕξεις εὐλόγως εἰς ταὐτὸ τείνουσαι λέγομεν γὰρ γνώμην καὶ φρόνησιν καὶ σύνεσιν καὶ νοῦν ἐπὶ τοὺς αὐτοὺς ἐπιφέροντες γνώμην ἔχειν καὶ νοῦν ἤδη καὶ φρο νίμους καὶ συνετούς πᾶσαι γὰρ αἱ δυνάμεις αὗται τῶν ἐσχάτων καὶ τῶν καθ ἕκαστα Περὶ φρονήσεως καὶ συνέσεως ἔτι δὲ	Aristotle	Eustratius of Nicaea	Ethica Nicomachea	In Ethica Nicomachea VI	
tlg0086.tlg010	4/#16	ancient_classical	4031.003	/300#2	11th_12th	0.1489	27	46	λόγου ἕξις πρακτικὴ ἕτερόν ἐστι τῆς μετὰ λόγου ποιητικῆς ἕξεως διὸ οὐδὲ περιέχεται ὑπ ἀλλήλων οὔτε γὰρ ἡ πρᾶξις ποίησις οὔτε ἡ ποίησις πρᾶξίς ἐστιν ἐπεὶ δ ἡ οἰκοδομικὴ τέχνη τίς ἐστι καὶ ὅπερ ἕξις τις μετὰ λόγου ποιητική καὶ οὐδεμία οὔτε τέχνη ἐστὶν ἥτις οὐ μετὰ λόγου ποιητικὴ ἕξις ἐστίν οὔτε τοιαύτη ἣ οὐ τέχνη ταὐτὸν ἂν εἴη τέχνη καὶ ἕξις μετὰ λόγου ἀληθοῦς ποιητική ἔστι δὲ τέχνη πᾶσα περὶ γένεσιν καὶ τὸ τεχνάζειν καὶ θεωρεῖν ὅπως ἂν γένηταί τι τῶν ἐνδεχομένων καὶ εἶναι καὶ μὴ εἶναι καὶ ὧν ἡ ἀρχὴ ἐν τῷ ποιοῦντι ἀλλὰ μὴ ἐν τῷ ποιουμένῳ οὔτε γὰρ τῶν ἐξ ἀνάγκης ὄντων	ἀλλοτρίων αὐτοῦ τὸ γὰρ εἰπεῖν οὐδεμία τέχνη ἐστὶν ἥτις οὐ μετὰ λόγου ποιητικὴ ἕξις ἐστὶν ταὐτόν ἐστι τῷ λέ γειν ὅτι πᾶσα τέχνη τοιαύτη ἕξις ἐστί τὸ δ ἀληθὲς κοινὸν πᾶσι τοῖς ἀπηριθμημένοις ταῦτα γὰρ τὰ πέντε εἰσί καθ ἃ μετὰ λόγου καὶ συνέ σεως ἀληθεύειν ἄνθρωπος πέφυκεν ἐπεὶ καὶ κύων ῥινηλατῶν ἀληθεύσειεν ἂν τὴν τοῦ κρυπτομένου κνωδάλου ποιούμενος ἔρευναν ἀλλὰ οὐχὶ καὶ λό γος αὐτῷ καὶ σύνεσις πρόσεστι μόνη δέ τις φυσικὴ ἐπιτηδειότης πρὸς ζήτησίν τε καὶ εὕρεσιν Ἔστι δὲ τέχνη πᾶσα περὶ γένεσιν καὶ φθορὰν καὶ τὸ τεχνάζειν καὶ θεωρεῖν ὅπως ἂν γένηταί τι τῶν ἐνδεχομένων καὶ εἶναι καὶ μὴ εἶναι καὶ ὧν ἡ ἀρχὴ ἐν τῷ ποιοῦντι ἀλλ οὐκ ἐν τῷ ποιουμένῳ Ἀποδοὺς τὴν τέχνην τί ἐστι λέγει	Aristotle	Eustratius of Nicaea	Ethica Nicomachea	In Ethica Nicomachea VI	
tlg0086.tlg010	12/#7	ancient_classical	4031.003	/384#1	11th_12th	0.1995	45	45	δὲ μὴ τούτων χάριν φρόνιμον ῥητέον ἀλλὰ τοῦ γίνεσθαι τοῖς οὖσι σπουδαίοις οὐθὲν ἂν εἴη χρήσιμος ἔτι δ οὐδὲ τοῖς μὴ ἔχουσιν οὐδὲν γὰρ διοίσει αὐτοὺς ἔχειν ἢ ἄλλοις ἔχουσι πείθεσθαι ἱκανῶς τ ἔχοι ἂν ἡμῖν ὥσπερ καὶ περὶ τὴν ὑγίειαν βουλόμενοι γὰρ ὑγιαίνειν ὅμως οὐ μανθάνομεν ἰατρικήν πρὸς δὲ τούτοις ἄτοπον ἂν	ἰατρικὴν ἢ γυμνα στικήν ἐσμεν εἰ δὲ μὴ τούτων χάριν φρόνιμον θετέον ἀλλὰ τοῦ γενέσθαι τοῖς οὖσι σπουδαίοις οὐθὲν ἂν εἴη χρήσιμος ἔτι δὲ οὐδὲ τοῖς μὴ ἔχουσιν οὐθὲν γὰρ διοίσει αὐτοὺς ἔχειν ἢ ἄλλοις ἔχουσι πείθεσθαι ἱκανῶς τ ἔχοι ἂν ἡμῖν ὡς καὶ περὶ τὴν ὑγίειαν βουλόμενοι γὰρ ὑγιαίνειν ὅμως οὐ μανθάνο μεν	Aristotle	Eustratius of Nicaea	Ethica Nicomachea	In Ethica Nicomachea VI	
tlg0086.tlg010	5/#28	ancient_classical	4031.003	/308#3	11th_12th	0.3277	21	42	τοὺς οἰκονομικοὺς καὶ τοὺς πολιτικούς ἔνθεν καὶ τὴν σωφροσύνην τούτῳ προσαγορεύομεν τῷ ὀνόματι ὡς σῴζουσαν τὴν φρόνησιν σῴζει δὲ τὴν τοιαύτην ὑπόληψιν οὐ γὰρ ἅπασαν ὑπόληψιν διαφθείρει οὐδὲ διαστρέφει τὸ ἡδὺ καὶ λυπηρόν οἷον ὅτι τὸ τρίγωνον δύο ὀρθὰς ἔχει ἢ οὐκ ἔχει ἀλλὰ τὰς περὶ τὸ πρακτόν αἱ μὲν γὰρ ἀρχαὶ τῶν πρακτῶν	θεὸν ἀποφέροιεν Ἔνθεν τοι καὶ τὴν σωφροσύνην τούτῳ προσαγορεύ ουσι τῷ ὀνόματι ὡς σώζουσαν τὴν φρόνησιν σώζει δὲ τὴν τοιαύτην ὑπόληψιν οὐ γὰρ πᾶσαν ὑπόληψιν διαφθείρει οὐδὲ διαστρέφει τὸ ἡδὺ καὶ τὸ λυπηρόν οἷον ὅτι τὸ τρίγωνον δύο ὀρθαῖς ἴσας ἔχει ἢ οὐκ ἔχει ἀλλὰ τὰς περὶ τὸ πρακτόν Ἔτι τὸ αὐτὸ βεβαιοῖ καὶ διὰ	Aristotle	Eustratius of Nicaea	Ethica Nicomachea	In Ethica Nicomachea VI	
tlg0086.tlg010	8/#25	ancient_classical	4031.003	/338#2	11th_12th	0.2086	37	41	ἣ δὲ ὡς τὰ καθ ἕκαστα τὸ κοινὸν ἔχει ὄνομα πολιτική αὕτη δὲ πρακτικὴ καὶ βουλευτική τὸ γὰρ ψήφισμα πρακτὸν ὡς τὸ ἔσχατον διὸ πολιτεύεσθαι τούτους μόνον λέγουσιν μόνοι γὰρ πράττουσιν οὗτοι ὥσπερ οἱ χειροτέχναι δοκεῖ δὲ καὶ φρόνησις μάλιστ εἶναι ἡ περὶ αὐτὸν καὶ ἕνα καὶ ἔχει αὕτη τὸ κοινὸν ὄνομα φρόνησις ἐκείνων δὲ ἣ μὲν οἰκονομία ἣ δὲ νομοθεσία ἣ δὲ πολιτική καὶ ταύτης ἣ μὲν βουλευτικὴ ἣ δὲ δικαστική εἶδος μὲν οὖν τι ἂν εἴη	πράττων καὶ τὰ καθ ἕκαστα μεταχειριζόμενος Δοκεῖ δὲ καὶ φρόνησις μάλιστ εἶναι ἡ περὶ αὐτὸν καὶ ἕνα καὶ ἔχει αὕτη τὸ κοινὸν ὄνομα φρόνησις ἐκείνων δὲ ἡ μὲν οἰκονομία ἡ δὲ νομοθεσία ἡ δὲ πολιτική καὶ ταύτης ἡ μὲν συμβουλευτικὴ ἡ δὲ δικαστική Περὶ τῆς φρονήσεως εἰσέτι ἀκριβολογεῖται καὶ τῶν ἕξεων τῶν συστοί χων αὐτῇ λέγω δὲ οἰκονομικῆς νομοθεσίας πολιτικῆς σύστοιχοι δ αὗται πᾶσαι ἀλλήλαις διότι καὶ πᾶσαι αὗται βουλευτικαὶ καὶ περὶ τὰ ἀνθρώπῳ ἄριστα καταγίνονται διαφέρουσι δὲ ἀλλήλων ὅτι ἡ μὲν φρόνησις δοκεῖ μάλιστα εἶναι ὡς αὐτός φησιν ἡ περὶ τὸν αὐτὸν καὶ ἕνα τὴν σπουδὴν ἔχουσα καὶ τῶν αὐτῷ ὠφελίμων στοχαζομένη διὸ καὶ τὸ κοινὸν ἔχει ὄνομα φρόνησις καλουμένη κἂν δὲ καὶ τὰς	Aristotle	Eustratius of Nicaea	Ethica Nicomachea	In Ethica Nicomachea VI	
tlg0086.tlg010	11/#11	ancient_classical	4031.003	/376#2	11th_12th	0.1929	18	41	καὶ ἡ γνώμη περὶ τὰ πρακτά ταῦτα δ ἔσχατα καὶ ὁ νοῦς τῶν ἐσχάτων ἐπ ἀμφότερα καὶ γὰρ τῶν πρώτων ὅρων καὶ τῶν ἐσχάτων νοῦς ἐστὶ καὶ οὐ λόγος καὶ ὁ μὲν κατὰ τὰς ἀποδείξεις τῶν ἀκινήτων ὅρων καὶ πρώτων ὁ δ ἐν ταῖς πρακτικαῖς τοῦ ἐσχάτου καὶ	τῆς τῶν καθ ἕκαστα πολυπειρίας προσγίνεται Ταῦτα δ ἔσχατα καὶ ὁ νοῦς τῶν ἐσχάτων ἐπ ἀμ φότερα καὶ γὰρ τῶν πρώτων ὅρων καὶ τῶν ἐσχάτων νοῦς ἐστι καὶ οὐ λόγος ὁ μὲν κατὰ τὰς ἀποδείξεις τῶν ἀκινήτων ὅρων καὶ πρώτων ὁ δ ἐν ταῖς πρακτικαῖς τοῦ ἐσχάτου καὶ ἐνδεχομένου καὶ τῆς ἑτέρας προτάσεως ἀρχαὶ	Aristotle	Eustratius of Nicaea	Ethica Nicomachea	In Ethica Nicomachea VI	
tlg0086.tlg010	11/#12	ancient_classical	4031.003	/381#1	11th_12th	0.1565	21	35	δ ἔχειν καὶ σύνεσιν καὶ νοῦν σημεῖον δ ὅτι καὶ ταῖς ἡλικίαις οἰόμεθα ἀκολουθεῖν καὶ ἥδε ἡ ἡλικία νοῦν ἔχει καὶ γνώμην ὡς τῆς φύσεως αἰτίας οὔσης διὸ καὶ ἀρχὴ καὶ τέλος νοῦς ἐκ τούτων γὰρ αἱ ἀποδείξεις καὶ περὶ τούτων ὥστε δεῖ προσέχειν τῶν ἐμπείρων καὶ	Σημεῖον δ ὅτι καὶ ταῖς ἡλικίαις οἰόμεθα ἀκολουθεῖν καὶ ἥδε ἡ ἡλικία νοῦν ἔχει καὶ γνώμην ὡς τῆς φύσεως αἰτίας οὔσης Ὅτι δὲ φυσικὰ ταῦτα ἐντεῦθεν σημειωσόμεθα φησίν οἰόμεθα γὰρ ἅπαντες ἄνθρωποι ταῖς ἡλικίαις τὰς ἕξεις ταύτας ἀκολουθεῖν ὡς λειπό μενον μὲν ἡλικίας ἄνθρωπον λείπεσθαι λέγειν αὐτὸν καὶ φρονήσεως καὶ γνώμης εἰς ἡλικίας δὲ μέτρον ἥκοντα λέγειν ἤδη αὐτὸν νοῦν ἔχειν καὶ γνώμην ἤτοι φρόνησιν καὶ ὀρθὴν κρίσιν ἐπιεικοῦς ὡς τῆς φύσεως καὶ τὴν ἡλικίαν χορηγούσης αὐτῷ καὶ τὸν νοῦν καὶ τὴν γνῶσιν ἡ γὰρ ἐκ τῆς φύσεως ἡλικία ἱκανὸν πρὸς πολυπειρίαν χορηγήσασα χρόνον παρέσχεν αὐτῷ καὶ νοῦν καὶ γνώμην προσκτήσασθαι Διὸ καὶ ἀρχὴ καὶ τέλος νοῦς ἐκ τούτων γὰρ αἱ ἀπο δείξεις καὶ περὶ τούτων Διότι φησί νοῦ ἡμῖν δεῖ ἑκατέρωθεν	Aristotle	Eustratius of Nicaea	Ethica Nicomachea	In Ethica Nicomachea VI	
tlg0086.tlg010	12/#9	ancient_classical	4031.003	/392#1	11th_12th	0.1865	17	39	ἐπιστήσασι σαφέστερον περὶ αὐτῶν ἔστι δὴ δύναμις ἣν καλοῦσι δεινότητα αὕτη δ ἐστὶ τοιαύτη ὥστε τὰ πρὸς τὸν ὑποτεθέντα σκοπὸν συντείνοντα δύνασθαι ταῦτα πράττειν καὶ τυγχάνειν αὐτοῦ ἂν μὲν οὖν ὁ σκοπὸς ᾖ καλός ἐπαινετή ἐστιν ἐὰν δὲ φαῦλος πανουργία διὸ καὶ τοὺς φρονίμους δεινοὺς καὶ πανούργους φαμὲν εἶναι ἔστι δ ἡ φρόνησις οὐχ ἡ	ἔστι δή τις δύναμις ἣν καλοῦσι δεινότητα αὕτη δέ ἐστι τοι αύτη ὥστε τὰ πρὸς τὸν ὑποτεθέντα σκοπὸν συντείνοντα δύνα σθαι ταῦτα πράττειν καὶ τυγχάνειν αὐτῶν ἂν μὲν οὖν ὁ σκο πὸς ᾖ καλός ἐπαινετή ἐστιν ἂν δὲ φαῦλος πανουργία διὸ καὶ τοὺς φρονίμους δεινοὺς καὶ πανούργους φαμὲν εἶναι Κατὰ μὲν τὴν ἀλήθειαν καλῶς εἴρηται	Aristotle	Eustratius of Nicaea	Ethica Nicomachea	In Ethica Nicomachea VI	
tlg0086.tlg010	13/#9	ancient_classical	4031.003	/403#3	11th_12th	0.1503	15	34	αἱ ἀρεταί οὐ γὰρ ὁ αὐτὸς εὐφυέστατος πρὸς ἁπάσας ὥστε τὴν μὲν ἤδη τὴν δ οὔπω εἰληφὼς ἔσται τοῦτο γὰρ κατὰ μὲν τὰς φυσικὰς ἀρετὰς ἐνδέχεται καθ ἃς δὲ ἁπλῶς λέγεται ἀγαθός οὐκ ἐνδέχεται ἅμα γὰρ τῇ φρονήσει μιᾷ ὑπαρχούσῃ πᾶσαι ὑπάρξουσιν δῆλον δέ κἂν εἰ μὴ πρακτικὴ	εὐφυέστατος πρὸς ἁπάσας ὥστε τὴν μὲν ἤδη τὴν δ οὔπω εἰ ληφὼς ἔσται τοῦτο γὰρ κατὰ μὲν τὰς φυσικὰς ἀρετὰς ἐνδέ χεται καθ ἃς δὲ ἁπλῶς λέγεται ἀγαθός οὐκ ἐνδέχεται ἅμα γὰρ τῇ φρονήσει μιᾷ οὔσῃ πᾶσαι ὑπάρξουσι Δόξης οὔσης κοινῆς παρὰ τοῖς σοφοῖς	Aristotle	Eustratius of Nicaea	Ethica Nicomachea	In Ethica Nicomachea VI	
tlg0086.tlg010	6/#23	ancient_classical	4031.003	/315#2	11th_12th	0.17	24	42	ἕτερον δὲ καὶ τοῦτο τοῦ πολιτικοῦ ἐπεὶ δ ἡ ἐπιστήμη περὶ τῶν καθόλου ἐστὶν ὑπόληψις καὶ τῶν ἐξ ἀνάγκης ὄντων εἰσὶ δ ἀρχαὶ τῶν ἀποδεικτῶν καὶ πάσης ἐπιστήμης μετὰ λόγου γὰρ ἡ ἐπιστήμη τῆς ἀρχῆς τοῦ ἐπιστητοῦ οὔτ ἂν ἐπιστήμη εἴη οὔτε τέχνη οὔτε φρόνησις τὸ μὲν γὰρ ἐπιστητὸν ἀποδεικτόν αἳ δὲ τυγχάνουσιν οὖσαι περὶ τὰ	παντελῶς ἢ ἐν μέρει αὐτῆς ἐπιλανθάνεται Ἐπεὶ δ ἡ ἐπιστήμη περὶ τῶν καθόλου ἐστὶν ὑπόλη ψις καὶ τῶν ἐξ ἀνάγκης ὄντων εἰσὶ δ ἀρχαὶ τῶν ἀποδεικτῶν καὶ πάσης ἐπιστήμης μετὰ λόγου γὰρ ἡ ἐπιστήμη τῆς ἀρχῆς τοῦ ἐπιστητοῦ οὔτ ἂν εἴη ἐπιστήμη οὔτε τέχνη οὔτε φρόνη σις τὸ μὲν γὰρ ἐπιστητὸν ἀποδεικτόν	Aristotle	Eustratius of Nicaea	Ethica Nicomachea	In Ethica Nicomachea VI	
tlg0086.tlg010	2/#23	ancient_classical	4031.003	/277#2	11th_12th	0.2103	17	32	ἀρετὴ πρὸς τὸ ἔργον τὸ οἰκεῖον τρία δή ἐστιν ἐν τῇ ψυχῇ τὰ κύρια πράξεως καὶ ἀληθείας αἴσθησις νοῦς ὄρεξις τούτων δ ἡ αἴσθησις οὐδεμιᾶς ἀρχὴ πράξεως δῆλον δὲ τῷ τὰ θηρία αἴσθησιν μὲν ἔχειν πράξεως δὲ μὴ κοινωνεῖν ἔστι δ ὅπερ	τούτων ὡς ἔνι ποιησώμεθα δια σάφησιν Τρία δ ἐστὶν ἐν τῇ ψυχῇ τὰ κύρια πράξεως καὶ ἀληθείας αἴσθησις νοῦς ὄρεξις τούτων δ ἡ αἴσθησις οὐδε μιᾶς ἀρχὴ πράξεως δῆλον δὲ τῷ τὰ θηρία αἴσθησιν μὲν ἔχειν πράξεως δὲ μὴ κοινωνεῖν Ἔτι περὶ θατέρου τῶν λόγον ἐχόντων ὃ περὶ τὰ ἐνδεχόμενα κατα γίνεται τοῦτο δ ἐστὶ τὸ λογιστικόν διδάσκει ἡμᾶς ἐπεὶ αἰσθητικὴ γνῶσις μὲν μετέχει πως καὶ αὐτὴ τῆς περὶ τὰ ἔνυλα καὶ ἄλλοτε ἄλλως ἔχοντα κρίσεως ἀπαριθμεῖται καὶ αὐτὴν καί φησι τρία εἶναι ἐν τῇ ψυχῇ τὰ κύρια πράξεως καὶ ἀληθείας αἴσθησιν νοῦν ὄρεξιν οὐχ ὅτι καὶ ἡ αἴσθησις ἔχει	Aristotle	Eustratius of Nicaea	Ethica Nicomachea	In Ethica Nicomachea VI	
tlg0086.tlg010	13/#7	ancient_classical	4031.003	/397#3	11th_12th	0.3139	31	31	ἕξεις ἀλλ ἄνευ νοῦ βλαβεραὶ φαίνονται οὖσαι πλὴν τοσοῦτον ἔοικεν ὁρᾶσθαι ὅτι ὥσπερ σώματι ἰσχυρῷ ἄνευ ὄψεως κινουμένῳ συμβαίνει σφάλλεσθαι ἰσχυρῶς διὰ τὸ μὴ ἔχειν ὄψιν οὕτω καὶ ἐνταῦθα ἐὰν δὲ λάβῃ νοῦν ἐν τῷ πράττειν διαφέρει ἡ δ ἕξις ὁμοία οὖσα τότ	τὸ μετροῦν αὐτὰς καὶ τάττον μὴ ἔχουσαι Πλὴν τοσοῦτον ἔοικεν ὁρᾶσθαι ὅτι ὥσπερ σώματι ἰσχυρῷ ἄνευ ὄψεως κινουμένῳ συμβαίνει σφάλλεσθαι ἰσχυρῶς διὰ τὸ μὴ ἔχειν ὄψιν οὕτω καὶ ἐνταῦθα ἐὰν δὲ λάβῃ νοῦν ἐν τῷ πράττειν διαφέρει Ἐπειδὴ αἱ κατὰ τὰς ἀρετὰς ἕξεις	Aristotle	Eustratius of Nicaea	Ethica Nicomachea	In Ethica Nicomachea VI	
tlg0086.tlg010	13/#8	ancient_classical	4031.003	/398#3	11th_12th	0.1511	22	36	τότ ἔσται κυρίως ἀρετή ὥστε καθάπερ ἐπὶ τοῦ δοξαστικοῦ δύο ἐστὶν εἴδη δεινότης καὶ φρόνησις οὕτω καὶ ἐπὶ τοῦ ἠθικοῦ δύο ἐστί τὸ μὲν ἀρετὴ φυσικὴ τὸ δ ἡ κυρία καὶ τούτων ἡ κυρία οὐ γίνεται ἄνευ φρονήσεως διόπερ τινές φασι πάσας τὰς ἀρετὰς	μόνον ἡ δ ἕξις ὁμοία οὖσα τότ ἔσται κυρίως ἀρετή ἕξιν ὀνομάζει τὴν ἐξ ἔθους γινομένην οὐ τὴν ἐκ φύσεως ὑπάρχουσαν ἐπιτηδειότητα καὶ ὀνομάζει ὁμοίαν οὐ τὴν αὐτὴν τὴν ἕξιν τῇ εὐφυΐᾳ ἑτερογενεῖς γὰρ ἀλλήλων αὗταί εἰσιν εἴπερ ἡ μὲν φυσική ἡ δὲ ἠθική οὔκουν διὰ τὴν ὁμοιότητα κυρίως ἐροῦμεν ἀρετὴν τὴν φυσικήν ἀλλὰ τότε ἔσται κυρίως ἀρετή ὅταν γένηται ἕξις ἤτοι ὅταν ἐξ ἔθους καὶ ἀσκήσεως τὸ βέβαιον ἕξει πρὸς τὸ κατὰ λόγον καὶ ὀρθῶς ἐνεργεῖν Ὥστε καθάπερ ἐπὶ τοῦ δοξαστικοῦ δύο εἴδη δεινότης καὶ φρόνησις καὶ ἐπὶ τοῦ ἠθικοῦ δύο ἐστί τὸ μὲν ἀρετὴ φυσική τὸ δ ἡ κυρία καὶ τούτων ἡ κυρία οὐ γίνεται ἄνευ φρονήσεως Τοῦτο συμπέρασμά ἐστι τῶν εἰρημένων ἔδειξε	Aristotle	Eustratius of Nicaea	Ethica Nicomachea	In Ethica Nicomachea VI	
tlg0086.tlg010	13/#10	ancient_classical	4031.003	/404#2	11th_12th	0.1982	19	42	τῇ φρονήσει μιᾷ ὑπαρχούσῃ πᾶσαι ὑπάρξουσιν δῆλον δέ κἂν εἰ μὴ πρακτικὴ ἦν ὅτι ἔδει ἂν αὐτῆς διὰ τὸ τοῦ μορίου ἀρετὴν εἶναι καὶ ὅτι οὐκ ἔσται ἡ προαίρεσις ὀρθὴ ἄνευ φρονήσεως οὐδ ἄνευ ἀρετῆς ἣ μὲν γὰρ τὸ τέλος ἣ δὲ τὰ πρὸς τὸ τέλος ποιεῖ πράττειν ἀλλὰ μὴν οὐδὲ κυρία γ ἐστὶ τῆς σοφίας	ἂν ὁ λόγος οὗτος ὁ ἄπορος Δῆλον δέ κἂν εἰ μὴ πρακτικὴ ἦν ὅτι ἔδει ἂν αὐτῆς διὰ τὸ μορίου ἀρετὴν εἶναι καὶ ὅτι οὐκ ἔσται ἡ προαίρεσις ὀρ θὴ ἄνευ φρονήσεως οὐδ ἄνευ ἀρετῆς ἡ μὲν γὰρ τὸ τέλος ἡ δὲ τὰ πρὸς τὸ τέλος ποιεῖ πράττειν Ἔστι μὲν οὖν ἡ φρόνησις καὶ πρακτικὸς νοῦς	Aristotle	Eustratius of Nicaea	Ethica Nicomachea	In Ethica Nicomachea VI	
tlg0086.tlg010	2/#23	ancient_classical	4031.003	/269#2	11th_12th	0.1718	26	38	τοιαῦτα τῶν ὄντων ὅσων αἱ ἀρχαὶ μὴ ἐνδέχονται ἄλλως ἔχειν ἓν δὲ ᾧ τὰ ἐνδεχόμενα πρὸς γὰρ τὰ τῷ γένει ἕτερα καὶ τῶν τῆς ψυχῆς μορίων ἕτερον τῷ γένει τὸ πρὸς ἑκάτερον πεφυκός εἴπερ καθ ὁμοιότητά τινα καὶ οἰκειότητα ἡ γνῶσις ὑπάρχει αὐτοῖς λεγέσθω δὲ τούτων τὸ μὲν ἐπιστημονικὸν τὸ δὲ λογιστικόν τὸ γὰρ βουλεύεσθαι καὶ λογίζεσθαι ταὐτόν οὐδεὶς δὲ βουλεύεται περὶ τῶν μὴ ἐνδεχομένων ἄλλως ἔχειν ὥστε τὸ λογιστικόν ἐστιν ἕν τι μέρος τοῦ λόγον ἔχοντος ληπτέον ἄρ ἑκατέρου τούτων τίς ἡ	ἀλλήλων διάφορα ἄλλως καὶ ἄλλως λαμβανόμενα Λεγέσθω δὲ τούτων τὸ μὲν ἐπιστημονικόν τὸ δὲ λο γιστικόν τὸ γὰρ βουλεύεσθαι καὶ λογίζεσθαι ταὐτόν οὐδεὶς δὲ βουλεύεται περὶ τῶν μὴ ἐνδεχομένων ἄλλως ἔχειν ὥστε τὸ λογιστικόν ἐστιν ἕν τι μέρος τοῦ λόγον ἔχοντος Ἐπεὶ διάφορα ὄντα τῷ γένει ἤτοι	Aristotle	Eustratius of Nicaea	Ethica Nicomachea	In Ethica Nicomachea VI	
tlg0086.tlg010	7/#26	ancient_classical	4031.003	/321#1	11th_12th	0.1809	17	30	ἐστίν εἶναι δέ τινας σοφοὺς οἰόμεθα ὅλως οὐ κατὰ μέρος οὐδ ἄλλο τι σοφούς ὥσπερ Ὅμηρός φησιν ἐν τῷ Μαργίτῃ τὸν δ οὔτ ἂρ σκαπτῆρα θεοὶ θέσαν οὔτ ἀροτῆρα οὔτ ἄλλως τι σοφόν ὥστε δῆλον ὅτι ἀκριβεστάτη ἂν τῶν ἐπιστημῶν εἴη ἡ σοφία δεῖ ἄρα τὸν σοφὸν	λεγομένη ἐπάγει ὅτι οἰόμεθά τινας σοφοὺς ὅλως οὐ κατὰ μέρος οὐδὲ ἄλλο τι σοφούς ἤτοι κυρίως καὶ οὐ πῇ καὶ κατά τι σοφούς τί δὲ δηλοῖ αὐτῷ ἐνταῦθα τὸ ὅλως καὶ κατὰ μέρος εἰρήκαμεν ἤδη ἱκανῶς ὡς ἐνῆν ὁ δὲ Ὅμηρος λέγων ἐν τῷ Μαργίτῃ τὸν δ οὔτ ἂρ σκαπτῆρα θεοὶ θέσαν οὔτ ἀροτῆρα οὔτ ἄλλως τι σοφόν περὶ σοφοῦ λέγει ὅλως ὄντος καὶ κυρίως σοφοῦ καὶ οὐ κατά τι σοφοῦ ὡς οἱ κατορθοῦντες περὶ τὰς τέχνας ἔστι γὰρ καὶ σκαπτῆρα τὸ σκάπτειν ἔργον ἔχοντα κατορθωτικὸν εἶναι περὶ τοῦτο καὶ διὰ τοῦτο σοφὸν ὀνομά ζεσθαι καὶ ἀροτῆρα ὡσαύτως περὶ τὸ ἀροτριᾶν ὑπάρχειν σοφὸν καὶ ἄλλον περὶ ἄλλο καὶ ἕτερον περὶ ἕτερον ἀλλὰ τούτων ἕκαστος τὶ σοφός ὁ δὲ ὅλως σοφὸς τούτων ἕτερος ταῦτα εἰπὼν ἐπάγει συμπεραινόμενος Ὥστε δῆλον ὅτι ἡ ἀκριβεστάτη ἂν τῶν ἐπιστημῶν εἴη	Aristotle	Eustratius of Nicaea	Ethica Nicomachea	In Ethica Nicomachea VI	
tlg0086.tlg010	12/#9	ancient_classical	4031.003	/390#2	11th_12th	0.1621	22	34	καὶ μὴ δι αὐτά καίτοι πράττουσί γε ἃ δεῖ καὶ ὅσα χρὴ τὸν σπουδαῖον οὕτως ὡς ἔοικεν ἔστι τὸ πῶς ἔχοντα πράττειν ἕκαστα ὥστ εἶναι ἀγαθόν λέγω δ οἷον διὰ προαίρεσιν καὶ αὐτῶν ἕνεκα τῶν πραττομένων τὴν μὲν οὖν προαίρεσιν ὀρθὴν ποιεῖ	δι ἄγνοιαν ἢ δι ἕτερόν τι καὶ μὴ δι αὐτά καίτοι πράττουσί γε ἃ δεῖ καὶ ὅσα δεῖ τὸν σπου δαῖον οὕτως ὡς ἔοικεν ἔστι τὸ πῶς ἔχοντα πράττειν ἕκαστα ὥστ εἶναι ἀγαθά λέγω δ οἷον διὰ προαίρεσιν καὶ αὐτῶν ἕνεκα τῶν πραττομένων Ἓν ἦν καὶ τοῦτο τῶν ἠπορημένων	Aristotle	Eustratius of Nicaea	Ethica Nicomachea	In Ethica Nicomachea VI	
tlg0086.tlg010	2/#24	ancient_classical	4031.003	/280#1	11th_12th	0.2107	32	32	τὸν μὲν φάναι τὴν δὲ διώκειν αὕτη μὲν οὖν ἡ διάνοια καὶ ἡ ἀλήθεια πρακτική τῆς δὲ θεωρητικῆς διανοίας καὶ μὴ πρακτικῆς μηδὲ ποιητικῆς τὸ εὖ καὶ κακῶς τἀληθές ἐστι καὶ ψεῦδος τοῦτο γάρ ἐστι παντὸς διανοητικοῦ ἔργον τοῦ δὲ πρακτικοῦ καὶ διανοητικοῦ ἀλήθεια	σπουδαία οὖσα ἡ βου λευτικὴ ὄρεξις Αὕτη μὲν οὖν ἡ διάνοια καὶ ἡ ἀλήθεια πρακτική τῆς δὲ θεωρητικῆς διανοίας καὶ μὴ πρακτικῆς μηδὲ ποιητικῆς τὸ εὖ καὶ κακῶς τἀληθές ἐστι καὶ ψεῦδος τοῦτο γάρ ἐστι παντὸς διανοητικοῦ ἔργον Ἐπεὶ εἰς δύο διῄρηκε τὴν διάνοιαν	Aristotle	Eustratius of Nicaea	Ethica Nicomachea	In Ethica Nicomachea VI	
tlg0086.tlg010	2/#25	ancient_classical	4031.003	/285#1	11th_12th	0.0851	15	33	ἕνεκά του καὶ πρακτική αὕτη γὰρ καὶ τῆς ποιητικῆς ἄρχει ἕνεκα γάρ του ποιεῖ πᾶς ὁ ποιῶν καὶ οὐ τέλος ἁπλῶς ἀλλὰ πρός τι καὶ τινός τὸ ποιητόν ἀλλὰ τὸ πρακτόν ἡ γὰρ εὐπραξία τέλος ἡ δ ὄρεξις τούτου διὸ ἢ ὀρεκτικὸς νοῦς ἡ προαίρεσις	ὃ λαβοῦσα συνεπεράνατο αὕτη γάρ φησί καὶ τῆς ποιητικῆς ἄρχει ἡ πρακτικὴ διάνοια ἣ καὶ λογισμὸς καὶ λογιστικὴ διάνοια λέγεται ἀρχή ἐστι καὶ τῆς ποιητικῆς διανοίας ποιητικὴ δέ ἐστιν ἡ ἔργον ὡς τέλος ἕτερον παρὰ τὴν ἐνέργειαν ἔχουσα οἷαι πᾶσαι αἱ ποιη τικαὶ ὀνομαζόμεναι τέχναι ὧν ἀνδριαντοποιητικὴ οἰκοδομικὴ τεκτονικὴ καὶ αἱ τοιαῦται ὧν ἑκάστῃ τέλος ἐστὶ παρὰ τὴν ἐνέργειαν ἕτερον τῇ μὲν ἀνδριάς τῇ δὲ οἰκία τῇ δὲ κλίνη ἢ θρόνος ἢ τράπεζα ἤ τι τοιοῦτον ἕτερον ἕνεκα γάρ του ποιεῖ πᾶς ὁ ποιῶν καὶ οὐ τέλος ἁπλῶς ἀλλὰ πρός τι καὶ τι νὸς τὸ ποιητὸν ἀλλ οὐ τὸ πρακτόν ἡ γὰρ εὐπραξία τέλος ἡ δ ὄρεξις τούτου τὸ τέλος φησὶ τῆς ποιητικῆς ἤγουν	Aristotle	Eustratius of Nicaea	Ethica Nicomachea	In Ethica Nicomachea VI	
tlg0086.tlg010	4/#16	ancient_classical	4031.003	/300#1	11th_12th	0.2174	10	31	λόγου ἕξις πρακτικὴ ἕτερόν ἐστι τῆς μετὰ λόγου ποιητικῆς ἕξεως διὸ οὐδὲ περιέχεται ὑπ ἀλλήλων οὔτε γὰρ ἡ πρᾶξις ποίησις οὔτε ἡ ποίησις πρᾶξίς ἐστιν ἐπεὶ δ ἡ οἰκοδομικὴ τέχνη τίς ἐστι καὶ ὅπερ ἕξις τις μετὰ λόγου ποιητική καὶ οὐδεμία οὔτε τέχνη ἐστὶν ἥτις οὐ μετὰ λόγου ποιητικὴ ἕξις ἐστίν οὔτε τοιαύτη ἣ οὐ τέχνη ταὐτὸν ἂν εἴη τέχνη καὶ ἕξις μετὰ λόγου ἀληθοῦς ποιητική ἔστι δὲ τέχνη πᾶσα περὶ γένεσιν	μεταβαίνει ἐπὶ τὸ καθόλου καί φησι καὶ οὐδεμία οὔτε τέχνη ἐστὶν ἥτις οὐ μετὰ λόγου ποι ητικὴ ἕξις ἐστὶν οὔτε τοιαύτη ἣ οὐ τέχνη ὥστε ταὐτὸν ἂν εἴη τέχνη καὶ ἕξις μετὰ λόγου ἀληθοῦς ποιητική καὶ ἔστι τὸ ὅλον τοιοῦτον ὅτι ἐπεὶ οὐ μόνον ἡ οἰκοδομικὴ ἐπιδέχεται τοῦτον τὸν ὁρισμὸν ἀλλὰ καὶ πᾶσα τέχνη καὶ οὐδενὶ ἑτέρῳ προσαρμόζει οὗτος ὁ λόγος ὃ μὴ τέχνη ἐστίν εἴη ἂν μόνης τῆς τέχνης καὶ πάσης καὶ ἀντιστρέφοι ἂν πρὸς αὐτήν ὃ καὶ ἴδιον ὁρισμοῦ λέγω δὴ τὸ μήτε τοῦ ὁριστοῦ παραλιμπάνειν ἔξω θεν μήτε περιέχειν τῶν φύσει ἀλλοτρίων αὐτοῦ τὸ γὰρ εἰπεῖν οὐδεμία τέχνη ἐστὶν ἥτις οὐ μετὰ λόγου ποιητικὴ ἕξις ἐστὶν ταὐτόν ἐστι	Aristotle	Eustratius of Nicaea	Ethica Nicomachea	In Ethica Nicomachea VI	
tlg0086.tlg010	5/#27	ancient_classical	4031.003	/306#1	11th_12th	0.1615	17	26	ἐπιστήμη μὲν μετ ἀποδείξεως ὧν δ αἱ ἀρχαὶ ἐνδέχονται ἄλλως ἔχειν τούτων μή ἐστιν ἀπόδειξις π άντα γὰρ ἐνδέχεται καὶ ἄλλως ἔχειν καὶ οὐκ ἔστι βουλεύσασθαι περὶ τῶν ἐξ ἀνάγκης ὄντων οὐκ ἂν εἴη ἡ φρόνησις ἐπιστήμη οὐδὲ τέχνη ἐπιστήμη μὲν ὅτι ἐνδέχεται τὸ πρακτὸν ἄλλως ἔχειν τέχνη δ ὅτι ἄλλο τὸ γένος πράξεως καὶ ποιήσεως λείπεται ἄρα αὐτὴν εἶναι ἕξιν ἀληθῆ	διὰ τοῦτο οὐκ ἔστιν ἀπόδειξις ὧν αἱ ἀρχαὶ ἐνδέχονται ἄλλως ἔχειν διότι πάντα τὰ ἐξ ἐνδεχομένων ἀρχῶν συναγόμενα συμπεράσματα ἐνδέχεται καὶ ἄλλως ἔχειν τοῦτο δὲ οὐκ ἔστιν ἀπόδειξις τὰ γὰρ ἀπο δεικτικῶς συμπεραινόμενα ἄλλως ἔχειν οὐκ ἐνδέχεται Ἐπιστήμη μέν ὅτι ἐνδέχεται τὸ πρακτὸν ἄλλως ἔχειν τέχνη δ ὅτι ἄλλο τὸ γένος πράξεως καὶ ποιήσεως λεί πεται ἄρα αὐτὴν ἕξιν εἶναι	Aristotle	Eustratius of Nicaea	Ethica Nicomachea	In Ethica Nicomachea VI	
tlg0086.tlg010	5/#27	ancient_classical	4031.003	/304#2	11th_12th	0.1561	20	29	ἰσχύν ἀλλὰ ποῖα πρὸς τὸ εὖ ζῆν ὅλως σημεῖον δ ὅτι καὶ τοὺς περί τι φρονίμους λέγομεν ὅταν πρὸς τέλος τι σπουδαῖον εὖ λογίσωνται ὧν μή ἐστι τέχνη ὥστε καὶ ὅλως ἂν εἴη φρόνιμος ὁ βουλευτικός βουλεύεται δ οὐθεὶς περὶ τῶν ἀδυνάτων	ἐννοίας διάφορον τὴν δὲ δύναμιν τὴν αὐτήν Σημεῖον δ ὅτι καὶ τοὺς περί τι φρονίμους λέγομεν ὅταν πρὸς τέλος τι σπουδαῖον εὖ λογίσωνται ὧν μὴ ἔστι τέ χνη ὥστε καὶ ὅλως ἂν εἴη φρόνιμος ὁ βουλευτικός Εἰ καὶ μὴ ἁπλῶς φησί φρόνιμος ὁ περί τι καλῶς βουλευόμενος ἀλλ ὁ ἁπλῶς περὶ πάντα ἐξ ὧν τὸ εὖ ζῆν ἀνθρώπῳ συνίσταται μεριστὸν ὂν καὶ πολυμερὲς καὶ ποικίλον ἀλλ οὖν ὁ ἐν πᾶσιν εὔβουλος φρόνιμος ἔσται γνώρισμα λαβεῖν ἀπὸ τῶν εὖ βουλευομένων καθ ἕκαστα φρονίμους γὰρ καθ ἕκαστον λέγομεν τοὺς πρὸς τέλος τι ἀγαθὸν εὖ λογιζομένους ὥστε καθόλου εἴη ἂν φρόνιμος ὁ βουλευτικός ὡς γὰρ περὶ ἕκαστον φρόνιμος λέγεται ὁ τέλος ἀγαθὸν προτιθέμενος καὶ εὖ πρὸς τὸ ἐπιτυχεῖν αὐτοῦ βου λευόμενος καὶ ἁπλῶς ἂν εἴη φρόνιμος ὁ καθόλου τέλος ἀγαθὸν προτιθέ μενος καὶ	Aristotle	Eustratius of Nicaea	Ethica Nicomachea	In Ethica Nicomachea VI	
tlg0086.tlg010	7/#29	ancient_classical	4031.003	/335#1	11th_12th	0.2345	31	39	γνωρίζειν πρακτικὴ γάρ ἡ δὲ πρᾶξις περὶ τὰ καθ ἕκαστα διὸ καὶ ἔνιοι οὐκ εἰδότες ἑτέρων εἰδότων πρακτικώτεροι καὶ ἐν τοῖς ἄλλοις οἱ ἔμπειροι εἰ γὰρ εἰδείη ὅτι τὰ κοῦφα εὔπεπτα κρέα καὶ ὑγιεινά ποῖα δὲ κοῦφα ἀγνοοῖ οὐ ποιήσει ὑγίειαν ἀλλ ὁ εἰδὼς ὅτι τὰ ὀρνίθεια κοῦφα καὶ ὑγιεινὰ ποιήσει μᾶλλον ἡ δὲ	τεροι καὶ ἐν τοῖς ἄλλοις οἱ ἔμπειροι εἰ γὰρ εἰδείη ὅτι τὰ κοῦφα εὔπεπτα κρέα καὶ ὑγιεινά ποῖα δὲ κοῦφα ἀγνοεῖ οὐ ποιήσει ὑγίειαν ἀλλ ὁ εἰδὼς ὅτι τὰ ὀρνίθεια κοῦφα καὶ ὑγι εινὰ ποιήσει μᾶλλον ἡ δὲ φρόνησις πρακτική ὥστε δεῖ ἄμφω ἔχειν ἢ ταύτην μᾶλλον Κατασκευάζει καὶ διὰ τούτων τὸ εἰρημένον λέγων δὴ τὸ τὴν φρό νησιν περὶ τὰ καθ ἕκαστα μάλιστα καταγίνεσθαι ἐκ δὲ τοῦ αἰτιατοῦ κα τασκευάζει τὸ αἴτιον διότι γὰρ περὶ τὰ καθ ἕκαστα μᾶλλον ἡ φρόνησις διὰ τοῦτο καί	Aristotle	Eustratius of Nicaea	Ethica Nicomachea	In Ethica Nicomachea VI	
tlg0086.tlg010	7/#30	ancient_classical	4031.003	/335#1	11th_12th	0.2445	20	33	κοῦφα εὔπεπτα κρέα καὶ ὑγιεινά ποῖα δὲ κοῦφα ἀγνοοῖ οὐ ποιήσει ὑγίειαν ἀλλ ὁ εἰδὼς ὅτι τὰ ὀρνίθεια κοῦφα καὶ ὑγιεινὰ ποιήσει μᾶλλον ἡ δὲ φρόνησις πρακτική ὥστε δεῖ ἄμφω ἔχειν ἢ ταύτην μᾶλλον εἴη δ ἄν τις καὶ ἐνταῦθα	ἔμπειροι εἰ γὰρ εἰδείη ὅτι τὰ κοῦφα εὔπεπτα κρέα καὶ ὑγιεινά ποῖα δὲ κοῦφα ἀγνοεῖ οὐ ποιήσει ὑγίειαν ἀλλ ὁ εἰδὼς ὅτι τὰ ὀρνίθεια κοῦφα καὶ ὑγι εινὰ ποιήσει μᾶλλον ἡ δὲ φρόνησις πρακτική ὥστε δεῖ ἄμφω ἔχειν ἢ ταύτην μᾶλλον Κατασκευάζει καὶ διὰ τούτων τὸ εἰρημένον	Aristotle	Eustratius of Nicaea	Ethica Nicomachea	In Ethica Nicomachea VI	
tlg0086.tlg010	8/#25	ancient_classical	4031.003	/339#1	11th_12th	0.1144	22	24	ἣ δὲ δικαστική εἶδος μὲν οὖν τι ἂν εἴη γνώσεως τὸ αὑτῷ εἰδέναι ἀλλ ἔχει διαφορὰν πολλήν καὶ δοκεῖ ὁ τὰ περὶ αὑτὸν εἰδὼς καὶ διατρίβων φρόνιμος εἶναι οἱ δὲ	Εἶδος μὲν οὖν ἄν τι εἴη γνώσεως τὸ αὑτῷ εἰδέναι ἀλλ ἔχει διαφορὰν πολλήν καὶ δοκεῖ ὁ τὰ περὶ αὑτὸν εἰδὼς καὶ διατρίβων φρόνιμος εἶναι οἱ δὲ πολιτικοὶ πολυπράγμονες Τὴν διαφορὰν διδάσκει διὰ τούτων τοῦ καθ ἑαυτὸν φρονίμου πρὸς οἰκονομικὸν καὶ πολιτικόν καί φησιν ὅτι ἑκάστῳ μὲν τούτων καὶ γνῶσίς ἐστι καὶ φρόνησις πλὴν ἔχουσι διαφορὰς πρὸς ἄλληλα τῷ γένει μὲν ἴσως ὄντα ταὐτά διαφέροντα δὲ πολὺ τούτων πρὸς τὰ λοιπά καὶ τοσοῦτον ὥστε καὶ δοκεῖν τὸν εἰδότα τὰ περὶ αὐτὸν καὶ περὶ αὐτὰ διατρίβοντα φρό νιμον εἶναι τὸν δὲ πολιτικὸν οὐ φρόνιμον ἀλλὰ πολυπράγμονα ὡς τὰ ἔξω ἑαυτοῦ ζητοῦντα καὶ ἐξετάζοντα αὕτη μὲν τῶν ῥήσεων ἡ δύναμις ἴδωμεν δὲ καὶ κατὰ μέρος τῶν εἰρημένων ἕκαστον τοίνυν τὰ μὲν τῶν ἀντιγράφων εἶδός τι ἂν εἴη ἔχουσι γνώσεως τὰ δὲ εἶδός τι ἂν εἴη φρονήσεως τὸ μὲν οὖν γνώσεως εἰπεῖν χωρίζοντός	Aristotle	Eustratius of Nicaea	Ethica Nicomachea	In Ethica Nicomachea VI	
tlg0086.tlg010	12/#9	ancient_classical	4031.003	/393#1	11th_12th	0.1463	31	31	φρονίμους δεινοὺς καὶ πανούργους φαμὲν εἶναι ἔστι δ ἡ φρόνησις οὐχ ἡ δύναμις ἀλλ οὐκ ἄνευ τῆς δυνάμεως ταύτης ἡ δ ἕξις τῷ ὄμματι τούτῳ γίνεται τῆς ψυχῆς οὐκ ἄνευ ἀρετῆς ὡς εἴρηταί τε καὶ ἔστι δῆλον	δεινότητος καὶ φρο νήσεως φησὶ γὰρ Ἔστι δ ἡ φρόνησις οὐχ ἡ δύναμις ἀλλ οὐκ ἄνευ τῆς δυνάμεως ταύτης ἡ δ ἕξις τῷ ὄμματι τούτῳ γίνεται τῆς ψυχῆς οὐκ ἄνευ ἀρετῆς ὡς εἴρηταί τε καὶ ἔστι δῆλον Οὐκ ἔστι φησίν ἡ φρόνησις ἡ	Aristotle	Eustratius of Nicaea	Ethica Nicomachea	In Ethica Nicomachea VI	
tlg0086.tlg010	13/#10	ancient_classical	4031.003	/405#1	11th_12th	0.2347	28	32	τὰ πρὸς τὸ τέλος ποιεῖ πράττειν ἀλλὰ μὴν οὐδὲ κυρία γ ἐστὶ τῆς σοφίας οὐδὲ τοῦ βελτίονος μορίου ὥσπερ οὐδὲ τῆς ὑγιείας ἡ ἰατρική οὐ γὰρ χρῆται αὐτῇ ἀλλ ὁρᾷ ὅπως γένηται ἐκείνης οὖν ἕνεκα ἐπιτάττει ἀλλ οὐκ ἐκείνῃ ἔτι ὅμοιον κἂν εἴ τις τὴν	Ἀλλὰ μὴν οὐδὲ κυρία τ ἐστὶ τῆς σοφίας οὐδὲ τοῦ βελτίονος μορίου ὥσπερ οὐδὲ τῆς ὑγιείας ἡ ἰατρική οὐ γὰρ χρῆται αὐτῇ ἀλλ ὁρᾷ ὅπως γένηται ἐκείνης οὖν ἕνεκα ἐπι τάττει ἀλλ οὐκ ἐκείνῃ Τοῦτο τὸ νῦν λεγόμενον πρὸς τὴν	Aristotle	Eustratius of Nicaea	Ethica Nicomachea	In Ethica Nicomachea VI	
tlg0086.tlg010	3/#28	ancient_classical	4031.003	/288#1	11th_12th	0.161	17	27	ἀρξάμενοι οὖν ἄνωθεν περὶ αὐτῶν πάλιν λέγωμεν ἔστω δὴ οἷς ἀληθεύει ἡ ψυχὴ τῷ καταφάναι ἢ ἀποφάναι πέντε τὸν ἀριθμόν ταῦτα δ ἐστὶ τέχνη ἐπιστήμη φρόνησις σοφία νοῦς ὑπολήψει γὰρ καὶ δόξῃ ἐνδέχεται διαψεύδεσθαι ἐπιστήμη μὲν οὖν τί ἐστιν	τελειότητος παραδιδόμενα περὶ αὐτῶν ἂν εἴη λεγόμενα Ἔστω δὴ οἷς ἀληθεύει ἡ ψυχὴ τῷ καταφάναι ἢ ἀπο φάναι πέντε τὸν ἀριθμόν ταῦτα δ ἐστὶ τέχνη ἐπιστήμη φρόνησις σοφία νοῦς ὑπολήψει γὰρ καὶ δόξῃ ἐνδέχεται δια ψεύδεσθαι Ἑκάστου τῶν ὄντων ἢ	Aristotle	Eustratius of Nicaea	Ethica Nicomachea	In Ethica Nicomachea VI	
tlg0086.tlg010	5/#27	ancient_classical	4031.003	/305#2	11th_12th	0.1316	17	37	οὐδὲ τῶν μὴ ἐνδεχομένων αὐτῷ πρᾶξαι ὥστ εἴπερ ἐπιστήμη μὲν μετ ἀποδείξεως ὧν δ αἱ ἀρχαὶ ἐνδέχονται ἄλλως ἔχειν τούτων μή ἐστιν ἀπόδειξις π άντα γὰρ ἐνδέχεται καὶ ἄλλως ἔχειν καὶ οὐκ ἔστι βουλεύσασθαι περὶ τῶν ἐξ ἀνάγκης ὄντων οὐκ ἂν εἴη ἡ φρόνησις ἐπιστήμη οὐδὲ τέχνη ἐπιστήμη μὲν ὅτι	τῆς ἐπιστήμης τὴν φρόνησιν καί φησιν Ὥστε εἴπερ ἐπιστήμη μὲν μετὰ ἀποδείξεως ὧν δ αἱ ἀρχαὶ ἐνδέχονται ἄλλως ἔχειν τούτων μὴ ἔστιν ἀπόδειξις πάντα γὰρ ἐνδέχεται καὶ ἄλλως ἔχειν καὶ οὐκ ἔστι βουλεύσα σθαι περὶ τῶν ἐξ ἀνάγκης ὄντων οὐκ ἂν εἴη ἡ φρόνησις ἐπι στήμη οὐδὲ τέχνη Ἐξ ὑποθέσεως	Aristotle	Eustratius of Nicaea	Ethica Nicomachea	In Ethica Nicomachea VI	
tlg0086.tlg010	9/#19	ancient_classical	4031.003	/354#2	11th_12th	0.2058	17	28	γένος ἐπιστήμη μὲν δὴ οὐκ ἔστιν οὐ γὰρ ζητοῦσι περὶ ὧν ἴσασιν ἡ δ εὐβουλία βουλή τις ὁ δὲ βουλευόμενος ζητεῖ καὶ λογίζεται ἀλλὰ μὴν οὐδ εὐστοχία ἄνευ τε γὰρ λόγου καὶ ταχύ τι ἡ εὐστοχία βουλεύονται δὲ πολὺν χρόνον καὶ φασὶ πράττειν μὲν δεῖν ταχὺ τὰ βουλευθέντα βουλεύεσθαι δὲ βραδέως ἔτι ἡ ἀγχίνοια ἕτερον καὶ	ὁ βουλευόμενος ἄρα ζητεῖ εἶπε δὲ οὐ γὰρ ζητοῦσι περὶ ὧν ἴσασι πρὸς τοὺς ἐπι στήμονας ἀναπέμπων τὸν λόγον ἵν εἴη οὕτω νοούμενον τὸ λεγόμενον ὅτι δὲ οὐκ ἔστιν ἡ ἐπιστήμη ἡ εὐβουλία δῆλον ἀπὸ τοῦ τοὺς ἐπιστήμονας μὴ ζητεῖν περὶ ὧν εἰσιν ἐπιστήμονες μετέλαβε δὲ τὸν λόγον ἀπὸ τῆς ἐπιστήμης ἐπὶ τοὺς ἐπιστήμονας διὰ τὸ τὴν ἐπιστήμην μὲν κεκρύφθαι ἐν τῇ ψυχῇ τοὺς ἐπιστήμονας δὲ εἶναι τοὺς ἐναργῶς ἐνεργοῦντας ἐκτός Ἀλλὰ μὴν οὐδ εὐστοχία ἄνευ γὰρ λόγου καὶ τα χύ τι ἡ εὐστοχία βουλεύεται δὲ πολὺν χρόνον καί φασι πράττειν μὲν δεῖν ταχὺ τὰ βουλευθέντα βουλεύεσθαι δὲ βρα δέως Ἐπεὶ τὸ στοχάζεσθαι ἔχει	Aristotle	Eustratius of Nicaea	Ethica Nicomachea	In Ethica Nicomachea VI	
tlg0086.tlg010	9/#21	ancient_classical	4031.003	/362#3	11th_12th	0.1269	21	37	ἐκείνη πω εὐβουλία ἀλλ ὀρθότης ἡ κατὰ τὸ ὠφέλιμον καὶ οὗ δεῖ καὶ ὣς καὶ ὅτε ἔτι ἔστι καὶ ἁπλῶς εὖ βεβουλεῦσθαι καὶ πρός τι τέλος ἣ μὲν δὴ ἁπλῶς ἡ πρὸς τὸ τέλος τὸ ἁπλῶς κατορθοῦσα τὶς δὲ ἡ πρός τι τέλος εἰ δὴ τῶν φρονίμων τὸ εὖ	αὐτό ὡς εἶναι τοιοῦτον τὸ λεγόμενον κατὰ τὸ ὠφέλιμον καὶ οὗ δεῖ ἐφίεσθαι ἢ τὸ οὗ δεῖ ἀντὶ τοῦ οὗ χρεία ἐστὶν ὡς συμφέροντος καὶ συμβαλλομένου Ἔτι ἔστι καὶ ἁπλῶς εὖ βεβουλεῦσθαι καὶ πρός τι τέλος ἡ μὲν οὖν ἁπλῶς ἡ πρὸς τὸ τέλος τὸ ἁπλῶς κατορθοῦ σα ἡ τὶς δὲ πρός τι τέλος εἰ δὴ τῶν φρονίμων τὸ εὖ βεβου λεῦσθαι ἡ εὐβουλία εἴη ἂν	Aristotle	Eustratius of Nicaea	Ethica Nicomachea	In Ethica Nicomachea VI	
tlg0086.tlg010	9/#22	ancient_classical	4031.003	/362#3	11th_12th	0.1502	12	39	τι τέλος ἣ μὲν δὴ ἁπλῶς ἡ πρὸς τὸ τέλος τὸ ἁπλῶς κατορθοῦσα τὶς δὲ ἡ πρός τι τέλος εἰ δὴ τῶν φρονίμων τὸ εὖ βεβουλεῦσθαι ἡ εὐβουλία εἴη ἂν ὀρθότης ἡ κατὰ τὸ συμφέρον πρὸς τὸ τέλος οὗ ἡ φρόνησις ἀληθὴς ὑπόληψίς ἐστιν πότερον οὖν ἐγκρατής ἐστιν ὁ ὁποιῳοῦν	καὶ ἁπλῶς εὖ βεβουλεῦσθαι καὶ πρός τι τέλος ἡ μὲν οὖν ἁπλῶς ἡ πρὸς τὸ τέλος τὸ ἁπλῶς κατορθοῦ σα ἡ τὶς δὲ πρός τι τέλος εἰ δὴ τῶν φρονίμων τὸ εὖ βεβου λεῦσθαι ἡ εὐβουλία εἴη ἂν ὀρθότης κατὰ τὸ συμφέρον πρός τι τέλος οὗ ἡ φρόνησις ἀληθὴς ὑπόληψίς ἐστι Τὸν μὲν ὁρισμὸν τῆς εὐβουλίας δόξειεν	Aristotle	Eustratius of Nicaea	Ethica Nicomachea	In Ethica Nicomachea VI	
tlg0086.tlg010	11/#11	ancient_classical	4031.003	/375#1	11th_12th	0.1109	27	27	ἐσχάτων εἰσὶ καὶ τῶν καθ ἕκαστον καὶ ἐν μὲν τῷ κριτικὸς εἶναι περὶ ὧν ὁ φρόνιμος συνετὸς καὶ εὐγνώμων ἢ συγγνώμων τὰ γὰρ ἐπιεικῆ κοινὰ τῶν ἀγαθῶν ἁπάντων ἐστὶν ἐν τῷ πρὸς ἄλλον ἔστι δὲ τῶν καθ ἕκαστα καὶ	Καὶ ἐν μὲν τῷ κριτικὸς εἶναι περὶ ὧν ὁ φρόνιμος συνετὸς καὶ εὐγνώμων ἢ συγγνώμων τὰ γὰρ ἐπιεικῆ κοινὰ τῶν ἀγαθῶν ἁπάντων εἰσὶν ἐν τῷ πρὸς ἄλλον Περὶ τῆς διαφορᾶς καὶ πάλιν ὑπομιμνήσκει	Aristotle	Eustratius of Nicaea	Ethica Nicomachea	In Ethica Nicomachea VI	
tlg0086.tlg010	12/#6	ancient_classical	4031.003	/385#3	11th_12th	0.168	19	27	αὐτῆς εἴπερ ἡ μὲν φρόνησίς ἐστιν ἡ περὶ τὰ δίκαια καὶ καλὰ καὶ ἀγαθὰ ἀνθρώπῳ ταῦτα δ ἐστὶν ἃ τοῦ ἀγαθοῦ ἐστὶν ἀνδρὸς πράττειν οὐδὲν δὲ πρακτικώτεροι τῷ εἰδέναι αὐτά ἐσμεν εἴπερ ἕξεις αἱ ἀρεταί εἰσιν ὥσπερ οὐδὲ τὰ ὑγιεινὰ οὐδὲ τὰ εὐεκτικά ὅσα μὴ τῷ ποιεῖν ἀλλὰ τῷ ἀπὸ τῆς ἕξεως εἶναι λέγεται οὐθὲν γὰρ πρακτικώτεροι τῷ ἔχειν τὴν ἰατρικὴν καὶ γυμναστικήν ἐσμεν εἰ δὲ μὴ	ὥστε ἐνεργεῖν ἐξ αὐτῶν ὅτε βούλοιτο τὰ δίκαια καὶ καλὰ καὶ ἀγαθὰ ἀνθρώπῳ τῷ ἔχειν τὴν φρόνησιν διατάττου σαν αὐτῷ πῶς ἂν ἐνεργῶν ὀρθῶς ἐνεργήσειεν οὐδὲ πρακτικώτερος ἔσται ἐκ τοῦ εἰδέναι αὐτά ἀλλ ἐν ἕξει γεγονὼς ἐκ τοῦ χρονίου ἐθισμοῦ τοῦ μὴ ἐνεργεῖν ἕτερα ἀλλ ἢ μόνα τὰ δίκαια καὶ καλὰ καὶ ἀγαθὰ τοῖς ἀν θρώποις πράξει τοιαῦτα ἀεί ὥσπερ φύσεως ἐν αὐτῷ τῆς συνηθείας γε γονυίας τὸ δὲ ὅσα μὴ τῷ ποιεῖν ἀλλὰ τῷ ἀπὸ τῆς ἕξεως εἶναι λέγεται οὐθὲν γὰρ πρακτικώτεροι τῷ ἔχειν τὴν ἰατρικὴν ἢ τὴν γυμναστικήν ἐσμεν διὰ τοῦτο	Aristotle	Eustratius of Nicaea	Ethica Nicomachea	In Ethica Nicomachea VI	
tlg0086.tlg010	12/#10	ancient_classical	4031.003	/394#3	11th_12th	0.1549	19	28	εἰσιν ἐπειδὴ τοιόνδε τὸ τέλος καὶ τὸ ἄριστον ὁτιδήποτε ὄν ἔστω γὰρ λόγου χάριν τὸ τυχόν τοῦτο δ εἰ μὴ τῷ ἀγαθῷ οὐ φαίνεται διαστρέφει γὰρ ἡ μοχθηρία καὶ διαψεύδεσθαι ποιεῖ περὶ τὰς πρακτικὰς ἀρχάς ὥστε φανερὸν ὅτι ἀδύνατον φρόνιμον εἶναι	τὸ ἄριστον ὁτιδήποτε ὄν συγκεχυμένως εἰπὼν τὸ ὁτιδήποτε ὂν ἄνευ ὡρισμένου τινὸς παρα δείγματος ὃ γὰρ ἂν εἴη ἀγαθόν ἔστι καὶ ἄριστον ἐπεὶ ἐξ ἀρετῆς αἱρε τὸν γέγονε διὸ καὶ τῇ φρονήσει ἕξει οὔσῃ τοῦ ὄμματος τῆς ψυχῆς ἄξιον κρίνεται ἐπιμελείας καὶ σπουδῆς Ἔστω γὰρ λόγου χάριν τὸ τυχόν τοῦτο δ εἰ μὴ τῷ ἀγαθῷ οὐ φαίνεται διαστρέφει γὰρ ἡ μοχθηρία καὶ διαψεύ δεσθαι ποιεῖ περὶ τὰς πρακτικὰς ἀρχάς Ἔτι τὸ αὐτὸ κατασκευάζει ὅτι ὑπὸ	Aristotle	Eustratius of Nicaea	Ethica Nicomachea	In Ethica Nicomachea VI	
tlg0086.tlg010	13/#9	ancient_classical	4031.003	/402#1	11th_12th	0.1379	24	29	φρόνησιν δεῖ δὲ μικρὸν μεταβῆναι ἔστι γὰρ οὐ μόνον ἡ κατὰ τὸν ὀρθὸν λόγον ἀλλ ἡ μετὰ τοῦ ὀρθοῦ λόγου ἕξις ἀρετή ἐστιν ὀρθὸς δὲ λόγος περὶ τῶν τοιούτων ἡ φρόνησίς ἐστιν Σωκράτης μὲν οὖν λόγους τὰς ἀρετὰς	ἀρετὴν εἶναι κοινῶς ἅπαντες ἀπε φήναντο Δεῖ δὲ μικρὸν μεταβῆναι οὐ γὰρ μόνον ἡ κατὰ τὸν ὀρθὸν λόγον ἀλλ ἡ μετὰ τοῦ ὀρθοῦ λόγου ἕξις ἀρετή ἐστιν ὀρθὸς δὲ λόγος περὶ τῶν τοιούτων ἡ φρόνησίς ἐστιν Μικρόν τι παραλλάττει τὴν λέξιν ἣν	Aristotle	Eustratius of Nicaea	Ethica Nicomachea	In Ethica Nicomachea VI	
tlg0086.tlg010	4/#17	ancient_classical	4031.003	/302#2	11th_12th	0.248	18	27	τέχνη τύχην ἔστερξε καὶ τύχη τέχνην ἡ μὲν οὖν τέχνη ὥσπερ εἴρηται ἕξις τις μετὰ λόγου ἀληθοῦς ποιητική ἐστιν ἡ δ ἀτεχνία τοὐναντίον μετὰ λόγου ψευδοῦς ποιητικὴ ἕξις περὶ τὸ ἐνδεχόμενον ἄλλως ἔχειν πότερον δ ἐστί τις ἁπλῶς ἀκρατὴς	τὸ τέλος καὶ ὡς ἐπ ἔλαττον Ἡ μὲν οὖν τέχνη ὥσπερ εἴρηται ἕξις τις μετὰ λό γου ἀληθοῦς ποιητική ἐστιν ἡ δ ἀτεχνία τοὐναντίον μετὰ λόγου ψευδοῦς ποιητικὴ ἕξις περὶ τὸ ἐνδεχόμενον ἄλλως ἔχειν Εἰπὼν ἱκανῶς ὅσα ἔδει περὶ τῆς τέχνης περὶ τὴν προκειμένην πραγματείαν ἀποδίδωσι καὶ τὸ ἐναντίον αὐτῷ ὃ ἡ ἀτεχνία ἐστί διὸ καὶ παρεισάγει πάλιν τὸν ὅρον τῆς τέχνης ἵν ὡς ἐκ παραθέσεως δείξῃ τὴν ἀτεχνίαν τί ἐστιν εἰ γὰρ ἡ τέχνη ἕξις μετὰ λόγου ἀληθοῦς ποιητική ἔσται ἡ ἀτεχνία τοὐναντίον ποιητικὴ ἕξις μετὰ λόγου	Aristotle	Eustratius of Nicaea	Ethica Nicomachea	In Ethica Nicomachea VI	
tlg0086.tlg010	5/#28	ancient_classical	4031.003	/311#2	11th_12th	0.0667	10	35	γένος πράξεως καὶ ποιήσεως λείπεται ἄρα αὐτὴν εἶναι ἕξιν ἀληθῆ μετὰ λόγου πρακτικὴν περὶ τὰ ἀνθρώπῳ ἀγαθὰ καὶ κακά τῆς μὲν γὰρ ποιήσεως ἕτερον τὸ τέλος τῆς δὲ πράξεως οὐκ ἂν εἴη ἔστι γὰρ αὐτὴ ἡ εὐπραξία τέλος διὰ τοῦτο Περικλέα καὶ τοὺς τοιούτους φρονίμους οἰόμεθα εἶναι ὅτι τὰ αὑτοῖς ἀγαθὰ καὶ τὰ τοῖς ἀνθρώποις δύνανται θεωρεῖν εἶναι δὲ τοιούτους ἡγούμεθα τοὺς οἰκονομικοὺς καὶ τοὺς πολιτικούς ἔνθεν καὶ τὴν σωφροσύνην τούτῳ προσαγορεύομεν τῷ ὀνόματι ὡς σῴζουσαν τὴν φρόνησιν σῴζει δὲ τὴν τοιαύτην ὑπόληψιν οὐ γὰρ ἅπασαν ὑπόληψιν διαφθείρει οὐδὲ διαστρέφει τὸ ἡδὺ καὶ λυπηρόν οἷον ὅτι τὸ τρίγωνον δύο ὀρθὰς ἔχει ἢ οὐκ ἔχει ἀλλὰ τὰς περὶ τὸ πρακτόν αἱ μὲν γὰρ ἀρχαὶ τῶν πρακτῶν τὸ οὗ ἕνεκα τὰ πρακτά τῷ δὲ διεφθαρμένῳ δι ἡδονὴν ἢ λύπην	ὅτι καὶ εἰπὼν μὴ πᾶσαν ὑπόληψιν διαστρέφειν τὸ ἡδὺ καὶ λυπηρὸν ἀλλὰ τὰς περὶ τὸ πρακτόν καθόλου τοῦτο εἶπεν οὐ γὰρ τὸ κατὰ τὴν εἰδικὴν σωφροσύνην πρακτὸν μόνον πρακτόν ἐστιν ἀλλὰ τὰ κατὰ πᾶσαν τὴν πρακτικὴν ἀρετὴν κατορθούμενα πρακτὰ ἀγαθὰ κοινῶς ἐστί τε καὶ ὀνομάζεται Αἱ μὲν γὰρ ἀρχαὶ τῶν πρακτῶν τὸ οὗ ἕνεκα τὰ πρα κτά τῷ δὲ διεφθαρμένῳ δι ἡδονὴν ἢ λύπην οὐ φανεῖται ἀρ χή οὐδὲ δεῖν τούτου ἕνεκα οὐδὲ διὰ τοῦθ αἱρεῖσθαι πάντα καὶ πράττειν ἔστι γὰρ ἡ κακία φθαρτικὴ ἀρχῆς ὥστ ἀνάγκη τὴν φρόνησιν ἕξιν εἶναι μετὰ λόγου ἀληθῆ περὶ τὰ ἀνθρώπινα ἀγαθὰ πρακτικήν Δείκνυσι πῶς ἡ σωφροσύνη περὶ	Aristotle	Eustratius of Nicaea	Ethica Nicomachea	In Ethica Nicomachea VI	
tlg0086.tlg010	5/#28	ancient_classical	4031.003	/306#1	11th_12th	0.1589	17	28	ἐπιστήμη μὲν ὅτι ἐνδέχεται τὸ πρακτὸν ἄλλως ἔχειν τέχνη δ ὅτι ἄλλο τὸ γένος πράξεως καὶ ποιήσεως λείπεται ἄρα αὐτὴν εἶναι ἕξιν ἀληθῆ μετὰ λόγου πρακτικὴν περὶ τὰ ἀνθρώπῳ ἀγαθὰ καὶ κακά τῆς μὲν γὰρ ποιήσεως ἕτερον τὸ τέλος τῆς	δεικτικῶς συμπεραινόμενα ἄλλως ἔχειν οὐκ ἐνδέχεται Ἐπιστήμη μέν ὅτι ἐνδέχεται τὸ πρακτὸν ἄλλως ἔχειν τέχνη δ ὅτι ἄλλο τὸ γένος πράξεως καὶ ποιήσεως λεί πεται ἄρα αὐτὴν ἕξιν εἶναι ἀληθῆ μετὰ λόγου πρακτικὴν περὶ τὰ ἀνθρώπῳ ἀγαθὰ καὶ κακά Διὰ μὲν τῶν εἰρημένων τῆς ἐπιστήμης διεῖλε τὴν	Aristotle	Eustratius of Nicaea	Ethica Nicomachea	In Ethica Nicomachea VI	
tlg0086.tlg010	6/#24	ancient_classical	4031.003	/317#1	11th_12th	0.1005	11	31	μὴ ἐνδεχόμενα ἢ καὶ ἐνδεχόμενα ἄλλως ἔχειν ἐπιστήμη καὶ φρόνησίς ἐστι καὶ σοφία καὶ νοῦς τούτων δὲ τῶν τριῶν μηδὲν ἐνδέχεται εἶναι λέγω δὲ τρία φρόνησιν ἐπιστήμην σοφίαν λείπεται νοῦν εἶναι τῶν ἀρχῶν ὅτι δὲ καὶ ἧττον αἰσχρὰ ἀκρασία	περὶ τὰ μὴ ἐνδεχόμενα ἢ καὶ ἐνδεχόμενα ἄλλως ἔχειν ἐπιστή μη καὶ φρόνησίς ἐστι καὶ σοφία καὶ νοῦς τούτων δὲ τῶν τρι ῶν μηδὲν ἐνδέχεται εἶναι λέγω δὲ τρία φρόνησιν σοφίαν ἐπι στήμην λείπεται νοῦν εἶναι τῶν ἀρχῶν Τὸ προκείμενον ἦν ἐν τούτοις περὶ	Aristotle	Eustratius of Nicaea	Ethica Nicomachea	In Ethica Nicomachea VI	
tlg0086.tlg010	8/#26	ancient_classical	4031.003	/339#1	11th_12th	0.1431	24	26	οὖν τι ἂν εἴη γνώσεως τὸ αὑτῷ εἰδέναι ἀλλ ἔχει διαφορὰν πολλήν καὶ δοκεῖ ὁ τὰ περὶ αὑτὸν εἰδὼς καὶ διατρίβων φρόνιμος εἶναι οἱ δὲ πολιτικοὶ πολυπράγμονες διὸ Εὐριπίδης πῶς δ ἂν φρονοίην	Εἶδος μὲν οὖν ἄν τι εἴη γνώσεως τὸ αὑτῷ εἰδέναι ἀλλ ἔχει διαφορὰν πολλήν καὶ δοκεῖ ὁ τὰ περὶ αὑτὸν εἰδὼς καὶ διατρίβων φρόνιμος εἶναι οἱ δὲ πολιτικοὶ πολυπράγμονες Τὴν διαφορὰν διδάσκει διὰ τούτων τοῦ καθ ἑαυτὸν φρονίμου πρὸς οἰκονομικὸν καὶ πολιτικόν καί φησιν ὅτι ἑκάστῳ μὲν τούτων καὶ γνῶσίς ἐστι καὶ φρόνησις πλὴν ἔχουσι διαφορὰς πρὸς ἄλληλα τῷ γένει μὲν ἴσως ὄντα ταὐτά διαφέροντα δὲ πολὺ τούτων πρὸς τὰ λοιπά καὶ τοσοῦτον ὥστε καὶ δοκεῖν τὸν εἰδότα τὰ περὶ αὐτὸν καὶ περὶ αὐτὰ διατρίβοντα φρό νιμον εἶναι τὸν δὲ πολιτικὸν οὐ φρόνιμον ἀλλὰ πολυπράγμονα ὡς τὰ ἔξω ἑαυτοῦ ζητοῦντα καὶ ἐξετάζοντα αὕτη μὲν τῶν ῥήσεων ἡ δύναμις ἴδωμεν δὲ καὶ κατὰ μέρος τῶν εἰρημένων ἕκαστον τοίνυν τὰ μὲν τῶν ἀντιγράφων εἶδός τι ἂν εἴη ἔχουσι γνώσεως τὰ δὲ εἶδός τι ἂν εἴη φρονήσεως τὸ μὲν οὖν γνώσεως εἰπεῖν χωρίζοντός	Aristotle	Eustratius of Nicaea	Ethica Nicomachea	In Ethica Nicomachea VI	
tlg0086.tlg010	8/#27	ancient_classical	4031.003	/349#1	11th_12th	0.1953	17	33	ἄν τις σκέψαιτο διὰ τί δὴ μαθηματικὸς μὲν παῖς γένοιτ ἄν σοφὸς δ ἢ φυσικὸς οὔ ἢ ὅτι τὰ μὲν δι ἀφαιρέσεώς ἐστιν τῶν δ αἱ ἀρχαὶ ἐξ ἐμπειρίας καὶ τὰ μὲν οὐ πιστεύουσιν οἱ νέοι ἀλλὰ λέγουσιν τῶν δὲ τὸ τί ἐστιν οὐκ ἄδηλον ἔτι ἡ ἁμαρτία ἢ περὶ τὸ καθόλου ἐν τῷ βουλεύσασθαι ἢ περὶ τὸ καθ ἕκαστον ἢ γὰρ ὅτι πάντα τὰ βαρύσταθμα ὕδατα φαῦλα ἢ ὅτι τοδὶ βαρύσταθμον ὅτι δ ἡ φρόνησις οὐκ ἐπιστήμη	παιδὸς τὴν ζή τησιν προὔθετο διότι μαθηματικὸς μὲν παῖς γένοιτ ἄν σοφὸς δὲ ἢ φυ σικὸς οὔ παῖδα ὀνομάζων ἴσως τὸν ἐγγὺς τῆς ἥβης ἢ τὸν ἤδη ἡβάσκοντα ἢ καὶ μετὰ τὴν ἥβην μικρόν Ἔτι ἡ ἁμαρτία ἢ περὶ τὸ καθόλου ἐν τῷ βουλεύε σθαι ἢ περὶ τὸ καθ ἕκαστα ἢ γὰρ ὅτι πάντα τὰ βαρύσταθμα ὕδατα φαῦλα ἢ ὅτι τοδὶ βαρύσταθμον Τοῦτο πρὸς τὰ ἀνωτέρω ἐστίν ὅτι	Aristotle	Eustratius of Nicaea	Ethica Nicomachea	In Ethica Nicomachea VI	
tlg0086.tlg010	9/#20	ancient_classical	4031.003	/359#1	11th_12th	0.1809	20	29	ἡ βουλὴ ζητητέα πρῶτον τί καὶ περὶ τί ἐπεὶ δ ἡ ὀρθότης πλεοναχῶς δῆλον ὅτι οὐ πᾶσα ὁ γὰρ ἀκρατὴς καὶ ὁ φαῦλος ὃ προτίθεται ἰδεῖν ἐκ τοῦ λογισμοῦ τεύξεται ὥστε ὀρθῶς ἔσται βεβουλευμένος κακὸν δὲ μέγα εἰληφώς	ἀγαθῷ καὶ φαύλῳ καθὼς αὐ τὸς ἐρεῖ ἑξῆς Ἐπεὶ δὲ ἡ ὀρθότης πλεοναχῶς δῆλον ὅτι οὐ πᾶσα ὁ γὰρ ἀκρατὴς καὶ ὁ φαῦλος ὃ προτίθεται ἰδεῖν ἐκ τοῦ λογι σμοῦ τεύξεται ὥστε ὀρθῶς ἔσται βεβουλευμένος κακὸν δὲ μέγα εἰληφώς Ἐπὶ τῷ γένει τῆς εὐβουλίας ὃ	Aristotle	Eustratius of Nicaea	Ethica Nicomachea	In Ethica Nicomachea VI	
tlg0086.tlg010	9/#21	ancient_classical	4031.003	/360#1	11th_12th	0.1365	22	30	ἔστι καὶ τούτου ψευδεῖ συλλογισμῷ τυχεῖν καὶ ὃ μὲν δεῖ ποιῆσαι τυχεῖν δι οὗ δ οὔ ἀλλὰ ψευδῆ τὸν μέσον ὅρον εἶναι ὥστ οὐδ αὕτη πω εὐβουλία καθ ἣν οὗ δεῖ μὲν τυγχάνει οὐ μέντοι δι οὗ ἔδει ἔτι ἔστι πολὺν χρόνον βουλευόμενον τυχεῖν	καὶ ὃ μὲν δεῖ ποιῆσαι τυχεῖν δι οὗ δὲ μή ἀλλὰ ψευδῆ τὸν μέσον ὅρον εἶναι ὥστ οὐδ αὐτή πως εὐβουλία καθ ἣν οὗ δεῖ μὲν τυγχάνει οὐ μέντοι δι οὗ ἔδει Ἔθηκε τὴν ὀρθότητα τῆς βουλῆς καὶ	Aristotle	Eustratius of Nicaea	Ethica Nicomachea	In Ethica Nicomachea VI	
tlg0086.tlg010	13/#8	ancient_classical	4031.003	/401#2	11th_12th	0.1597	23	35	δ οὐκ ἄνευ φρονήσεως καλῶς ἔλεγεν σημεῖον δέ καὶ γὰρ νῦν πάντες ὅταν ὁρίζωνται τὴν ἀρετήν προστιθέασι τὴν ἕξιν εἰπόντες καὶ πρὸς ἅ ἐστι τὴν κατὰ τὸν ὀρθὸν λόγον ὀρθὸς δ ὁ κατὰ τὴν φρόνησιν ἐοίκασι δὴ μαντεύεσθαί πως ἅπαντες ὅτι ἡ τοιαύτη ἕξις ἀρετή ἐστιν ἡ κατὰ τὴν φρόνησιν δεῖ δὲ μικρὸν μεταβῆναι ἔστι γὰρ οὐ μόνον ἡ κατὰ τὸν ὀρθὸν λόγον ἀλλ ἡ μετὰ τοῦ ὀρθοῦ λόγου ἕξις ἀρετή ἐστιν ὀρθὸς δὲ	Σωκράτους καὶ ἐπιστῆμαι καὶ φρονήσεις κατωνομάσθησαν Σημεῖον δέ καὶ γὰρ πάντες νῦν ὅταν ὁρίζωνται τὴν ἀρετήν προστιθέασι τὴν ἕξιν εἰπόντες καὶ πρὸς ἅ ἐστι τὴν κατὰ τὸν ὀρθὸν λόγον ὀρθὸς δ ὁ κατὰ τὴν φρόνησιν Καὶ ἕτερον προτίθησιν εἰς βεβαίωσιν τοῦ	Aristotle	Eustratius of Nicaea	Ethica Nicomachea	In Ethica Nicomachea VI	
tlg0086.tlg010	1/#36	ancient_classical	4031.003	/264#1	11th_12th	0.1208	10	28	τὸ σῶμα εἴ τις εἴπειεν ὅτι ὅσα ἡ ἰατρικὴ κελεύει καὶ ὡς ὁ ταύτην ἔχων διὸ δεῖ καὶ περὶ τὰς τῆς ψυχῆς ἕξεις μὴ μόνον ἀληθῶς εἶναι τοῦτ εἰρημένον ἀλλὰ καὶ διωρισμένον τίς ἐστιν ὁ ὀρθὸς λόγος καὶ τούτου τίς ὅρος μετὰ δὲ ταῦτα λεκτέον ἄλλην ποιησαμένους	νος ὅτι ἐκεῖνα ὅσα ἡ ἰατρικὴ κελεύει καὶ οὕτως ὡς κελεύει ὁ ἰατρὸς ὁ ταύτην ἔχων τὴν τέχνην οἷον εἴτε δεόντως παραμιγνύντας αὐτὰ εἴτε ὥραν καὶ χώραν καὶ ἡλικίαν καὶ νόσον σκοποῦντας εἴτε τινὰ παρατηρήματα ἕτερα οὐκ ἀρκεῖ οὗτος ὁ λόγος εἰς ὑγίειαν τοῖς σώμασι διὰ τὸ κοινὸς εἶναι πᾶσι καὶ ἀδιάκριτος πολυειδεῖς γὰρ αἱ ἐπιμέλειαι καὶ τῶν ὑποκειμένων περὶ ἃ ἑκά στην αὐτῶν δεῖ ἐνδείκνυσθαι πολλὴ καὶ πολυσχιδὴς ἡ διαφορὰ καὶ ἄλλα καὶ ἄλλα ἐφ ἑκάστης ἐστὶ καὶ ἐφ ἑκάστου τὰ ὠφέλιμα καὶ πρὸς τὴν τοῦ ἀγαθοῦ καὶ τοῦ κατὰ φύσιν κατόρθωσιν συμβαλλόμενα καὶ δεῖ τῆς ἁρμοττούσης ἐπιμελείας ἰδίᾳ καθ ἕκαστα Διὸ δεῖ καὶ περὶ τὰς τῆς ψυχῆς ἕξεις μὴ μόνον ἀλη θῶς εἶναι τοῦτ εἰρημένον ἀλλὰ καὶ τὸ διωρισμένον τίς τέ ἐστιν ὁ ὀρθὸς λόγος καὶ τούτου τίς ὅρος Εἰ καὶ ἀληθές φησι τὸ οὕτω	Aristotle	Eustratius of Nicaea	Ethica Nicomachea	In Ethica Nicomachea VI	
tlg0086.tlg010	4/#16	ancient_classical	4031.003	/301#1	11th_12th	0.1142	22	22	ποιοῦντι ἀλλὰ μὴ ἐν τῷ ποιουμένῳ οὔτε γὰρ τῶν ἐξ ἀνάγκης ὄντων ἢ γινομένων ἡ τέχνη ἐστίν οὔτε τῶν κατὰ φύσιν ἐν αὑτοῖς γὰρ ἔχουσι ταῦτα τὴν ἀρχήν ἐπεὶ δὲ ποίησις καὶ πρᾶξις ἕτερον	τῷ ὑποκειμένῳ καὶ δεχομένῳ τὴν ποίησιν Οὔτε γὰρ τῶν ἐξ ἀνάγκης ὄντων ἢ γινομένων ἡ τέχνη ἐστὶν οὔτε τῶν κατὰ φύσιν ἐν αὑτοῖς γὰρ ἔχουσι ταῦτα τὴν ἀρχήν Διὰ τοῦτο φησί περὶ γένεσιν λέγομεν καὶ περὶ τὰ ἐνδεχόμενα τέχνην καταγίνεσθαι διότι οὐκ ἔστι τέχνη τῶν ἐξ ἀνάγκης ὄντων ἢ γινομένων οὐ μόνον γὰρ ὄντα ἐξ ἀνάγκης	Aristotle	Eustratius of Nicaea	Ethica Nicomachea	In Ethica Nicomachea VI	
tlg0086.tlg010	7/#29	ancient_classical	4031.003	/332#1	11th_12th	0.1303	29	29	ἀνθρώπινα καὶ περὶ ὧν ἔστι βουλεύσασθαι τοῦ γὰρ φρονίμου μάλιστα τοῦτ ἔργον εἶναί φαμεν τὸ εὖ βουλεύεσθαι βουλεύεται δ οὐδεὶς περὶ τῶν ἀδυνάτων ἄλλως ἔχειν οὐδ ὅσων μὴ τέλος τι ἔστι καὶ τοῦτο πρακτὸν ἀγαθόν ὁ δ ἁπλῶς εὔβουλος ὁ τοῦ	Τοῦ γὰρ φρονίμου μάλιστα τοῦτ ἔργον εἶναί φαμεν τὸ εὖ βουλεύεσθαι βουλεύεται δ οὐθεὶς περὶ τῶν ἀδυνάτων ἄλλως ἔχειν οὐδ ὅσων μὴ τέλος τί ἐστι καὶ τοῦτο πρακτὸν ἀγαθόν Ἔτι περὶ τοῦ αὐτοῦ δείκνυσι λέγω	Aristotle	Eustratius of Nicaea	Ethica Nicomachea	In Ethica Nicomachea VI	
tlg0086.tlg010	8/#25	ancient_classical	4031.003	/337#1	11th_12th	0.1655	20	28	τὸ μέντοι εἶναι οὐ ταὐτὸν αὐταῖς τῆς δὲ περὶ πόλιν ἣ μὲν ὡς ἀρχιτεκτονικὴ φρόνησις νομοθετική ἣ δὲ ὡς τὰ καθ ἕκαστα τὸ κοινὸν ἔχει ὄνομα πολιτική αὕτη δὲ πρακτικὴ καὶ βουλευτική τὸ γὰρ ψήφισμα πρακτὸν ὡς τὸ ἔσχατον διὸ πολιτεύεσθαι	κης καὶ αὐταὶ διαφέρουσιν Τῆς δὲ περὶ πόλιν ἡ μὲν ὡς ἀρχιτεκτονικὴ φρόνησις νομοθετική ἡ δὲ ὡς τὰ καθ ἕκαστα τὸ κοινὸν ἔχει ὄνομα πο λιτική αὕτη δὲ πρακτικὴ βουλευτική τὸ γὰρ ψήφισμα πρακ τὸν ὡς τὸ ἔσχατον Διελὼν	Aristotle	Eustratius of Nicaea	Ethica Nicomachea	In Ethica Nicomachea VI	
tlg0086.tlg010	9/#20	ancient_classical	4031.003	/357#2	11th_12th	0.159	18	31	γὰρ ἁμαρτία δόξης δ ὀρθότης ἀλήθεια ἅμα δὲ καὶ ὥρισται ἤδη πᾶν οὗ δόξα ἐστίν ἀλλὰ μὴν οὐδ ἄνευ λόγου ἡ εὐβουλία διανοίας ἄρα λείπεται αὕτη γὰρ οὔπω φάσις καὶ γὰρ ἡ δόξα οὐ ζήτησις ἀλλὰ φάσις τις ἤδη ὁ δὲ βουλευόμενος ἐάν τε εὖ	καὶ διὰ τοῦτο κοινωνοῦσαι ταῖς ἐπιστήμαις ἅμα δὲ καὶ διώρισται ἤδη πᾶν οὗ δόξα ἐστίν ἑτέρα διαφορὰ τῆς δόξης πρὸς τὴν εὐβουλίαν ἡ μὲν γὰρ δόξα ἢ κατάφασίς ἐστιν ἢ ἀπόφασις ἀπηρτισμένη ἤδη καὶ τεταγμένη τοῦτο γὰρ δηλοῖ ἐνταῦθα τὸ διωρίσθαι τὸ ἀπηρτίσθαι καὶ τετάχθαι ἤτοι ἐν ὅρῳ καταντῆσαι καὶ πέ ρατι ἡ δὲ εὐβουλία ζήτησίς ἐστιν ὀρθῶς γενομένη καὶ ἐπί τι προβαίνουσα οὔπω τι πρᾶγμα ἀπηρτισμένον Ἀλλὰ μὴν οὐδ ἄνευ λόγου ἡ εὐβουλία διανοίας ἄρα λείπεται αὕτη δὲ οὔπω φάσις καὶ γὰρ ἡ δόξα οὐ ζήτη σις ἀλλὰ φάσις τις ἤδη Τῆς αὐτῆς ἔχεται διανοίας καὶ τοῦτο	Aristotle	Eustratius of Nicaea	Ethica Nicomachea	In Ethica Nicomachea VI	
tlg0086.tlg010	13/#8	ancient_classical	4031.003	/402#1	11th_12th	0.1245	17	26	εἰπόντες καὶ πρὸς ἅ ἐστι τὴν κατὰ τὸν ὀρθὸν λόγον ὀρθὸς δ ὁ κατὰ τὴν φρόνησιν ἐοίκασι δὴ μαντεύεσθαί πως ἅπαντες ὅτι ἡ τοιαύτη ἕξις ἀρετή ἐστιν ἡ κατὰ τὴν φρόνησιν δεῖ δὲ μικρὸν μεταβῆναι ἔστι γὰρ οὐ μόνον ἡ κατὰ τὸν ὀρθὸν λόγον ἀλλ ἡ μετὰ τοῦ ὀρθοῦ λόγου ἕξις ἀρετή ἐστιν ὀρθὸς δὲ	ἀρετὴν εἶναι κοινῶς ἅπαντες ἀπε φήναντο Δεῖ δὲ μικρὸν μεταβῆναι οὐ γὰρ μόνον ἡ κατὰ τὸν ὀρθὸν λόγον ἀλλ ἡ μετὰ τοῦ ὀρθοῦ λόγου ἕξις ἀρετή ἐστιν ὀρθὸς δὲ λόγος περὶ τῶν τοιούτων ἡ φρόνησίς	Aristotle	Eustratius of Nicaea	Ethica Nicomachea	In Ethica Nicomachea VI	
tlg0086.tlg010	1/#36	ancient_classical	4031.003	/264#2	11th_12th	0.112	8	25	ἀληθὲς μὲν εἰπεῖν ὅτι οὔτε πλείω οὔτε ἐλάττω δεῖ πονεῖν οὐδὲ ῥᾳθυμεῖν ἀλλὰ τὰ μέσα καὶ ὡς ὁ ὀρθὸς λόγος τοῦτο δὲ μόνον ἔχων ἄν τις οὐδὲν ἂν εἰδείη πλέον οἷον ποῖα δεῖ προσφέρεσθαι πρὸς τὸ σῶμα εἴ τις εἴπειεν ὅτι ὅσα ἡ ἰατρικὴ κελεύει καὶ ὡς ὁ ταύτην ἔχων διὸ δεῖ καὶ περὶ τὰς τῆς ψυχῆς ἕξεις μὴ μόνον ἀληθῶς εἶναι τοῦτ εἰρημένον ἀλλὰ καὶ διωρισμένον τίς ἐστιν ὁ ὀρθὸς λόγος καὶ τούτου τίς ὅρος μετὰ δὲ ταῦτα λεκτέον ἄλλην ποιησαμένους	τοῦτ εἰρημένον ἀλλὰ καὶ τὸ διωρισμένον τίς τέ ἐστιν ὁ ὀρθὸς λόγος καὶ τούτου τίς ὅρος Εἰ καὶ ἀληθές φησι τὸ οὕτω λεγόμενον καθόλου ἀλλ ὥσπερ ἐπὶ τοῦ κατὰ τὴν ἰατρικὴν παραδείγματος οὐκ ἀρκεῖ πρὸς τὸ ἰατρικῶς ἐνεργεῖν τὸ τὸ εἰρημένον εἰδέναι καθόλου οὕτως οὐδὲ ἐπὶ τῶν ψυχικῶν ἕξεων οὐ δεῖ μόνον εἰδέναι ὅτι ἀληθὲς τὸ εἰρημένον ἐστίν ἤγουν ὅτι οὔτε ἐλάττω δεῖ πονεῖν οὔτε ῥᾳθυμεῖν τουτέστιν ἀνίεσθαι ἀλλὰ τὰ μέσα καὶ ὡς ὁ ὀρθός ἀλλ ἀναγκαῖον διορίσασθαι τόν τε ὀρθὸν	Aristotle	Eustratius of Nicaea	Ethica Nicomachea	In Ethica Nicomachea VI	
tlg0086.tlg010	1/#36	ancient_classical	4031.003	/261#3	11th_12th	0.1477	14	28	τις σκοπὸς πρὸς ὃν ἀποβλέπων ὁ τὸν λόγον ἔχων ἐπιτείνει καὶ ἀνίησιν καί τις ἔστιν ὅρος τῶν μεσοτήτων ἃς μεταξύ φαμεν εἶναι τῆς ὑπερβολῆς καὶ τῆς ἐλλείψεως οὔσας κατὰ τὸν ὀρθὸν λόγον ἔστι δὲ τὸ μὲν εἰπεῖν οὕτως	ὡς καὶ ἐπὶ τῶν ἄλλων ἔστι τις σκοπὸς πρὸς ὃν ἀποβλέπων ὁ τὸν λόγον ἔχων ἐπιτείνει τε καὶ ἀνίησι καί τις ὅρος ἐστὶ τῶν μεσοτή των ἃς μεταξύ φαμεν εἶναι τῆς ὑπερβολῆς καὶ τῆς ἐλλείψεως οὔσας κατὰ τὸν ὀρθὸν λόγον Εἰρημένας ἕξεις φησὶ περὶ ὧν ἤδη	Aristotle	Eustratius of Nicaea	Ethica Nicomachea	In Ethica Nicomachea VI	
tlg0086.tlg010	2/#22	ancient_classical	4031.003	/264#3	11th_12th	0.1081	21	27	δεσμὸς θάνατος ἁρπαγὴ πήρωσις κακηγορία προπηλακισμός τὰς δὴ τῆς ψυχῆς ἀρετὰς διελόμενοι τὰς μὲν εἶναι τοῦ ἤθους ἔφαμεν τὰς δὲ τῆς διανοίας περὶ μὲν οὖν τῶν ἠθικῶν διεληλύθαμεν περὶ δὲ τῶν λοιπῶν περὶ ψυχῆς πρῶτον εἰπόντες λέγωμεν οὕτως πρότερον μὲν οὖν ἐλέχθη	ἱστῶν μέχρις ἑαυτοῦ τὴν ἐκείνου ὁρμήν Τὰς δὴ τῆς ψυχῆς ἀρετὰς διείλομεν καὶ τὰς μὲν τοῦ ἤθους ἔφαμεν τὰς δὲ τῆς διανοίας περὶ μὲν οὖν τῶν ἠθικῶν διεληλύθαμεν περὶ δὲ τῶν λοιπῶν περὶ ψυχῆς πρῶτον εἰπόν τες λέγομεν οὕτως Πρὶν ἢ τὴν	Aristotle	Eustratius of Nicaea	Ethica Nicomachea	In Ethica Nicomachea VI	
tlg0086.tlg010	4/#15	ancient_classical	4031.003	/298#2	11th_12th	0.1231	14	25	ἴσον ἔχειν καὶ πρότερον καὶ ὕστερον τοῦ δ ἐνδεχομένου ἄλλως ἔχειν ἔστι τι καὶ ποιητὸν καὶ πρακτόν ἕτερον δ ἐστὶ ποίησις καὶ πρᾶξις πιστεύομεν δὲ περὶ αὐτῶν καὶ τοῖς ἐξωτερικοῖς λόγοις ὥστε καὶ ἡ μετὰ λόγου ἕξις	ὁριζόμενος ἄρχεται μὲν οὕτως τοῦ λόγου τοῦ δ ἐνδεχομένου ἄλλως ἔχειν ἔστι τι καὶ ποιητὸν καὶ πρακτόν τὸν ἁρμόζοντα λό γον ἀποδιδοὺς τῇ ἐπιστήμῃ καὶ καταστήσας αὐτήν ἐντεῦθεν τὸν περὶ τέχνης ποιεῖται λόγον καὶ ἐπεὶ περὶ τὰ ἐνδεχόμενα ἡ τέχνη καταγίνεται τὰ δὲ ἐνδεχόμενα διττὰ τῷ εἴδει ὡς τὰ μὲν τῇ τέχνῃ ὑποκεῖσθαι τὰ δὲ τῇ πράξει παραδίδωσι πρότερον τὴν τῶν ἐνδεχομένων διαφοράν ὡς ἂν δῆλον γένοιτο ποῖα τούτων τῇ πράξει καὶ ποῖα τῇ τέχνῃ ὑπόκειται καὶ οὕτως ὁρίζεται τὴν τέχνην ἕτερον δ ἐστὶ ποίησις καὶ πρᾶξις πιστεύομεν δὲ περὶ αὐτῶν καὶ τοῖς ἐξωτερικοῖς λόγοις λαβὼν ὡς ὁμολογούμενον τὸ ἕτερα εἶναι	Aristotle	Eustratius of Nicaea	Ethica Nicomachea	In Ethica Nicomachea VI	
tlg0086.tlg010	4/#16	ancient_classical	4031.003	/301#2	11th_12th	0.1153	17	23	μὴ ἐν τῷ ποιουμένῳ οὔτε γὰρ τῶν ἐξ ἀνάγκης ὄντων ἢ γινομένων ἡ τέχνη ἐστίν οὔτε τῶν κατὰ φύσιν ἐν αὑτοῖς γὰρ ἔχουσι ταῦτα τὴν ἀρχήν ἐπεὶ δὲ ποίησις καὶ πρᾶξις ἕτερον ἀνάγκη τὴν τέχνην ποιήσεως ἀλλ οὐ πράξεως εἶναι καὶ τρόπον	τέχνην καταγίνεσθαι διότι οὐκ ἔστι τέχνη τῶν ἐξ ἀνάγκης ὄντων ἢ γινομένων οὐ μόνον γὰρ ὄντα ἐξ ἀνάγκης εἰσίν ἀλλ εἰσὶ καὶ γινόμενα ἐξ ἀνάγκης ὄντα μὲν αἱ ἄυλοι οὐσίαι καὶ ἀσώματοι καὶ αἱ οὐράνιαι σφαῖραι καὶ αἱ τῶν στοιχείων ὁλότητες μένουσι γὰρ καὶ αὐτὰ ὑπὸ τοῦ δημιουργοῦ συνε χόμενα γινόμενα δὲ αἵ τε κινήσεις τῶν οὐρανίων σφαιρῶν καὶ αἱ ὧραι τοῦ ἔτους καὶ τὰ τοιαῦτα κατὰ φύσιν δὲ τὰ ζῷα καὶ τὰ φυτά τῶν μὲν οὖν ἀναγκαίων τῷ μὴ ἀνάγκῃ εἶναι τὰ τῇ τέχνῃ ὑποκείμενα διαφέ ρουσι τῶν δὲ κατὰ φύσιν ὅτι ταῦτα ἐν αὑτοῖς ἔχουσι τὴν ἀρχὴν τῆς κινήσεως Ἐπεὶ δὲ ποίησις καὶ πρᾶξις ἕτερον ἀνάγκη τὴν τέχνην ποιήσεως ἀλλ οὐ πράξεως εἶναι καὶ τρόπον τινὰ περὶ τὰ αὐτά ἐστιν ἡ	Aristotle	Eustratius of Nicaea	Ethica Nicomachea	In Ethica Nicomachea VI	
tlg0086.tlg010	4/#17	ancient_classical	4031.003	/301#3	11th_12th	0.1734	25	25	ἕτερον ἀνάγκη τὴν τέχνην ποιήσεως ἀλλ οὐ πράξεως εἶναι καὶ τρόπον τινὰ περὶ τὰ αὐτά ἐστιν ἡ τύχη καὶ ἡ τέχνη καθάπερ καὶ Ἀγάθων φησὶ τέχνη τύχην ἔστερξε καὶ τύχη τέχνην ἡ μὲν οὖν τέχνη ὥσπερ εἴρηται	οὐ πράξεως εἶναι καὶ τρόπον τινὰ περὶ τὰ αὐτά ἐστιν ἡ τύχη καὶ ἡ τέχνη καθάπερ καὶ Ἀγάθων φησὶ τέχνη τύχην ἔστερξε καὶ τύχη τέχνην Δείξας ἕτερα ἀλλήλων τὴν πρᾶξιν καὶ	Aristotle	Eustratius of Nicaea	Ethica Nicomachea	In Ethica Nicomachea VI	
tlg0086.tlg010	5/#27	ancient_classical	4031.003	/303#1	11th_12th	0.1587	30	30	λέγομεν τοὺς φρονίμους δοκεῖ δὴ φρονίμου εἶναι τὸ δύνασθαι καλῶς βουλεύσασθαι περὶ τὰ αὑτῷ ἀγαθὰ καὶ συμφέροντα οὐ κατὰ μέρος οἷον ποῖα πρὸς ὑγίειαν πρὸς ἰσχύν ἀλλὰ ποῖα πρὸς τὸ εὖ ζῆν ὅλως σημεῖον δ ὅτι καὶ τοὺς περί	τίνας λέγομεν φρονίμους δοκεῖ δὴ φρονίμου εἶναι τὸ δύνασθαι καλῶς βουλεύεσθαι περὶ τὰ αὑτῷ ἀγαθὰ καὶ συμφέροντα οὐ κατὰ μέρος οἷον ποῖα πρὸς ὑγίειαν ἢ ἰσχύν ἀλλὰ ποῖα πρὸς τὸ εὖ ζῆν ὅλως Πέντε οὐσῶν τῶν ἀληθευτικῶν ἕξεων ἃς	Aristotle	Eustratius of Nicaea	Ethica Nicomachea	In Ethica Nicomachea VI	
tlg0086.tlg010	5/#28	ancient_classical	4031.003	/308#1	11th_12th	0.1639	17	31	εἶναι ἕξιν ἀληθῆ μετὰ λόγου πρακτικὴν περὶ τὰ ἀνθρώπῳ ἀγαθὰ καὶ κακά τῆς μὲν γὰρ ποιήσεως ἕτερον τὸ τέλος τῆς δὲ πράξεως οὐκ ἂν εἴη ἔστι γὰρ αὐτὴ ἡ εὐπραξία τέλος διὰ τοῦτο Περικλέα καὶ τοὺς τοιούτους φρονίμους οἰόμεθα εἶναι ὅτι τὰ αὑτοῖς ἀγαθὰ καὶ τὰ τοῖς ἀνθρώποις δύνανται θεωρεῖν εἶναι δὲ τοιούτους ἡγούμεθα τοὺς οἰκονομικοὺς καὶ τοὺς πολιτικούς ἔνθεν καὶ τὴν	Διὰ τοῦτο Περικλέα καὶ τοὺς τοιούτους φρονίμους οἰόμεθα εἶναι ὅτι τὰ αὑτοῖς ἀγαθὰ καὶ τὰ τοῖς ἀνθρώποις δύ νανται θεωρεῖν εἶναι δὲ τοιούτους ἡγούμεθα τοὺς οἰκονομι κοὺς καὶ πολιτικούς Εἰπὼν ἐν τῷ ὅρῳ τῆς φρονήσεως ὅτι περὶ τὰ ἀνθρώπῳ ἀγαθὰ καὶ κακὰ πρακτική ἐστιν ἡ φρόνησις συνίστησι τοῦτο ἀπὸ τῆς κοινῆς ὑπο λήψεως διότι γάρ φησί περὶ τὰ τοιαῦτα ἡ φρόνησις διὰ τοῦτο Περι κλέα καὶ τοὺς κατὰ Περικλέα φρονίμους εἶναι ὑπολαμβάνομεν ὅτι ἄνθρω ποι ὄντες δύνανται θεωρεῖν τὰ ἑαυτοῖς ἀγαθὰ καὶ τὰ τοῖς ἄλλοις ἀνθρώ ποις ᾗ ἄνθρωποί εἰσι	Aristotle	Eustratius of Nicaea	Ethica Nicomachea	In Ethica Nicomachea VI	
tlg0086.tlg010	6/#23	ancient_classical	4031.003	/315#3	11th_12th	0.1069	13	31	εἰσὶ δ ἀρχαὶ τῶν ἀποδεικτῶν καὶ πάσης ἐπιστήμης μετὰ λόγου γὰρ ἡ ἐπιστήμη τῆς ἀρχῆς τοῦ ἐπιστητοῦ οὔτ ἂν ἐπιστήμη εἴη οὔτε τέχνη οὔτε φρόνησις τὸ μὲν γὰρ ἐπιστητὸν ἀποδεικτόν αἳ δὲ τυγχάνουσιν οὖσαι περὶ τὰ ἐνδεχόμενα ἄλλως ἔχειν οὐδὲ δὴ σοφία τούτων ἐστίν τοῦ	πάσης ἐπιστήμης μετὰ λόγου γὰρ ἡ ἐπιστήμη τῆς ἀρχῆς τοῦ ἐπιστητοῦ οὔτ ἂν εἴη ἐπιστήμη οὔτε τέχνη οὔτε φρόνη σις τὸ μὲν γὰρ ἐπιστητὸν ἀποδεικτόν αἱ δὲ τυγχάνουσιν οὖ σαι περὶ τὰ ἐνδεχόμενα ἄλλως ἔχειν Περὶ τῶν τριῶν ἀληθευτικῶν ἕξεων διδάξας	Aristotle	Eustratius of Nicaea	Ethica Nicomachea	In Ethica Nicomachea VI	
tlg0086.tlg010	9/#19	ancient_classical	4031.003	/356#1	11th_12th	0.1128	21	21	ἔστι δ εὐστοχία τις ἡ ἀγχίνοια οὐδὲ δὴ δόξα ἡ εὐβουλία οὐδεμία ἀλλ ἐπεὶ ὁ μὲν κακῶς βουλευόμενος ἁμαρτάνει ὁ δ εὖ ὀρθῶς βουλεύεται δῆλον ὅτι ὀρθότης τις	Οὐδὲ δὴ δόξα ἡ εὐβουλία οὐδεμία ἀλλ ἐπεὶ ὁ μὲν κακῶς βουλευόμενος ἁμαρτάνει ὁ δὲ εὖ ὀρθῶς βουλευέται δῆλον ὅτι ὀρθότης τις ἡ εὐβουλία ἐστίν οὔτ ἐπιστήμης δὲ	Aristotle	Eustratius of Nicaea	Ethica Nicomachea	In Ethica Nicomachea VI	
tlg0086.tlg010	9/#21	ancient_classical	4031.003	/359#1	11th_12th	0.1432	15	24	δῆλον ὅτι οὐ πᾶσα ὁ γὰρ ἀκρατὴς καὶ ὁ φαῦλος ὃ προτίθεται ἰδεῖν ἐκ τοῦ λογισμοῦ τεύξεται ὥστε ὀρθῶς ἔσται βεβουλευμένος κακὸν δὲ μέγα εἰληφώς δοκεῖ δ ἀγαθόν τι τὸ εὖ	ἑξῆς Ἐπεὶ δὲ ἡ ὀρθότης πλεοναχῶς δῆλον ὅτι οὐ πᾶσα ὁ γὰρ ἀκρατὴς καὶ ὁ φαῦλος ὃ προτίθεται ἰδεῖν ἐκ τοῦ λογι σμοῦ τεύξεται ὥστε ὀρθῶς ἔσται βεβουλευμένος κακὸν δὲ μέγα εἰληφώς Ἐπὶ τῷ γένει τῆς εὐβουλίας ὃ	Aristotle	Eustratius of Nicaea	Ethica Nicomachea	In Ethica Nicomachea VI	
tlg0086.tlg010	11/#10	ancient_classical	4031.003	/372#3	11th_12th	0.1788	21	21	ἡ τοῦ ἐπιεικοῦς ἐστὶ κρίσις ὀρθή σημεῖον δέ τὸν γὰρ ἐπιεικῆ μάλιστά φαμεν εἶναι συγγνωμονικόν καὶ ἐπιεικὲς τὸ ἔχειν περὶ ἔνια συγγνώμην ἡ δὲ συγγνώμη γνώμη ἐστὶ κριτικὴ τοῦ ἐπιεικοῦς ὀρθή ὀρθὴ δ	μεταφέρουσα τὰ παρὰ τῶν φιλαιτίων διασυρόμενα Σημεῖον δέ τὸν γὰρ ἐπιεικῆ μάλιστά φαμεν εἶναι συγγνωμονικόν καὶ ἐπιεικὲς τὸ ἔχειν περὶ ἔνια συγγνώμην ἡ δὲ συγγνώμη γνώμη ἐστὶ τοῦ ἐπιεικοῦς ὀρθὴ δὲ ἡ τοῦ	Aristotle	Eustratius of Nicaea	Ethica Nicomachea	In Ethica Nicomachea VI	
tlg0086.tlg010	11/#10	ancient_classical	4031.003	/374#1	11th_12th	0.1002	22	22	ὀρθή ὀρθὴ δ ἡ τοῦ ἀληθοῦς εἰσὶ δὲ πᾶσαι αἱ ἕξεις εὐλόγως εἰς ταὐτὸ τείνουσαι λέγομεν γὰρ γνώμην καὶ σύνεσιν καὶ φρόνησιν καὶ νοῦν ἐπὶ τοὺς αὐτοὺς ἐπιφέροντες γνώμην ἔχειν	διὰ τὴν τῆς μετριότητος συγκατά βασιν Εἰσὶ δὲ πᾶσαι αἱ ἕξεις εὐλόγως εἰς ταὐτὸ τείνουσαι λέγομεν γὰρ γνώμην καὶ φρόνησιν καὶ σύνεσιν καὶ νοῦν ἐπὶ τοὺς αὐτοὺς ἐπιφέροντες γνώμην ἔχειν καὶ νοῦν ἤδη καὶ φρο νίμους	Aristotle	Eustratius of Nicaea	Ethica Nicomachea	In Ethica Nicomachea VI	
tlg0086.tlg010	13/#8	ancient_classical	4031.003	/400#2	11th_12th	0.183	20	32	κυρία οὐ γίνεται ἄνευ φρονήσεως διόπερ τινές φασι πάσας τὰς ἀρετὰς φρονήσεις εἶναι καὶ Σωκράτης τῇ μὲν ὀρθῶς ἐζήτει τῇ δ ἡμάρτανεν ὅτι μὲν γὰρ φρονήσεις ᾤετο εἶναι πάσας τὰς ἀρετάς ἡμάρτανεν ὅτι δ οὐκ ἄνευ φρονήσεως καλῶς ἔλεγεν σημεῖον δέ καὶ γὰρ νῦν πάντες	ἐφικνεῖσθαι τούτων αὐταῖς χα ρίζεται Διό τινές φασι πάσας τὰς ἀρετὰς φρονήσεις εἶναι καὶ Σωκράτης τῇ μὲν ὀρθῶς ἐζήτει τῇ δ ἡμάρτανεν ὅτι μὲν φρο νήσεις ᾤετο πάσας τὰς ἀρετάς ἡμάρτανεν ὅτι δ οὐκ ἄνευ φρονήσεως καλῶς ἔλεγε Καὶ τοῦτο πρὸς σύστασιν παραλαμβάνει τοῦ ἀναγκαίαν εἶναι ταῖς ἠθι καῖς ἀρεταῖς τὴν φρόνησιν ὅτι καί τισι τῶν πάλαι σοφῶν φρονήσεις εἶναι πάσας τὰς ἀρετὰς ἔδοξε διὰ τὸ ὁρᾶν τὴν φρόνησιν	Aristotle	Eustratius of Nicaea	Ethica Nicomachea	In Ethica Nicomachea VI	
tlg0086.tlg010	13/#10	ancient_classical	4031.003	/405#3	11th_12th	0.1256	19	19	οὖν ἕνεκα ἐπιτάττει ἀλλ οὐκ ἐκείνῃ ἔτι ὅμοιον κἂν εἴ τις τὴν πολιτικὴν φαίη ἄρχειν τῶν θεῶν ὅτι ἐπιτάττει περὶ πάντα τὰ ἐν τῇ πόλει ἀλλὰ μὴν ὅτι καὶ ἡ λύπη	αὐτήν ἵν ἐν ταῖς ψυχαῖς γίνοιτο Ἔτι ὅμοιον κἂν εἴ τις τὴν πολιτικὴν φαίη ἀρχὴν τῶν θεῶν ὅτι ἐπιτάττει περὶ πάντα τὰ ἐν τῇ πόλει Ἕτερον παράδειγμα περὶ τῶν εἰρημένων παράγει	Aristotle	Eustratius of Nicaea	Ethica Nicomachea	In Ethica Nicomachea VI	
tlg0086.tlg010	2/#23	ancient_classical	4031.003	/268#1	11th_12th	0.1238	18	28	ἔχειν ἓν δὲ ᾧ τὰ ἐνδεχόμενα πρὸς γὰρ τὰ τῷ γένει ἕτερα καὶ τῶν τῆς ψυχῆς μορίων ἕτερον τῷ γένει τὸ πρὸς ἑκάτερον πεφυκός εἴπερ καθ ὁμοιότητά τινα καὶ οἰκειότητα ἡ γνῶσις ὑπάρχει αὐτοῖς λεγέσθω δὲ τούτων τὸ μὲν ἐπιστημονικὸν	Πρὸς γὰρ τὰ τῷ γένει ἕτερα καὶ τῶν τῆς ψυχῆς μο ρίων ἕτερον τῷ γένει τὸ πρὸς ἑκάτερον πεφυκός εἴπερ καθ ὁμοιότητά τινα καὶ οἰκειότητα ἡ γνῶσις ὑπάρχει αὐτοῖς Ὅτι ἕτερον τῷ εἴδει μέρος τῆς	Aristotle	Eustratius of Nicaea	Ethica Nicomachea	In Ethica Nicomachea VI	
tlg0086.tlg010	2/#25	ancient_classical	4031.003	/282#3	11th_12th	0.1843	12	29	ἀλλ οὐχ οὗ ἕνεκα προαιρέσεως δὲ ὄρεξις καὶ λόγος ὁ ἕνεκά τινος διὸ οὔτ ἄνευ νοῦ καὶ διανοίας οὔτ ἄνευ ἠθικῆς ἐστὶν ἕξεως ἡ προαίρεσις εὐπραξία γὰρ καὶ τὸ ἐναντίον ἐν πράξει ἄνευ διανοίας καὶ ἤθους οὐκ ἔστιν διάνοια δ αὐτὴ οὐθὲν κινεῖ ἀλλ	προαιρέσει γεγονότος ἐπι τυγχάνει ὁ προαιρούμενος Διὸ οὔτ ἄνευ νοῦ καὶ διανοίας οὔτ ἄνευ ἠθικῆς ἕξεως ἡ προαίρεσις εὐπραξία γὰρ καὶ τὸ ἐναντίον ἐν πράξει ἄνευ νοῦ καὶ διανοίας καὶ ἤθους οὐκ ἔστι Πιστοῦται διὰ τούτων τὸ εἰρημένον ὅτι ἀρχὴ ποιητικὴ τῆς προαιρέ σεώς ἐστιν ὄρεξις καὶ λόγος ὁ τὸ ἀφορᾶν πρὸς πρᾶξιν ὡς τέλος	Aristotle	Eustratius of Nicaea	Ethica Nicomachea	In Ethica Nicomachea VI	
tlg0086.tlg010	2/#25	ancient_classical	4031.003	/283#1	11th_12th	0.1015	24	24	ἄνευ διανοίας καὶ ἤθους οὐκ ἔστιν διάνοια δ αὐτὴ οὐθὲν κινεῖ ἀλλ ἡ ἕνεκά του καὶ πρακτική αὕτη γὰρ καὶ τῆς ποιητικῆς ἄρχει ἕνεκα γάρ του ποιεῖ πᾶς ὁ ποιῶν καὶ οὐ τέλος ἁπλῶς ἀλλὰ πρός τι	τὸ δ ἐναντίον τοῦ εὖ διεστραμμένως Διάνοια δ αὐτὴ οὐθὲν κινεῖ ἀλλ ἡ ἕνεκά τινος καὶ πρακτική αὕτη γὰρ καὶ τῆς ποιητικῆς ἄρχει ἕνεκα γάρ του ποιεῖ πᾶς ὁ ποιῶν καὶ	Aristotle	Eustratius of Nicaea	Ethica Nicomachea	In Ethica Nicomachea VI	
tlg0086.tlg010	6/#23	ancient_classical	4031.003	/317#1	11th_12th	0.0817	11	27	δὴ οἷς ἀληθεύομεν καὶ μηδέποτε διαψευδόμεθα περὶ τὰ μὴ ἐνδεχόμενα ἢ καὶ ἐνδεχόμενα ἄλλως ἔχειν ἐπιστήμη καὶ φρόνησίς ἐστι καὶ σοφία καὶ νοῦς τούτων δὲ τῶν τριῶν μηδὲν ἐνδέχεται εἶναι λέγω δὲ τρία	περὶ τὰ μὴ ἐνδεχόμενα ἢ καὶ ἐνδεχόμενα ἄλλως ἔχειν ἐπιστή μη καὶ φρόνησίς ἐστι καὶ σοφία καὶ νοῦς τούτων δὲ τῶν τρι ῶν μηδὲν ἐνδέχεται εἶναι λέγω δὲ τρία φρόνησιν σοφίαν ἐπι στήμην λείπεται νοῦν	Aristotle	Eustratius of Nicaea	Ethica Nicomachea	In Ethica Nicomachea VI	
tlg0086.tlg010	8/#26	ancient_classical	4031.003	/343#1	11th_12th	0.1155	17	22	πῶς δεῖ διοικεῖν ἄδηλον καὶ σκεπτέον σημεῖον δ ἐστὶ τοῦ εἰρημένου καὶ διότι γεωμετρικοὶ μὲν νέοι καὶ μαθηματικοὶ γίνονται καὶ σοφοὶ τὰ τοιαῦτα φρόνιμος δ οὐ δοκεῖ γίνεσθαι αἴτιον δ ὅτι καὶ τῶν καθ	εἰδέναι τὸν φρόνιμον τὸ ἑαυτοῦ ἀγαθόν Σημεῖόν δ ἐστι τοῦ εἰρημένου καὶ διότι γεωμετρικοὶ μὲν νέοι καὶ μαθηματικοὶ γίνονται καὶ σοφοὶ τὰ τοιαῦτα φρό νιμος δ οὐ δοκεῖ γίνεσθαι Πιστοῦται τὸ λεγόμενον καὶ ἀπὸ σημείου	Aristotle	Eustratius of Nicaea	Ethica Nicomachea	In Ethica Nicomachea VI	
tlg0086.tlg010	13/#7	ancient_classical	4031.003	/397#2	11th_12th	0.1399	15	26	εὐθὺς ἐκ γενετῆς ἀλλ ὅμως ζητοῦμεν ἕτερόν τι τὸ κυρίως ἀγαθὸν καὶ τὰ τοιαῦτα ἄλλον τρόπον ὑπάρχειν καὶ γὰρ παισὶ καὶ θηρίοις αἱ φυσικαὶ ὑπάρχουσιν ἕξεις ἀλλ ἄνευ νοῦ βλαβεραὶ φαίνονται οὖσαι πλὴν τοσοῦτον ἔοικεν ὁρᾶσθαι ὅτι ὥσπερ	μεν ἕτερόν τι τὸ κυρίως ἀγαθόν τουτέστιν τὴν κυρίως ἀρετήν κἂν ὁμωνύμως καὶ ἐπὶ τῶν φυσικῶν τοῖς αὐτοῖς ὀνόμασι χρώμεθα καὶ τὰ τοιαῦτα ἄλλον τρόπον ὑπάρχειν ἤγουν τὰ κυρίως ἀγαθὰ καὶ τὰς κυρίως ἀρετὰς οὐχ οὕτως ὑπάρχειν ἐκ φύσεως ἀλλὰ τρόπον ἕτερον τουτέστιν ἐξ ἀνάγκης καὶ μελέτης καὶ μετὰ νοῦ ἐπιστατοῦντος καὶ προστατεύοντος Καὶ γὰρ παισὶ καὶ θηρίοις αἱ φυσικαὶ ὑπάρχουσιν ἕξεις ἀλλ ἄνευ νοῦ βλαβεραὶ φαίνονται οὖσαι Ὅτι γάρ φησίν οὔκ εἰσιν ἀρεταὶ	Aristotle	Eustratius of Nicaea	Ethica Nicomachea	In Ethica Nicomachea VI	
tlg0086.tlg010	1/#35	ancient_classical	4031.003	/261#3	11th_12th	0.1234	18	29	λέγει τοῦτο διέλωμεν ἐν πάσαις γὰρ ταῖς εἰρημέναις ἕξεσι καθάπερ καὶ ἐπὶ τῶν ἄλλων ἔστι τις σκοπὸς πρὸς ὃν ἀποβλέπων ὁ τὸν λόγον ἔχων ἐπιτείνει καὶ ἀνίησιν καί τις ἔστιν ὅρος τῶν μεσοτήτων ἃς μεταξύ φαμεν εἶναι τῆς ὑπερβολῆς καὶ	ταῖς εἰρημέναις ἕξεσιν ὡς καὶ ἐπὶ τῶν ἄλλων ἔστι τις σκοπὸς πρὸς ὃν ἀποβλέπων ὁ τὸν λόγον ἔχων ἐπιτείνει τε καὶ ἀνίησι καί τις ὅρος ἐστὶ τῶν μεσοτή των ἃς μεταξύ φαμεν εἶναι τῆς ὑπερβολῆς καὶ τῆς ἐλλείψεως οὔσας κατὰ τὸν ὀρθὸν	Aristotle	Eustratius of Nicaea	Ethica Nicomachea	In Ethica Nicomachea VI	
tlg0086.tlg010	2/#23	ancient_classical	4031.003	/266#1	11th_12th	0.0677	21	25	λόγον ἔχοντα ἓν μὲν ᾧ θεωροῦμεν τὰ τοιαῦτα τῶν ὄντων ὅσων αἱ ἀρχαὶ μὴ ἐνδέχονται ἄλλως ἔχειν ἓν δὲ ᾧ τὰ ἐνδεχόμενα πρὸς γὰρ τὰ τῷ γένει ἕτερα καὶ τῶν τῆς ψυχῆς μορίων ἕτερον τῷ γένει τὸ πρὸς ἑκάτερον πεφυκός εἴπερ καθ ὁμοιότητά τινα καὶ οἰκειότητα ἡ γνῶσις ὑπάρχει αὐτοῖς λεγέσθω δὲ τούτων τὸ μὲν ἐπιστημονικὸν τὸ δὲ λογιστικόν τὸ γὰρ βουλεύεσθαι καὶ λογίζεσθαι ταὐτόν οὐδεὶς δὲ βουλεύεται περὶ τῶν μὴ ἐνδεχομένων ἄλλως ἔχειν ὥστε τὸ λογιστικόν ἐστιν ἕν τι	τρόπον διαιρετέον καὶ ὑποκείσθω δύο τὰ λόγον ἔχοντα ἓν μὲν ᾧ θεωροῦμεν τὰ τοιαῦτα τῶν ὄντων ὧν αἱ ἀρχαὶ μὴ ἐνδέχονται ἄλλως ἔχειν ἓν δὲ ᾧ τὰ ἐνδεχόμενα Καὶ ἐν τοῖς προτέροις βιβλίοις εἴρηκεν	Aristotle	Eustratius of Nicaea	Ethica Nicomachea	In Ethica Nicomachea VI	
tlg0086.tlg010	7/#29	ancient_classical	4031.003	/331#1	11th_12th	0.0939	22	28	μὲν καὶ θαυμαστὰ καὶ χαλεπὰ καὶ δαιμόνια εἰδέναι αὐτούς φασιν ἄχρηστα δ ὅτι οὐ τὰ ἀνθρώπινα ἀγαθὰ ζητοῦσιν ἡ δὲ φρόνησις περὶ τὰ ἀνθρώπινα καὶ περὶ ὧν ἔστι βουλεύσασθαι τοῦ γὰρ φρονίμου μάλιστα τοῦτ ἔργον	ἀγνοοῦντας τὰ συμφέροντα ἑαυτοῖς καὶ περιττὰ μὲν καὶ θαυμαστὰ καὶ χαλεπὰ καὶ δαιμόνια εἰδέναι αὐτούς φασιν ἄχρηστα δὲ διότι οὐ τὰ ἀνθρώπινα ἀγαθὰ ζητοῦσιν ἡ δὲ φρόνησις περὶ τὰ ἀν θρώπινα καὶ περὶ ὧν ἔστι βουλεύσασθαι Δείκνυσι τὸ ῥηθέν ὅτι ἑτέρα τῆς	Aristotle	Eustratius of Nicaea	Ethica Nicomachea	In Ethica Nicomachea VI	
tlg0086.tlg010	9/#22	ancient_classical	4031.003	/364#1	11th_12th	0.1582	25	25	τὶς δὲ ἡ πρός τι τέλος εἰ δὴ τῶν φρονίμων τὸ εὖ βεβουλεῦσθαι ἡ εὐβουλία εἴη ἂν ὀρθότης ἡ κατὰ τὸ συμφέρον πρὸς τὸ τέλος οὗ ἡ φρόνησις ἀληθὴς ὑπόληψίς ἐστιν πότερον οὖν ἐγκρατής ἐστιν ὁ ὁποιῳοῦν	ἐν τῷ περὶ τοῦ τοιούτου βουλεύεσθαι εἰ δὴ τῶν φρονίμων τὸ εὖ βεβουλεῦσθαι ἡ εὐβουλία εἴη ἂν ὀρθότης ἡ κατὰ τὸ συμφέρον πρός τι τέλος οὗ ἡ φρόνησις ἀληθὴς ὑπόληψίς ἐστι τὰ μὲν μέχρι τοῦδε κατ ἐξήγησιν εἰρημένα ἔστιν ἐφαρμόσαι τοῖς μέχρι τοῦδε τοῦ Ἀριστοτέλους ῥητοῖς περὶ τοῦ καθόλου εὖ βεβουλεῦσθαι εἰρημένοις τὰ δὲ ἑξῆς ἔοικε τῷ ὅρῳ ἐφαρμόζειν τῆς κατὰ μέρος εὐβουλίας ἐπεὶ γὰρ περὶ πρακτέων κυ ρίως ἅπασα βούλευσις τὰ δὲ πρακτέα καθ ἕκαστα περὶ τὰ καθ ἕκαστα ἄρα ἡ πᾶσα βούλευσις διὸ καὶ δέον προστίθεσθαι τῷ ὅρῳ τῆς εὐβουλίας τὸ πρός τι τέλος ἐπεὶ δὲ καὶ τῶν φρονίμων τὸ εὖ βουλεύεσθαι δεῖ καὶ τὴν φρόνησιν ἐν τῷ ὅρῳ παραλαμβάνεσθαι καὶ οὕτως ἔσται τέλειος ὁ τῆς εὐβουλίας ὅρος ἐκτεθειμένος ὡδί ὡς ἐνταυθοῖ ὁ Ἀριστοτέλης ἐξέθετο ἤγουν ὀρθότης ἡ κατὰ τὸ συμφέρον πρός τι τέλος οὗ ἡ φρόνησις	Aristotle	Eustratius of Nicaea	Ethica Nicomachea	In Ethica Nicomachea VI	
tlg0086.tlg010	11/#12	ancient_classical	4031.003	/377#3	11th_12th	0.0961	16	27	ἐσχάτων νοῦς ἐστὶ καὶ οὐ λόγος καὶ ὁ μὲν κατὰ τὰς ἀποδείξεις τῶν ἀκινήτων ὅρων καὶ πρώτων ὁ δ ἐν ταῖς πρακτικαῖς τοῦ ἐσχάτου καὶ ἐνδεχομένου καὶ τῆς ἑτέρας προτάσεως ἀρχαὶ γὰρ τοῦ οὗ ἕνεκα αὗται	οὖν ὅτι τῶν ἐσχάτων ἐφ ἑκάτερα νοῦς ἐστι καὶ οὐ λόγος γνωστικός νοῦν ὀνομάζων τὴν ἀμέ σως γινώσκουσαν δύναμιν λόγον δὲ τὴν διὰ μέσου καὶ συλλογιστικῶς ἥ ἐστιν ἡ διάνοια νοῦν δέ φησι τὸν αὐτὸν μὲν τῇ οὐσίᾳ ἕτερον δὲ καὶ ἕτερον τῇ ἐνεργείᾳ ὁ γὰρ ἐν ἡμῖν νοῦς ἑαυτὸν μὲν θεωρῶν καὶ τὰ κατ αὐτὸν καὶ τὰ κρείττω θεωρητικός ἐστι τὰ δ αὐτῷ συνηρτημένα καὶ χείρονα μέτρῳ διδοὺς καὶ ῥυθμίζων καὶ πράττων πρακτικός ἐστι καὶ ὀνο μάζεται ἐκείνως μὲν οὖν τὰς ἐπιστήμας συνίστησιν οὕτως δὲ περὶ τὰ πρακτὰ καταγίνεται κἀκείνως μὲν τὸ ἀληθὲς ἀνευρίσκει ὡδὶ δὲ τὸ ἀγα θὸν κατορθοῖ ὅρα γὰρ τί φησιν ὁ μὲν κατὰ τὰς ἀποδείξεις τῶν ἀκινήτων ὅρων καὶ πρώτων ὁ δ ἐν ταῖς πρακτικαῖς τοῦ ἐσχά του καὶ ἐνδεχομένου καὶ τῆς ἑτέρας προτάσεως ἀκίνητοι ὅροι εἰσὶν αἱ πρῶται ἀρχαὶ	Aristotle	Eustratius of Nicaea	Ethica Nicomachea	In Ethica Nicomachea VI	
tlg0086.tlg010	12/#9	ancient_classical	4031.003	/391#1	11th_12th	0.1077	16	24	σπουδαῖον οὕτως ὡς ἔοικεν ἔστι τὸ πῶς ἔχοντα πράττειν ἕκαστα ὥστ εἶναι ἀγαθόν λέγω δ οἷον διὰ προαίρεσιν καὶ αὐτῶν ἕνεκα τῶν πραττομένων τὴν μὲν οὖν προαίρεσιν ὀρθὴν ποιεῖ ἡ ἀρετή τὸ δ ὅσα ἐκείνης ἕνεκα πέφυκε πράττεσθαι οὐκ ἔστι τῆς ἀρετῆς ἀλλ ἑτέρας δυνάμεως λεκτέον δ ἐπιστήσασι σαφέστερον περὶ αὐτῶν	πραττόμενα παρ αὐτοῦ ἀγαθά δεῖ γὰρ πῶς ἔχοντα πράττειν ἕκαστον ἵν εἴη ἀγαθὰ καὶ σπουδαῖα Τὴν μὲν οὖν προαίρεσιν ποιεῖ ὀρθὴν ἡ ἀρετή τὸ δ ὅσα ἐκείνης ἕνεκα πέφυκε πράττεσθαι οὐκ ἔστι τῆς ἀρετῆς ἀλλ ἑτέρας δυνάμεως Ἐντεῦθεν ἄρχεται δεῖξαι πῶς ἀναγκαία ἡ	Aristotle	Eustratius of Nicaea	Ethica Nicomachea	In Ethica Nicomachea VI	
tlg0086.tlg010	12/#10	ancient_classical	4031.003	/393#1	11th_12th	0.1259	25	25	δύναμις ἀλλ οὐκ ἄνευ τῆς δυνάμεως ταύτης ἡ δ ἕξις τῷ ὄμματι τούτῳ γίνεται τῆς ψυχῆς οὐκ ἄνευ ἀρετῆς ὡς εἴρηταί τε καὶ ἔστι δῆλον οἱ γὰρ συλλογισμοὶ τῶν πρακτῶν ἀρχὴν	Ἔστι δ ἡ φρόνησις οὐχ ἡ δύναμις ἀλλ οὐκ ἄνευ τῆς δυνάμεως ταύτης ἡ δ ἕξις τῷ ὄμματι τούτῳ γίνεται τῆς ψυχῆς οὐκ ἄνευ ἀρετῆς ὡς εἴρηταί τε καὶ ἔστι δῆλον Οὐκ ἔστι φησίν ἡ φρόνησις ἡ	Aristotle	Eustratius of Nicaea	Ethica Nicomachea	In Ethica Nicomachea VI	
tlg0086.tlg010	13/#7	ancient_classical	4031.003	/398#3	11th_12th	0.1236	9	28	λάβῃ νοῦν ἐν τῷ πράττειν διαφέρει ἡ δ ἕξις ὁμοία οὖσα τότ ἔσται κυρίως ἀρετή ὥστε καθάπερ ἐπὶ τοῦ δοξαστικοῦ δύο ἐστὶν εἴδη δεινότης καὶ φρόνησις οὕτω καὶ ἐπὶ τοῦ ἠθικοῦ δύο ἐστί τὸ μὲν ἀρετὴ	τὸν ἄνθρωπον τῇ φυσικῇ ἐπιτηδειότητι μόνον ἡ δ ἕξις ὁμοία οὖσα τότ ἔσται κυρίως ἀρετή ἕξιν ὀνομάζει τὴν ἐξ ἔθους γινομένην οὐ τὴν ἐκ φύσεως ὑπάρχουσαν ἐπιτηδειότητα καὶ ὀνομάζει ὁμοίαν οὐ τὴν αὐτὴν τὴν ἕξιν τῇ εὐφυΐᾳ ἑτερογενεῖς γὰρ ἀλλήλων αὗταί εἰσιν εἴπερ ἡ μὲν φυσική ἡ δὲ ἠθική οὔκουν διὰ τὴν ὁμοιότητα κυρίως ἐροῦμεν ἀρετὴν τὴν φυσικήν ἀλλὰ τότε ἔσται κυρίως ἀρετή ὅταν γένηται ἕξις ἤτοι ὅταν ἐξ ἔθους καὶ ἀσκήσεως τὸ βέβαιον ἕξει πρὸς τὸ κατὰ λόγον καὶ ὀρθῶς ἐνεργεῖν Ὥστε καθάπερ ἐπὶ τοῦ δοξαστικοῦ δύο εἴδη δεινότης καὶ φρόνησις καὶ ἐπὶ τοῦ ἠθικοῦ δύο ἐστί τὸ μὲν ἀρετὴ φυσική τὸ δ ἡ κυρία καὶ	Aristotle	Eustratius of Nicaea	Ethica Nicomachea	In Ethica Nicomachea VI	
tlg0086.tlg010	1/#35	ancient_classical	4031.003	/258#3	11th_12th	0.1589	25	25	τοιάδε ἕξις ἁπλῶς ἀρετή ἐπεὶ δὲ τυγχάνομεν πρότερον εἰρηκότες ὅτι δεῖ τὸ μέσον αἱρεῖσθαι μὴ τὴν ὑπερβολὴν μηδὲ τὴν ἔλλειψιν τὸ δὲ μέσον ἐστὶν ὡς ὁ λόγος ὁ ὀρθὸς λέγει τοῦτο διέλωμεν ἐν πάσαις γὰρ ταῖς εἰρημέναις ἕξεσι	παρὰ τοῦ Ἀριστοτέ λους ῥηθησομένων Ἐπειδὴ τυγχάνομεν πρότερον εἰρηκότες ὅτι δεῖ τὸ μέσον αἱρεῖσθαι μήτε τὴν ὑπερβολὴν μήτε τὴν ἔλλειψιν τὸ δὲ μέσον ἐστὶν ὡς ὁ λόγος ὁ ὀρθὸς λέγει τοῦτο διέλωμεν Περὶ τῶν πρακτικῶν ἀρετῶν ἐν τοῖς	Aristotle	Eustratius of Nicaea	Ethica Nicomachea	In Ethica Nicomachea VI	
tlg0086.tlg010	2/#24	ancient_classical	4031.003	/281#1	11th_12th	0.12	20	20	ὁμολόγως ἔχουσα τῇ ὀρέξει τῇ ὀρθῇ πράξεως μὲν οὖν ἀρχὴ προαίρεσις ὅθεν ἡ κίνησις ἀλλ οὐχ οὗ ἕνεκα προαιρέσεως δὲ ὄρεξις καὶ λόγος ὁ ἕνεκά τινος διὸ οὔτ ἄνευ νοῦ	ἀλλ ἐκεῖνο ὅπερ ἀληθῶς συμπεπέ ρανται Πράξεως μὲν οὖν ἀρχὴ προαίρεσις ὅθεν ἡ κίνησις ἀλλ οὐχ οὗ ἕνεκα προαιρέσεως δὲ ὄρεξις καὶ λόγος ὁ ἕνεκά τινος Ἐπὶ τῶν πρακτικῶν ἀρετῶν καὶ τῶν	Aristotle	Eustratius of Nicaea	Ethica Nicomachea	In Ethica Nicomachea VI	
tlg0086.tlg010	2/#25	ancient_classical	4031.003	/286#2	11th_12th	0.1292	17	28	διανοητική καὶ ἡ τοιαύτη ἀρχὴ ἄνθρωπος οὐκ ἔστι δὲ προαιρετὸν οὐδὲν γεγονός οἷον οὐδεὶς προαιρεῖται Ἴλιον πεπορθηκέναι οὐδὲ γὰρ βουλεύεται περὶ τοῦ γεγονότος ἀλλὰ περὶ τοῦ ἐσομένου καὶ ἐνδεχομένου τὸ δὲ γεγονὸς οὐκ ἐνδέχεται μὴ γενέσθαι διὸ ὀρθῶς Ἀγάθων	βούλησιν Οὐκ ἔστι δὲ προαιρετὸν οὐθὲν γεγονός οἷον οὐθεὶς προαιρεῖται Ἴλιον πεπορθηκέναι οὐ γὰρ βουλεύεται περὶ τοῦ γεγονότος ἀλλὰ τοῦ ἐσομένου καὶ ἐνδεχομένου τὸ δὲ γεγονὸς οὐκ ἐνδέχεται μὴ γενέσθαι Περὶ τῶν ὑποκειμένων τῇ προαιρέσει φησὶν	Aristotle	Eustratius of Nicaea	Ethica Nicomachea	In Ethica Nicomachea VI	
tlg0086.tlg010	2/#25	ancient_classical	4031.003	/281#1	11th_12th	0.1252	20	20	ὀρέξει τῇ ὀρθῇ πράξεως μὲν οὖν ἀρχὴ προαίρεσις ὅθεν ἡ κίνησις ἀλλ οὐχ οὗ ἕνεκα προαιρέσεως δὲ ὄρεξις καὶ λόγος ὁ ἕνεκά τινος διὸ οὔτ ἄνευ νοῦ καὶ διανοίας	ἀλλ ἐκεῖνο ὅπερ ἀληθῶς συμπεπέ ρανται Πράξεως μὲν οὖν ἀρχὴ προαίρεσις ὅθεν ἡ κίνησις ἀλλ οὐχ οὗ ἕνεκα προαιρέσεως δὲ ὄρεξις καὶ λόγος ὁ ἕνεκά τινος Ἐπὶ τῶν πρακτικῶν ἀρετῶν καὶ τῶν	Aristotle	Eustratius of Nicaea	Ethica Nicomachea	In Ethica Nicomachea VI	
tlg0086.tlg010	7/#27	ancient_classical	4031.003	/326#1	11th_12th	0.0941	22	27	μὲν καὶ ἀγαθὸν ἕτερον ἀνθρώποις καὶ ἰχθύσι τὸ δὲ λευκὸν καὶ εὐθὺ ταὐτὸν ἀεί καὶ τὸ σοφὸν ταὐτὸ πάντες ἂν εἴποιεν φρόνιμον δὲ ἕτερον τὰ γὰρ περὶ αὑτὸ ἕκαστα τὸ εὖ θεωροῦν φησὶν εἶναι φρόνιμον καὶ τούτῳ ἐπιτρέψει αὐτά διὸ καὶ τῶν θηρίων ἔνια	ἰχθύσι τὸ δὲ λευκὸν καὶ εὐθὺ ταὐτὸ αἰεί καὶ τὸ σοφὸν ταὐτὸν πάντες ἂν εἴποιεν φρόνιμον δὲ ἕτερον τὸ γὰρ περὶ αὑτὸ ἕκα στα εὖ θεωροῦν φαῖεν ἂν εἶναι φρόνιμον καὶ τούτῳ ἐπιτρέ ψειαν αὐτά Ἕτερον ἐπιχείρημα περὶ διαφορᾶς	Aristotle	Eustratius of Nicaea	Ethica Nicomachea	In Ethica Nicomachea VI	
tlg0086.tlg010	7/#27	ancient_classical	4031.003	/325#1	11th_12th	0.1059	10	20	ὥσπερ κεφαλὴν ἔχουσα ἐπιστήμη τῶν τιμιωτάτων ἄτοπον γὰρ εἴ τις τὴν πολιτικὴν ἢ τὴν φρόνησιν σπουδαιοτάτην οἴεται εἶναι εἰ μὴ τὸ ἄριστον τῶν ἐν τῷ κόσμῳ ἄνθρωπός ἐστιν εἰ δὴ ὑγιεινὸν μὲν καὶ ἀγαθὸν	αὐτὴ πρώτως τὴν ταύτης ποιουμένη κατάληψιν Ἄτοπον γὰρ εἴ τις τὴν ἐπιστήμην πολιτικὴν ἢ τὴν φρόνησιν σπουδαιοτάτην εἶναι οἴεται εἰ μὴ τὸ ἄριστον τῶν ἐν τῷ κόσμῳ ἄνθρωπός ἐστιν Διὰ μὲν τῶν προσεχῶς εἰρημένων ἔδειξε	Aristotle	Eustratius of Nicaea	Ethica Nicomachea	In Ethica Nicomachea VI	
tlg0086.tlg010	10/#16	ancient_classical	4031.003	/367#1	11th_12th	0.117	27	27	ἡ μὲν γὰρ φρόνησις ἐπιτακτική ἐστιν τί γὰρ δεῖ πράττειν ἢ μή τὸ τέλος αὐτῆς ἐστίν ἡ δὲ σύνεσις κριτικὴ μόνον ταὐτὸ γὰρ σύνεσις καὶ εὐσυνεσία καὶ συνετοὶ καὶ εὐσύνετοι ἔστι δ οὔτε	ἔστι δὲ ταὐτὸν σύνεσις καὶ φρόνησις ἡ μὲν γὰρ φρόνησις ἐπιτακτική ἐστιν τί γὰρ δεῖ πράττειν ἢ μή τὸ τέλος αὐτῆς ἐστιν ἡ δὲ ξύνεσις κριτικὴ μόνον ταὐτὸ γὰρ ξύνεσις καὶ εὐξυνεσία καὶ γὰρ οἱ συνετοὶ καὶ εὐξύνετοι Αἴτιαι	Aristotle	Eustratius of Nicaea	Ethica Nicomachea	In Ethica Nicomachea VI	
tlg0086.tlg010	11/#11	ancient_classical	4031.003	/375#3	11th_12th	0.1123	27	32	γὰρ αἱ δυνάμεις αὗται τῶν ἐσχάτων εἰσὶ καὶ τῶν καθ ἕκαστον καὶ ἐν μὲν τῷ κριτικὸς εἶναι περὶ ὧν ὁ φρόνιμος συνετὸς καὶ εὐγνώμων ἢ συγγνώμων τὰ γὰρ ἐπιεικῆ κοινὰ τῶν ἀγαθῶν ἁπάντων ἐστὶν ἐν τῷ πρὸς ἄλλον ἔστι δὲ τῶν καθ ἕκαστα καὶ τῶν ἐσχάτων ἅπαντα τὰ πρακτά καὶ γὰρ τὸν φρόνιμον δεῖ γινώσκειν αὐτά καὶ ἡ σύνεσις καὶ ἡ γνώμη περὶ τὰ πρακτά ταῦτα δ ἔσχατα καὶ ὁ νοῦς	συνέσεως καὶ εὐσυνεσίας ὁ Ἀριστοτέλης πεποίηκεν Ἔστι δὲ τῶν καθ ἕκαστα καὶ τῶν ἐσχάτων ἁπάντων τὰ πρακτά καὶ γὰρ τὸν φρόνιμον δεῖ γινώσκειν αὐτά καὶ ἡ σύνεσις καὶ ἡ γνώμη περὶ τὰ πρακτά Ἐκεῖνα φησί πράττομεν ἅ εἰσι πάντων	Aristotle	Eustratius of Nicaea	Ethica Nicomachea	In Ethica Nicomachea VI	
tlg0086.tlg010	11/#12	ancient_classical	4031.003	/382#1	11th_12th	0.1582	20	20	δεῖ προσέχειν τῶν ἐμπείρων καὶ πρεσβυτέρων ἢ φρονίμων ταῖς ἀναποδείκτοις φάσεσι καὶ δόξαις οὐχ ἧττον τῶν ἀποδείξεων διὰ γὰρ τὸ ἔχειν ἐκ τῆς ἐμπειρίας ὄμμα ὁρῶσιν ὀρθῶς τί μὲν οὖν ἐστὶν ἡ	ἢ φρονίμων ταῖς ἀναποδείκτοις φάσεσι καὶ δόξαις οὐχ ἧττον τῶν ἀποδείξεων διὰ γὰρ τὸ ἔχειν ἐκ τῆς ἐμπειρίας ὄμμα ὁρῶσι τὰς ἀρχάς Ἐπεί φησίν ὁ χρόνος τριβὴν παρέχεται τῶν καθ ἕκαστα καὶ τῶν πρακτέων πολυπειρίαν ὅταν ἀκούωμεν ἀποφαντικῶς λεγομένων λόγων περὶ τῶν πρακτέων ὑπὸ ἀνδρῶν ἐμπείρων καὶ γηραιῶν κἂν ἀναποδείκτως ἐνίοτε καὶ δίχα συλλογισμοῦ λέγωνται δέον πιστεύειν τούτοις οὐχ ἧττον τῶν ἀποδείξεων ὁποῖα καὶ τὰ τῶν σοφῶν ἀποφθέγματα	Aristotle	Eustratius of Nicaea	Ethica Nicomachea	In Ethica Nicomachea VI	
tlg0086.tlg010	2/#23	ancient_classical	4031.003	/271#2	11th_12th	0.1038	20	20	ἕν τι μέρος τοῦ λόγον ἔχοντος ληπτέον ἄρ ἑκατέρου τούτων τίς ἡ βελτίστη ἕξις αὕτη γὰρ ἀρετὴ ἑκατέρου ἡ δ ἀρετὴ πρὸς τὸ ἔργον τὸ οἰκεῖον τρία δή ἐστιν ἐν τῇ ψυχῇ	ὡς μὴ ἀκαίρως φι λοτιμεῖσθαι δόξωμεν Ληπτέον ἄρα ἑκατέρου τούτων τίς ἡ βελτίστη ἕξις αὕτη γὰρ ἀρετὴ ἑκατέρου ἡ δ ἀρετὴ πρὸς τὸ ἔργον τὸ οἰκεῖον Δείξας ὅτι δύο εἴδη τοῦ διανοητικοῦ	Aristotle	Eustratius of Nicaea	Ethica Nicomachea	In Ethica Nicomachea VI	
tlg0086.tlg010	2/#24	ancient_classical	4031.003	/277#2	11th_12th	0.1056	15	22	αἴσθησις νοῦς ὄρεξις τούτων δ ἡ αἴσθησις οὐδεμιᾶς ἀρχὴ πράξεως δῆλον δὲ τῷ τὰ θηρία αἴσθησιν μὲν ἔχειν πράξεως δὲ μὴ κοινωνεῖν ἔστι δ ὅπερ ἐν διανοίᾳ κατάφασις καὶ	ψυχῇ τὰ κύρια πράξεως καὶ ἀληθείας αἴσθησις νοῦς ὄρεξις τούτων δ ἡ αἴσθησις οὐδε μιᾶς ἀρχὴ πράξεως δῆλον δὲ τῷ τὰ θηρία αἴσθησιν μὲν ἔχειν πράξεως δὲ μὴ κοινωνεῖν Ἔτι περὶ θατέρου τῶν λόγον ἐχόντων ὃ	Aristotle	Eustratius of Nicaea	Ethica Nicomachea	In Ethica Nicomachea VI	
tlg0086.tlg010	2/#24	ancient_classical	4031.003	/279#1	11th_12th	0.1233	9	23	ἠθικὴ ἀρετὴ ἕξις προαιρετική ἡ δὲ προαίρεσις ὄρεξις βουλευτική δεῖ διὰ ταῦτα μὲν τόν τε λόγον ἀληθῆ εἶναι καὶ τὴν ὄρεξιν ὀρθήν εἴπερ ἡ προαίρεσις σπουδαία καὶ τὰ αὐτὰ τὸν μὲν φάναι τὴν δὲ διώκειν αὕτη μὲν οὖν ἡ διάνοια καὶ	προαίρεσις ὄρεξις βουλευτική δεῖ διὰ μὲν ταῦτα τόν τε λόγον ἀληθῆ εἶναι καὶ τὴν ὄρεξιν ὀρθήν καὶ τὰ αὐτὰ τὸν μὲν φάναι τὴν δὲ διώκειν Οὗτος ὁ λόγος ἐκ τοῦ προλαβόντος	Aristotle	Eustratius of Nicaea	Ethica Nicomachea	In Ethica Nicomachea VI	
tlg0086.tlg010	5/#26	ancient_classical	4031.003	/303#1	11th_12th	0.1093	22	22	ἂν λάβοιμεν θεωρήσαντες τίνας λέγομεν τοὺς φρονίμους δοκεῖ δὴ φρονίμου εἶναι τὸ δύνασθαι καλῶς βουλεύσασθαι περὶ τὰ αὑτῷ ἀγαθὰ καὶ συμφέροντα οὐ κατὰ μέρος οἷον ποῖα πρὸς ὑγίειαν πρὸς	τίνας λέγομεν φρονίμους δοκεῖ δὴ φρονίμου εἶναι τὸ δύνασθαι καλῶς βουλεύεσθαι περὶ τὰ αὑτῷ ἀγαθὰ καὶ συμφέροντα οὐ κατὰ μέρος οἷον ποῖα πρὸς ὑγίειαν ἢ ἰσχύν ἀλλὰ ποῖα πρὸς τὸ	Aristotle	Eustratius of Nicaea	Ethica Nicomachea	In Ethica Nicomachea VI	
tlg0086.tlg010	7/#27	ancient_classical	4031.003	/327#2	11th_12th	0.1386	17	17	εἶναι φρόνιμον καὶ τούτῳ ἐπιτρέψει αὐτά διὸ καὶ τῶν θηρίων ἔνια φρόνιμά φασιν εἶναι ὅσα περὶ τὸν αὑτῶν βίον ἔχοντα φαίνεται δύναμιν προνοητικήν φανερὸν δὲ καὶ ὅτι οὐκ ἂν	τῆς στάσεως καὶ τῆς κινήσεως ἤρτηνται Διὸ καὶ τῶν θηρίων ἔνια φρόνιμά φασιν εἶναι ὅσα περὶ τὸν αὑτῶν βίον ἔχοντα φαίνεται δύναμιν προνοητικήν Πιστοῦται τὸν λόγον ἐκ τῆς κοινῆς	Aristotle	Eustratius of Nicaea	Ethica Nicomachea	In Ethica Nicomachea VI	
tlg0086.tlg010	7/#27	ancient_classical	4031.003	/323#3	11th_12th	0.1244	12	26	σοφία δεῖ ἄρα τὸν σοφὸν μὴ μόνον τὰ ἐκ τῶν ἀρχῶν εἰδέναι ἀλλὰ καὶ περὶ τὰς ἀρχὰς ἀληθεύειν ὥστ εἴη ἂν ἡ σοφία νοῦς καὶ ἐπιστήμη ὥσπερ κεφαλὴν ἔχουσα ἐπιστήμη τῶν τιμιωτάτων ἄτοπον γὰρ εἴ τις τὴν πολιτικὴν	μόνον τὰ ἐκ τῶν ἀρχῶν εἰδέναι ἀλλὰ καὶ περὶ τὰς ἀρχὰς ἀληθεύειν τοῦτο συμπέρασμά ἐστι τῶν εἰρημένων ἕξεως οὔσης τῆς σοφίας παριστῶν ἅμα μὲν αὐτῆς τὴν ἐνέργειαν ἅμα δὲ καὶ τὴν δια φοράν ἣν ἔχει πρὸς τὴν ἐπιστήμην ἡ μὲν γὰρ ἐπιστήμη περὶ τὰ ἐκ τῶν ἀρχῶν τὴν ἀλήθειαν ἔχει τῆς ἀρχῆς χρωμένη πρὸς τὴν αὐτῆς εὕ ρεσιν περὶ δὲ τῶν ἀρχῶν ἡ ἐπιστήμη ἐστὶν οὐδαμῇ ἐξετάζουσα ἡ δὲ σοφία καὶ περὶ τὰς ἀρχὰς ἀληθεύουσα συνιστῶσα καὶ αὐτὰς κατὰ τὴν ἑαυτῆς πρὸς τὴν ἐπιστήμην ὑπεροχήν Ὥστ εἴη ἂν ἡ σοφία νοῦς καὶ ἐπιστήμη καὶ ὥσπερ κεφαλὴν ἔχουσα ἐπιστήμην τῶν τιμιωτάτων Τοῦτο ὥσπερ πόρισμά ἐστι τῷ ῥηθέντι	Aristotle	Eustratius of Nicaea	Ethica Nicomachea	In Ethica Nicomachea VI	
tlg0086.tlg010	8/#27	ancient_classical	4031.003	/350#2	11th_12th	0.0905	23	23	ὥσπερ εἴρηται τὸ γὰρ πρακτὸν τοιοῦτον ἀντίκειται μὲν δὴ τῷ νῷ ὁ μὲν γὰρ νοῦς τῶν ὅρων ὧν οὐκ ἔστι λόγος ἣ δὲ τοῦ ἐσχάτου οὗ οὐκ ἔστιν ἐπιστήμη	χρόνου καὶ πολλῆς ἐμπειρίας τὴν φρόνησιν Ἀντίκειται μὲν δὴ τῷ νῷ ὁ μὲν γὰρ νοῦς τῶν ὅρων ὧν οὐκ ἔστι λόγος ἡ δὲ τοῦ ἐσχάτου οὗ οὐκ ἔστιν ἐπιστήμη ἀλλ αἴσθησις οὐχ ἡ τῶν ἰδίων	Aristotle	Eustratius of Nicaea	Ethica Nicomachea	In Ethica Nicomachea VI	
tlg0086.tlg010	11/#11	ancient_classical	4031.003	/377#3	11th_12th	0.0769	16	21	τῶν πρώτων ὅρων καὶ τῶν ἐσχάτων νοῦς ἐστὶ καὶ οὐ λόγος καὶ ὁ μὲν κατὰ τὰς ἀποδείξεις τῶν ἀκινήτων ὅρων καὶ πρώτων ὁ δ ἐν ταῖς πρακτικαῖς τοῦ ἐσχάτου καὶ	οὖν ὅτι τῶν ἐσχάτων ἐφ ἑκάτερα νοῦς ἐστι καὶ οὐ λόγος γνωστικός νοῦν ὀνομάζων τὴν ἀμέ σως γινώσκουσαν δύναμιν λόγον δὲ τὴν διὰ μέσου καὶ συλλογιστικῶς ἥ ἐστιν ἡ διάνοια νοῦν δέ φησι τὸν αὐτὸν μὲν τῇ οὐσίᾳ ἕτερον δὲ καὶ ἕτερον τῇ ἐνεργείᾳ ὁ γὰρ ἐν ἡμῖν νοῦς ἑαυτὸν μὲν θεωρῶν καὶ τὰ κατ αὐτὸν καὶ τὰ κρείττω θεωρητικός ἐστι τὰ δ αὐτῷ συνηρτημένα καὶ χείρονα μέτρῳ διδοὺς καὶ ῥυθμίζων καὶ πράττων πρακτικός ἐστι καὶ ὀνο μάζεται ἐκείνως μὲν οὖν τὰς ἐπιστήμας συνίστησιν οὕτως δὲ περὶ τὰ πρακτὰ καταγίνεται κἀκείνως μὲν τὸ ἀληθὲς ἀνευρίσκει ὡδὶ δὲ τὸ ἀγα θὸν κατορθοῖ ὅρα γὰρ τί φησιν ὁ μὲν κατὰ τὰς ἀποδείξεις τῶν ἀκινήτων ὅρων καὶ πρώτων ὁ δ ἐν ταῖς πρακτικαῖς τοῦ ἐσχά του καὶ ἐνδεχομένου καὶ τῆς	Aristotle	Eustratius of Nicaea	Ethica Nicomachea	In Ethica Nicomachea VI	
tlg0086.tlg010	11/#11	ancient_classical	4031.003	/376#1	11th_12th	0.071	9	24	γὰρ τὸν φρόνιμον δεῖ γινώσκειν αὐτά καὶ ἡ σύνεσις καὶ ἡ γνώμη περὶ τὰ πρακτά ταῦτα δ ἔσχατα καὶ ὁ νοῦς τῶν ἐσχάτων ἐπ ἀμφότερα καὶ γὰρ τῶν πρώτων ὅρων καὶ τῶν ἐσχάτων νοῦς ἐστὶ καὶ οὐ λόγος καὶ	τοῦ μέλλοντος περὶ τὰ αὐτὰ δὲ καὶ ἡ σύνεσις καὶ ἡ γνώμη τῷ φρονίμῳ εἰσὶ καὶ περὶ τούτων ποιοῦντι τὰς κρί σεις διότι καὶ τούτων ἑκατέρα ἐκ τῆς τῶν καθ ἕκαστα πολυπειρίας προσγίνεται Ταῦτα δ ἔσχατα καὶ ὁ νοῦς τῶν ἐσχάτων ἐπ ἀμ φότερα καὶ γὰρ τῶν πρώτων ὅρων καὶ τῶν ἐσχάτων	Aristotle	Eustratius of Nicaea	Ethica Nicomachea	In Ethica Nicomachea VI	
tlg0086.tlg010	11/#12	ancient_classical	4031.003	/380#2	11th_12th	0.0803	13	21	ἀρχαὶ γὰρ τοῦ οὗ ἕνεκα αὗται ἐκ τῶν καθ ἕκαστα γὰρ τὰ καθόλου τούτων οὖν ἔχειν δεῖ αἴσθησιν αὕτη δ ἐστὶ νοῦς διὸ καὶ φυσικὰ δοκεῖ εἶναι ταῦτα καὶ φύσει σοφὸς μὲν οὐδείς γνώμην δ ἔχειν καὶ σύνεσιν καὶ νοῦν σημεῖον δ ὅτι καὶ ταῖς ἡλικίαις	Φίλιππον Διὸ καὶ φυσικὰ εἶναι δοκεῖ ταῦτα καὶ φύσει σοφὸς μὲν οὐδείς γνώμην δ ἔχει καὶ σύνεσιν καὶ νοῦν Διότι φησί ἐκ τῶν καθ ἕκαστα ὁ πρακτικὸς νοῦς καὶ ἡ φρόνησις ἡμῖν περιγίνεται καὶ ἡ σύνεσις καὶ ἡ γνώμη διὰ τοῦτο καὶ φυσικὰ δοκεῖ εἶναι ταῦτα ἡ μὲν γὰρ σοφία τῶν καθόλου	Aristotle	Eustratius of Nicaea	Ethica Nicomachea	In Ethica Nicomachea VI	
tlg0086.tlg010	12/#8	ancient_classical	4031.003	/389#1	11th_12th	0.1416	25	25	ἔχεσθαι ποιεῖ καὶ τῷ ἐνεργεῖν εὐδαίμονα ἔτι τὸ ἔργον ἀποτελεῖται κατὰ τὴν φρόνησιν καὶ τὴν ἠθικὴν ἀρετήν ἡ μὲν γὰρ ἀρετὴ τὸν σκοπὸν ποιεῖ ὀρθόν ἡ δὲ φρόνησις τὰ πρὸς τοῦτον τοῦ δὲ τετάρτου μορίου τῆς ψυχῆς	Ἔτι τὸ ἔργον ἀποτελεῖται κατὰ τὴν φρόνησιν καὶ τὴν ἠθικὴν ἀρετήν ἡ μὲν γὰρ ἀρετὴ τὸν σκοπὸν ποιεῖ ὀρθόν ἡ δὲ φρόνησις τὰ πρὸς τοῦτον Τὰ μὲν εἰρημένα κοινὰ ἦν σοφίας καὶ φρονήσεως δηλοῦντα τὴν τού των ἀμφοῖν τιμιότητα καὶ ὑπεροχήν καὶ ὅπως μάλιστα πάντων τῇ εὐδαι μονίᾳ συντελοῦσιν εἰς σύστασιν τὸ δὲ παρὸν ἐπιχείρημα τῇ φρονήσει μόνον ἁρμοδιώτατον δεικνύον αὐτὴν ἀναγκαιοτάτην οὖσαν κατὰ τὴν προ χείρισιν ἑκάστης τῶν κατ ἀρετὴν ἕξεων τὸ γὰρ ἔργον φησί καὶ ἡ πρᾶ ξις ἡ κατ ἀρετὴν κατὰ τὴν φρόνησιν καὶ τὴν ἠθικὴν ἀρετὴν ἀποτελεῖται πᾶσα γὰρ ἠθικὴ ἀρετὴ τινός	Aristotle	Eustratius of Nicaea	Ethica Nicomachea	In Ethica Nicomachea VI	
tlg0086.tlg010	12/#10	ancient_classical	4031.003	/394#1	11th_12th	0.0977	10	17	ὡς εἴρηταί τε καὶ ἔστι δῆλον οἱ γὰρ συλλογισμοὶ τῶν πρακτῶν ἀρχὴν ἔχοντές εἰσιν ἐπειδὴ τοιόνδε τὸ τέλος καὶ τὸ ἄριστον ὁτιδήποτε ὄν ἔστω γὰρ λόγου χάριν τὸ τυχόν	Οἱ γὰρ συλλογισμοὶ τῶν πρακτῶν ἀρχὴν ἔχοντές εἰ σιν ἐπειδὴ τοιόνδε τὸ τέλος καὶ τὸ ἄριστον ὁτιδήποτε ὄν Τὸ προκείμενόν ἐστι δεῖξαι τὴν τῆς φρονήσεως ἕξιν μὴ γινομένην ἄνευ ἀρετῆς τῷ ὄμματι τούτῳ τῆς ψυχῆς ἤτοι τῷ εἰρημένῳ καὶ παρα δεδομένῳ πρὸ μικροῦ ὅ ἐστιν ὁ πρακτικὸς νοῦς διὰ τοῦτο καὶ τῇ τού τῳ φωνῇ δεικτικῇ οὔσῃ ἐχρήσατο ὥσπερ προκειμένου τοῦ πράγματος διὰ τὸ προσφάτως εἰρῆσθαι περὶ αὐτοῦ δείκνυσι δὲ οὕτως ὅτι οἱ συλλο γισμοὶ τῶν πρακτῶν ἀρχὴν ἔχοντές εἰσιν ἀρχὴν λέγων τὴν τελικήν ἥ ἐστι	Aristotle	Eustratius of Nicaea	Ethica Nicomachea	In Ethica Nicomachea VI	
tlg0086.tlg010	13/#9	ancient_classical	4031.003	/404#2	11th_12th	0.0816	13	13	τῇ φρονήσει μιᾷ ὑπαρχούσῃ πᾶσαι ὑπάρξουσιν δῆλον δέ κἂν εἰ μὴ πρακτικὴ ἦν ὅτι ἔδει ἂν αὐτῆς διὰ τὸ τοῦ μορίου ἀρετὴν	ἂν ὁ λόγος οὗτος ὁ ἄπορος Δῆλον δέ κἂν εἰ μὴ πρακτικὴ ἦν ὅτι ἔδει ἂν αὐτῆς διὰ τὸ μορίου ἀρετὴν εἶναι καὶ ὅτι οὐκ	Aristotle	Eustratius of Nicaea	Ethica Nicomachea	In Ethica Nicomachea VI	
tlg0086.tlg010	5/#27	ancient_classical	4031.003	/304#1	11th_12th	0.0838	19	19	ἰσχύν ἀλλὰ ποῖα πρὸς τὸ εὖ ζῆν ὅλως σημεῖον δ ὅτι καὶ τοὺς περί τι φρονίμους λέγομεν ὅταν πρὸς τέλος τι σπουδαῖον εὖ λογίσωνται ὧν μή ἐστι τέχνη ὥστε καὶ ὅλως ἂν	τῆς ἐννοίας διάφορον τὴν δὲ δύναμιν τὴν αὐτήν Σημεῖον δ ὅτι καὶ τοὺς περί τι φρονίμους λέγομεν ὅταν πρὸς τέλος τι σπουδαῖον εὖ λογίσωνται ὧν μὴ	Aristotle	Eustratius of Nicaea	Ethica Nicomachea	In Ethica Nicomachea VI	
tlg0086.tlg010	5/#29	ancient_classical	4031.003	/311#3	11th_12th	0.1293	20	24	περὶ τὸ πρακτόν αἱ μὲν γὰρ ἀρχαὶ τῶν πρακτῶν τὸ οὗ ἕνεκα τὰ πρακτά τῷ δὲ διεφθαρμένῳ δι ἡδονὴν ἢ λύπην εὐθὺς οὐ φαίνεται ἀρχή οὐδὲ δεῖν τούτου ἕνεκεν οὐδὲ διὰ τοῦθ αἱρεῖσθαι πάντα καὶ πράττειν ἔστι γὰρ ἡ κακία φθαρτικὴ ἀρχῆς ὥστ ἀνάγκη τὴν φρόνησιν ἕξιν εἶναι μετὰ λόγου ἀληθῆ περὶ τὰ ἀνθρώπινα ἀγαθὰ πρακτικήν ἀλλὰ μὴν τέχνης μὲν ἔστιν ἀρετή	ἔστι γὰρ ἡ κακία φθαρτικὴ ἀρχῆς ὥστ ἀνάγκη τὴν φρόνησιν ἕξιν εἶναι μετὰ λόγου ἀληθῆ περὶ τὰ ἀνθρώπινα ἀγαθὰ πρακτικήν Δείκνυσι πῶς ἡ σωφροσύνη περὶ ἡδονὰς καταγινομένη καὶ λύπας τὴν φρό νησιν τῇ ψυχῇ σώζει καί φησιν ὡς αἱ ἀρχαὶ τῶν πρακτῶν τὰ τελικά ἐστιν αἴτια εἰς ταῦτα γὰρ	Aristotle	Eustratius of Nicaea	Ethica Nicomachea	In Ethica Nicomachea VI	
tlg0086.tlg010	7/#29	ancient_classical	4031.003	/333#2	11th_12th	0.077	11	20	οὐδεὶς περὶ τῶν ἀδυνάτων ἄλλως ἔχειν οὐδ ὅσων μὴ τέλος τι ἔστι καὶ τοῦτο πρακτὸν ἀγαθόν ὁ δ ἁπλῶς εὔβουλος ὁ τοῦ ἀρίστου ἀνθρώπῳ τῶν πρακτῶν στοχαστικὸς κατὰ τὸν λογισμόν οὐδ ἐστὶν ἡ φρόνησις	που κατὰ συμβεβη κός τὸ δὲ οὐδ ὅσων μὴ τέλος τί ἐστι καὶ τοῦτο πρακτὸν ἀγα θὸν τοῦτο δηλοῖ ὅτι ἔστι μὲν καὶ τῷ σοφῷ τέλος τῆς θεωρίας καὶ τῆς σπουδῆς εἴ γε μὴ μάτην αὐτῷ ὁ πόνος ἅπας τἀληθῆ ἐξετάζοντι ἀλλὰ τὸ τέλος τοῦ σοφοῦ ἡ θεωρία τῆς ἀληθείας ἐστὶ καὶ ἡ τοῦ ὄντος κατά ληψις οὐχὶ δέ τι πρακτὸν ἀγαθόν πρακτὸν γάρ ἐστιν ἀγαθὸν τὸ διὰ πρά ξεως κατορθούμενον θεωρία δὲ πράξεως ἑτέρα Ὁ δὲ ἁπλῶς εὔβουλος ὁ τοῦ ἀρίστου ἀνθρώπου τῶν πρακτῶν στοχαστικὸς κατὰ λογισμόν Περὶ φρονήσεως λέγων καὶ ὅτι	Aristotle	Eustratius of Nicaea	Ethica Nicomachea	In Ethica Nicomachea VI	
tlg0086.tlg010	13/#7	ancient_classical	4031.003	/395#2	11th_12th	0.053	14	29	δὴ πάλιν καὶ περὶ ἀρετῆς καὶ γὰρ ἡ ἀρετὴ παραπλησίως ἔχει ὡς ἡ φρόνησις πρὸς τὴν δεινότητα οὐ ταὐτὸ μέν ὅμοιον δέ οὕτω καὶ ἡ φυσικὴ ἀρετὴ πρὸς τὴν κυρίαν πᾶσι γὰρ δοκεῖ ἕκαστα τῶν ἠθῶν	σπουδαῖον καὶ ἀρετῆς ἀντε χόμενον Σκεπτέον δὴ πάλιν καὶ περὶ ἀρετῆς καὶ γὰρ ἡ ἀρε τὴ παραπλησίως ἔχει ὡς ἡ φρόνησις πρὸς τὴν δεινότητα οὐ ταὐτὸν μέν ὅμοιον δέ οὕτως ἡ φυσικὴ ἀρετὴ πρὸς τὴν κυρίαν Μέχρι μὲν τοῦδε τὴν φρόνησιν ἔδειξεν	Aristotle	Eustratius of Nicaea	Ethica Nicomachea	In Ethica Nicomachea VI	
tlg0086.tlg010	1/#35	ancient_classical	4031.003	/261#2	11th_12th	0.1043	21	25	λόγος ὁ ὀρθὸς λέγει τοῦτο διέλωμεν ἐν πάσαις γὰρ ταῖς εἰρημέναις ἕξεσι καθάπερ καὶ ἐπὶ τῶν ἄλλων ἔστι τις σκοπὸς πρὸς ὃν ἀποβλέπων ὁ τὸν λόγον ἔχων ἐπιτείνει καὶ ἀνίησιν καί τις ἔστιν ὅρος τῶν μεσοτήτων ἃς μεταξύ	ἑκάστῳ ποιήσει τὴν περὶ ἑκάστου διδασκαλίαν Ἐν ἁπάσαις γὰρ ταῖς εἰρημέναις ἕξεσιν ὡς καὶ ἐπὶ τῶν ἄλλων ἔστι τις σκοπὸς πρὸς ὃν ἀποβλέπων ὁ τὸν λόγον ἔχων ἐπιτείνει τε καὶ ἀνίησι καί τις ὅρος	Aristotle	Eustratius of Nicaea	Ethica Nicomachea	In Ethica Nicomachea VI	
tlg0086.tlg010	1/#36	ancient_classical	4031.003	/261#2	11th_12th	0.06	10	19	τις σκοπὸς πρὸς ὃν ἀποβλέπων ὁ τὸν λόγον ἔχων ἐπιτείνει καὶ ἀνίησιν καί τις ἔστιν ὅρος τῶν μεσοτήτων ἃς μεταξύ φαμεν εἶναι τῆς ὑπερβολῆς καὶ τῆς ἐλλείψεως οὔσας κατὰ τὸν ὀρθὸν λόγον ἔστι δὲ τὸ μὲν εἰπεῖν οὕτως ἀληθὲς μέν οὐθὲν δὲ σαφές καὶ γὰρ ἐν ταῖς ἄλλαις ἐπιμελείαις περὶ ὅσας ἐστὶν ἐπιστήμη τοῦτ ἀληθὲς μὲν εἰπεῖν ὅτι οὔτε πλείω οὔτε ἐλάττω δεῖ πονεῖν οὐδὲ ῥᾳθυμεῖν ἀλλὰ τὰ μέσα καὶ ὡς ὁ ὀρθὸς λόγος τοῦτο δὲ μόνον ἔχων ἄν τις οὐδὲν ἂν εἰδείη πλέον οἷον ποῖα δεῖ προσφέρεσθαι πρὸς τὸ σῶμα εἴ τις εἴπειεν ὅτι ὅσα ἡ ἰατρικὴ κελεύει καὶ ὡς ὁ ταύτην ἔχων διὸ δεῖ καὶ περὶ τὰς τῆς ψυχῆς ἕξεις μὴ μόνον ἀληθῶς εἶναι τοῦτ εἰρημένον ἀλλὰ καὶ διωρισμένον τίς ἐστιν ὁ ὀρθὸς λόγος καὶ τούτου τίς ὅρος μετὰ δὲ ταῦτα	τὸν ὀρθὸν λόγον λέγει τὸ γὰρ ὁ ὀρθὸς λόγος καὶ ἔστιν ὁ ὀρθὸς λόγος καὶ ἐν πράξεσι καὶ θεωρήμασιν ἐκεῖ μέν ἤγουν ἐν ταῖς πράξεσι τὸ ἀγαθὸν ἀνευρίσκων καὶ περαίνων τὸ αἱρετὸν εἶναι αὐτόν τοῦτο δέ ἐστι τὸ μέσον καὶ σύμμετρον ἐκεῖ δὲ συνάγων τἀληθὲς καὶ ἐν ἑαυτῷ ἔχων αὐτὸ καὶ ἑτέροις παραδιδούς ἢ τὸ διέλωμεν ἀντὶ τοῦ λεπτομερῶς διαιρήσομεν ἃ γὰρ προλαβὼν περὶ τοῦ ὀρθοῦ λόγου εἴρηκε παχυμερῶς λέλεκται καὶ συγκεχυμένως νῦν δὲ διαιρήσει τὸν ἐν ψυχῇ λόγον εἰς τὸ λογιστικὸν καὶ θεωρητικόν καὶ τοῦτο αὖθις εἰς τὰ ὑπ αὐτὰ εἴδη καὶ οἰκείαν ἑκάστῳ ποιήσει τὴν περὶ ἑκάστου διδασκαλίαν Ἐν ἁπάσαις γὰρ ταῖς εἰρημέναις ἕξεσιν ὡς καὶ ἐπὶ τῶν ἄλλων ἔστι τις σκοπὸς πρὸς ὃν ἀποβλέπων ὁ τὸν λόγον ἔχων ἐπιτείνει τε καὶ ἀνίησι καί τις ὅρος	Aristotle	Eustratius of Nicaea	Ethica Nicomachea	In Ethica Nicomachea VI	
tlg0086.tlg010	2/#26	ancient_classical	4031.003	/286#2	11th_12th	0.0971	11	20	προαιρεῖται Ἴλιον πεπορθηκέναι οὐδὲ γὰρ βουλεύεται περὶ τοῦ γεγονότος ἀλλὰ περὶ τοῦ ἐσομένου καὶ ἐνδεχομένου τὸ δὲ γεγονὸς οὐκ ἐνδέχεται μὴ γενέσθαι διὸ ὀρθῶς Ἀγάθων μόνου γὰρ αὐτοῦ	δὲ προαιρετὸν οὐθὲν γεγονός οἷον οὐθεὶς προαιρεῖται Ἴλιον πεπορθηκέναι οὐ γὰρ βουλεύεται περὶ τοῦ γεγονότος ἀλλὰ τοῦ ἐσομένου καὶ ἐνδεχομένου τὸ δὲ γεγονὸς οὐκ ἐνδέχεται μὴ γενέσθαι Περὶ τῶν ὑποκειμένων τῇ προαιρέσει φησὶν	Aristotle	Eustratius of Nicaea	Ethica Nicomachea	In Ethica Nicomachea VI	
tlg0086.tlg010	9/#21	ancient_classical	4031.003	/362#1	11th_12th	0.1173	19	19	πολὺν χρόνον βουλευόμενον τυχεῖν τὸν δὲ ταχύ οὐκοῦν οὐδ ἐκείνη πω εὐβουλία ἀλλ ὀρθότης ἡ κατὰ τὸ ὠφέλιμον καὶ οὗ δεῖ καὶ ὣς καὶ ὅτε ἔτι ἔστι καὶ ἁπλῶς εὖ βεβουλεῦσθαι	ταχύ οὐκοῦν οὐδ ἐκείνη πω εὐβουλία ἀλλ ὀρθότης ἡ κατὰ τὸ ὠφέλιμον καὶ οὗ δεῖ καὶ ὣς καὶ ὅτε Ἐπεὶ μήπω ἱκανὰ τὰ εἰρημένα πρὸς	Aristotle	Eustratius of Nicaea	Ethica Nicomachea	In Ethica Nicomachea VI	
tlg0086.tlg010	10/#16	ancient_classical	4031.003	/368#4	11th_12th	0.3195	19	19	εὖ τῷ καλῶς τὸ αὐτό καὶ ἐντεῦθεν ἐλήλυθε τοὔνομα ἡ σύνεσις καθ ἣν εὐσύνετοι ἐκ τῆς ἐν τῷ μανθάνειν λέγομεν γὰρ τὸ μανθάνειν συνιέναι πολλάκις οὐδ ἅμα φρόνιμον καὶ ἀκρατῆ ἐνδέχεται	εὖ τῷ καλῶς ταὐτό καὶ ἐν τεῦθεν ἐλήλυθε τοὔνομα ἡ σύνεσις καθ ἣν εὐσύνετοι ἐκ τῆς ἐν τῷ μανθάνειν λέγομεν γὰρ τὸ μανθάνειν συνιέναι πολλάκις Περὶ τὰ αὐτὰ καταγίνεσθαι εἰπὼν σύνεσιν	Aristotle	Eustratius of Nicaea	Ethica Nicomachea	In Ethica Nicomachea VI	
tlg0086.tlg010	13/#6	ancient_classical	4031.003	/395#2	11th_12th	0.0587	14	24	ἕξεων δὲ τὰς ἐπαινετὰς ἀρετὰς λέγομεν σκεπτέον δὴ πάλιν καὶ περὶ ἀρετῆς καὶ γὰρ ἡ ἀρετὴ παραπλησίως ἔχει ὡς ἡ φρόνησις πρὸς τὴν δεινότητα οὐ ταὐτὸ μέν ὅμοιον δέ οὕτω καὶ ἡ φυσικὴ	ἤτοι σπουδαῖον καὶ ἀρετῆς ἀντε χόμενον Σκεπτέον δὴ πάλιν καὶ περὶ ἀρετῆς καὶ γὰρ ἡ ἀρε τὴ παραπλησίως ἔχει ὡς ἡ φρόνησις πρὸς τὴν δεινότητα οὐ ταὐτὸν μέν ὅμοιον δέ οὕτως ἡ φυσικὴ ἀρετὴ πρὸς τὴν κυρίαν	Aristotle	Eustratius of Nicaea	Ethica Nicomachea	In Ethica Nicomachea VI	
tlg0086.tlg010	13/#9	ancient_classical	4031.003	/403#1	11th_12th	0.1001	8	19	μετὰ λόγου δῆλον οὖν ἐκ τῶν εἰρημένων ὅτι οὐχ οἷόν τε ἀγαθὸν εἶναι κυρίως ἄνευ φρονήσεως οὐδὲ φρόνιμον ἄνευ τῆς ἠθικῆς ἀρετῆς ἀλλὰ καὶ ὁ λόγος ταύτῃ λύοιτ ἄν ᾧ διαλεχθείη τις ἂν ὅτι χωρίζονται ἀλλήλων αἱ ἀρεταί οὐ γὰρ ὁ αὐτὸς εὐφυέστατος πρὸς ἁπάσας ὥστε τὴν	εἶναι δῆλον τοίνυν ἐκ τῶν εἰ ρημένων ὅτι οὐχ οἷόν τε ἀγαθὸν εἶναι ἄνευ φρονήσεως οὐδὲ φρόνιμον ἄνευ τῆς ἠθικῆς ἀρετῆς δείξας ἱκανῶς ὅτι δέονται ἀλλή λων ἡ ἠθικὴ ἀρετὴ καὶ ἡ φρόνησις πρὸς τὸ εἶναι ὅ εἰσιν ὥστε τὴν μὲν ἠθικὴν ἀρετὴν τὸν σκοπὸν καὶ τὸ τέλος προτίθεσθαι ὑγιῶς καὶ ἀδιαστρό φως ἐχουσῶν τῶν ὀρέξεων τὴν δὲ φρόνησιν τὰ πρὸς τὸ τέλος ἐπιτηδεύ ειν ἵν αὐτοῦ ἐπιτεύξηται συμπεραίνει τὰ εἰρημένα καί φησι δῆλον ἐξ αὐτῶν εἶναι ὅτι οὔτε ἀγαθὸν ὑπάρχειν ἄνευ φρονήσεως δυνατὸν οὔτε φρό νιμον ἄνευ ἠθικῆς ἀρετῆς τὸ δὲ κυρίως ἀγαθὸν πρὸς ἀντιδιαστολὴν τί θησι τῆς φυσικῆς ἀρετῆς οὐ γὰρ ὁ ἐκ φύσεως δίκαιος ἢ ἀνδρεῖος	Aristotle	Eustratius of Nicaea	Ethica Nicomachea	In Ethica Nicomachea VI	
tlg0086.tlg010	4/#16	ancient_classical	4031.003	/299#1	11th_12th	0.1831	10	23	μετὰ λόγου ἕξις πρακτικὴ ἕτερόν ἐστι τῆς μετὰ λόγου ποιητικῆς ἕξεως διὸ οὐδὲ περιέχεται ὑπ ἀλλήλων οὔτε γὰρ ἡ πρᾶξις ποίησις οὔτε ἡ ποίησις πρᾶξίς ἐστιν ἐπεὶ δ ἡ οἰκοδομικὴ τέχνη τίς ἐστι καὶ ὅπερ ἕξις τις μετὰ λόγου ποιητική καὶ οὐδεμία οὔτε τέχνη ἐστὶν ἥτις οὐ μετὰ λόγου ποιητικὴ ἕξις ἐστίν οὔτε τοιαύτη ἣ οὐ τέχνη	καὶ ἡ μετὰ λόγου πρακτικὴ ἕτερον τῆς μετὰ λόγου ποιητικῆς ἕξεως δεῖ δὲ ἐξακούειν τὴν ἕξιν ἐπ ἀμφοτέρων ἔλαβε δὲ τὸ μετὰ λό γου καὶ ἐπ ἀμφοῖν ὡς τῆς ἀπαριθμήσεως τὰς μετὰ λόγου παραλαμβα νούσης ἕξεις ἢ καὶ δυνάμεις οὐ γὰρ τὴν τυχοῦσαν πρακτικὴν καὶ ποιη τικὴν δεῖ νοεῖν ἐνταυθοῖ ἀλλὰ τὰς μετὰ λόγου αὗται γὰρ καὶ ἀληθεύ ειν πεφύκασι καὶ οὐ περιέχεται ὑπ ἀλλήλων πρᾶξις καὶ ποίησις οὔτε γὰρ ἡ πρᾶξις ποίησις οὔτε ἡ ποίησις πρᾶξίς ἐστιν καὶ μήτις οἰέσθω φησίν ὡς οὕτως	Aristotle	Eustratius of Nicaea	Ethica Nicomachea	In Ethica Nicomachea VI	
tlg0086.tlg010	5/#29	ancient_classical	4031.003	/312#1	11th_12th	0.1125	10	21	ἕνεκα τὰ πρακτά τῷ δὲ διεφθαρμένῳ δι ἡδονὴν ἢ λύπην εὐθὺς οὐ φαίνεται ἀρχή οὐδὲ δεῖν τούτου ἕνεκεν οὐδὲ διὰ τοῦθ αἱρεῖσθαι πάντα καὶ πράττειν ἔστι γὰρ ἡ κακία φθαρτικὴ ἀρχῆς ὥστ ἀνάγκη τὴν φρόνησιν ἕξιν εἶναι μετὰ λόγου ἀληθῆ περὶ τὰ ἀνθρώπινα ἀγαθὰ πρακτικήν ἀλλὰ μὴν τέχνης μὲν	κα οὐδὲ διὰ τοῦθ αἱρεῖσθαι πάντα καὶ πράττειν δεῖ νοεῖν ἐξακού οντας τὸ οὐ φανεῖται τῷ γὰρ δι ἡδονὴν ἢ λύπην διεφθαρμένῳ τὸν νοῦν οὔθ ἡ ἀρχὴ φαίνεται ἤτοι τὸ τελικὸν αἴτιον οὔτε τὸ δεῖν ἕνεκα τοῦδε τοῦ τέλους καὶ διὰ τοῦτο πάνθ αἱρεῖσθαι καὶ πράττειν ἵνα τοῦ ὄντως ἀγαθοῦ τέλους ἐπιτευξώμεθα ἡ γὰρ κακία φθαρτικὴ τοῦ τέλους ἤτοι κρυπτική τις ποιοῦσα μηδὲ εἶναι δοκεῖν τὸ ἀγαθὸν παρὰ τὸ ἐμπα θὲς διὰ τοῦ πάθους ὡς σκότους βαθέος αὐτὸ ἀφανίζουσα ταῦτα εἰπὼν ἐπάγει πάλιν τὸν ὅρον φρονήσεως ὡς συμπέρασμα τοῦ συστάντος ἐπιχει ρήματος ἐκ τοῦ τῆς σωφροσύνης ὀνόματος ὡς ἀναγκαίως ἑπομένου τοῦ τὴν φρόνησιν ἕξιν εἶναι μετὰ λόγου ἀληθοῦς περὶ τὰ ἀνθρώπι να ἀγαθὰ πρακτικήν μετὰ λόγου μέν	Aristotle	Eustratius of Nicaea	Ethica Nicomachea	In Ethica Nicomachea VI	
tlg0086.tlg010	5/#29	ancient_classical	4031.003	/314#3	11th_12th	0.1232	11	20	ἀλλὰ μὴν τέχνης μὲν ἔστιν ἀρετή φρονήσεως δ οὐκ ἔστιν καὶ ἐν μὲν τέχνῃ ὁ ἑκὼν ἁμαρτάνων αἱρετώτερος περὶ δὲ φρόνησιν ἧττον ὥσπερ καὶ περὶ τὰς ἀρετάς δῆλον οὖν ὅτι ἀρετή τις ἐστὶ καὶ οὐ τέχνη δυοῖν δ ὄντοιν μεροῖν τῆς ψυχῆς τῶν λόγον ἐχόντων θατέρου ἂν εἴη ἀρετή τοῦ δοξαστικοῦ ἥ τε γὰρ δόξα περὶ τὸ ἐνδεχόμενον ἄλλως ἔχειν καὶ ἡ φρόνησις ἀλλὰ μὴν οὐδ ἕξις μετὰ λόγου μόνον σημεῖον δ ὅτι λήθη μὲν τῆς τοιαύτης ἕξεως ἔστι φρονήσεως	ἀναγκαῖα ἔχει τὰ τέλη καὶ ἀπαράβατα Ἀλλὰ μὴν οὐδ ἕξις μετὰ λόγου μόνον σημεῖον δ ὅτι λήθη τῆς μὲν τοιαύτης ἕξεώς ἐστι φρονήσεως δ οὐκ ἔστιν Τὴν μὲν ἐπιστήμην καὶ τὴν φρόνησιν δι ὀλίγων	Aristotle	Eustratius of Nicaea	Ethica Nicomachea	In Ethica Nicomachea VI	
tlg0086.tlg010	5/#30	ancient_classical	4031.003	/314#3	11th_12th	0.1278	11	18	ἐνδεχόμενον ἄλλως ἔχειν καὶ ἡ φρόνησις ἀλλὰ μὴν οὐδ ἕξις μετὰ λόγου μόνον σημεῖον δ ὅτι λήθη μὲν τῆς τοιαύτης ἕξεως ἔστι φρονήσεως δ οὐκ ἔστιν ἐπεὶ δ ἐστὶν ἔνια μὲν ἡδέα	ἀναγκαῖα ἔχει τὰ τέλη καὶ ἀπαράβατα Ἀλλὰ μὴν οὐδ ἕξις μετὰ λόγου μόνον σημεῖον δ ὅτι λήθη τῆς μὲν τοιαύτης ἕξεώς ἐστι φρονήσεως δ οὐκ ἔστιν Τὴν μὲν ἐπιστήμην καὶ τὴν φρόνησιν	Aristotle	Eustratius of Nicaea	Ethica Nicomachea	In Ethica Nicomachea VI	
tlg0086.tlg010	8/#26	ancient_classical	4031.003	/340#1	11th_12th	0.1611	16	20	οἱ δὲ πολιτικοὶ πολυπράγμονες διὸ Εὐριπίδης πῶς δ ἂν φρονοίην ᾧ παρῆν ἀπραγμόνως ἐν τοῖσι πολλοῖς ἠριθμημένον στρατοῦ ἴσον μετασχεῖν τοὺς γὰρ περισσοὺς καί τι πράσσοντας πλέον ζητοῦσι γὰρ τὸ αὑτοῖς ἀγαθόν καὶ	μαρτυρίαν οὑτωσὶ λέγοντα ἐν τῷ Φιλοκτήτῃ Πῶς δ ἂν φρονοίην ᾧ παρῆν ἀπραγμόνως ἐν τοῖσι πολλοῖς ἠριθμημένον στρατοῦ ἴσου μετασχεῖν τοὺς γὰρ περισ σοὺς καί τι πράσσοντας πλέον Ἐκ τούτων τῶν ἰαμβείων τοῦ Εὐριπίδου λέξεις μόνας εὑρίσκομεν διϊ στώσας τὴν φρόνησιν ἀπὸ τῆς οἰκονομικῆς καὶ πολιτικῆς πράγματα δὲ ἢ οὐδ ὅλως ἢ ἀμυδρῶς τὸ γὰρ πῶς δ ἂν φρονοίην ᾧ παρῆν ἀπραγμόνως ἐν τοῖσι πολλοῖς ἠριθμημένον στρατοῦ ἴσου μετα σχεῖν δεικνύει τὸν λέγοντα ἑαυτὸν	Aristotle	Eustratius of Nicaea	Ethica Nicomachea	In Ethica Nicomachea VI	
tlg0086.tlg010	9/#20	ancient_classical	4031.003	/358#2	11th_12th	0.1133	9	20	ἀλλὰ φάσις τις ἤδη ὁ δὲ βουλευόμενος ἐάν τε εὖ ἐάν τε καὶ κακῶς βουλεύηται ζητεῖ τι καὶ λογίζεται ἀλλ ὀρθότης τίς ἐστιν ἡ εὐβουλία βουλῆς διὸ ἡ βουλὴ ζητητέα πρῶτον τί καὶ	δόξης τῷ γὰρ εἰπεῖν ὅτι ὁ βουλευόμενος ἐάν τε εὖ ἐάν τε κακῶς βουλεύηται ζητεῖ τι καὶ λογίζεται τὴν βουλὴν ἀπὸ τῆς δόξης διΐστησιν ἅμα δὲ καὶ διαιρεῖ τὴν βουλὴν εἰς τὸ εὖ βουλεύεσθαι καὶ κακῶς ἤτοι εὐβουλίαν καὶ κακοβουλίαν καὶ λέγει κοινὸν εἶναι αὐταῖς τό τι ζητεῖν καὶ λογίζεσθαι ἴδιον ὂν τοῦ γένους αὐτοῦ τῆς βουλῆς ὃ δό ξης ἀλλότριον φάσεως οὔσης ὡς εἴρηται καὶ ἢ πεπερασμένης ἢ ἀπεράν του ἀλλ οὐκ ἐν τῷ ζητεῖν ἔτι θεωρουμένης καὶ τῷ λογίζεσθαι εἰσὶν οὖν διαιρεταὶ καὶ διαφοραὶ τῆς βουλῆς καὶ συστατικαὶ τῶν εἰδῶν αὐτῆς εὐβουλία τε καὶ κακοβουλία τὸ εὖ καὶ κακῶς βουλεύεσθαι εἴρηται οὖν ἤδη τὸ γένος τῆς εὐβουλίας καθαρῶς καὶ ἀναμφιβόλως Ἀλλὰ ὀρθότης τίς ἐστιν ἡ εὐβουλία βουλῆς διὸ	Aristotle	Eustratius of Nicaea	Ethica Nicomachea	In Ethica Nicomachea VI	
tlg0086.tlg010	11/#11	ancient_classical	4031.003	/377#2	11th_12th	0.0702	13	18	τὰ πρακτά ταῦτα δ ἔσχατα καὶ ὁ νοῦς τῶν ἐσχάτων ἐπ ἀμφότερα καὶ γὰρ τῶν πρώτων ὅρων καὶ τῶν ἐσχάτων νοῦς ἐστὶ καὶ οὐ λόγος καὶ ὁ μὲν κατὰ τὰς ἀποδείξεις	δὲ πρὸς ἡμᾶς λέγει οὖν ὅτι ὁ νοῦς τῶν ἐσχάτων ἐπ ἀμφό τερα ἐπί τε τὰ φύσει καὶ τὰ ἐφ ἡμῖν πρῶτα καὶ ἔσχατα καὶ γὰρ τῶν πρώτων ὅρων καὶ τῶν ἐσχάτων νοῦς ἐστι καὶ οὐ λόγος πρώτους καὶ ἐσχάτους ὅρους φησὶ τοὺς πρὸς τὴν φύσιν οὕτως ἔχοντας οὐ πρὸς ἡμᾶς ὡς πρώτων καὶ ἐσχάτων κυρίως ὀφειλόντων λέγεσθαι τῶν πρὸς τὴν φύσιν ἐχόντων οὕτως εἰ καὶ πρὸς ἡμᾶς ἄλλως ἔχουσι διὰ τὸ εἶναι ἡμῖν ἐξ ἀρχῆς τὰ τῇ αἰσθήσει εὐδηλότερα πρότερα λέγει οὖν ὅτι τῶν ἐσχάτων ἐφ ἑκάτερα νοῦς ἐστι καὶ οὐ λόγος γνωστικός νοῦν ὀνομάζων τὴν ἀμέ σως	Aristotle	Eustratius of Nicaea	Ethica Nicomachea	In Ethica Nicomachea VI	
tlg0086.tlg010	12/#6	ancient_classical	4031.003	/385#4	11th_12th	0.1937	14	14	τὰ εὐεκτικά ὅσα μὴ τῷ ποιεῖν ἀλλὰ τῷ ἀπὸ τῆς ἕξεως εἶναι λέγεται οὐθὲν γὰρ πρακτικώτεροι τῷ ἔχειν τὴν ἰατρικὴν καὶ γυμναστικήν ἐσμεν εἰ δὲ μὴ	ἀλλὰ τῷ ἀπὸ τῆς ἕξεως εἶναι λέγεται οὐθὲν γὰρ πρακτικώτεροι τῷ ἔχειν τὴν ἰατρικὴν ἢ τὴν γυμναστικήν ἐσμεν διὰ τοῦτο	Aristotle	Eustratius of Nicaea	Ethica Nicomachea	In Ethica Nicomachea VI	
tlg0086.tlg010	12/#8	ancient_classical	4031.003	/389#3	11th_12th	0.0854	20	20	ἡ δὲ φρόνησις τὰ πρὸς τοῦτον τοῦ δὲ τετάρτου μορίου τῆς ψυχῆς οὐκ ἔστιν ἀρετὴ τοιαύτη τοῦ θρεπτικοῦ οὐδὲν γὰρ ἐπ αὐτῷ πράττειν ἢ μὴ πράττειν περὶ δὲ τοῦ μηθὲν εἶναι πρακτικωτέρους	κατ αὐτὰς πράξεσιν ἡ φρόνησις κέκτηται Τοῦ δὲ τετάρτου μορίου τῆς ψυχῆς οὐκ ἔστιν ἀρετὴ τοιαύτη τοῦ θρεπτικοῦ οὐθὲν γὰρ ἐπ αὐτῷ πράττειν ἢ μὴ πράττειν Ψυχὴν ἐνταῦθα κοινῶς λαμβάνει ὡς αὐτὸς	Aristotle	Eustratius of Nicaea	Ethica Nicomachea	In Ethica Nicomachea VI	
tlg0086.tlg010	12/#10	ancient_classical	4031.003	/393#2	11th_12th	0.0869	16	16	ἄνευ τῆς δυνάμεως ταύτης ἡ δ ἕξις τῷ ὄμματι τούτῳ γίνεται τῆς ψυχῆς οὐκ ἄνευ ἀρετῆς ὡς εἴρηταί τε καὶ ἔστι δῆλον οἱ γὰρ συλλογισμοὶ τῶν πρακτῶν ἀρχὴν	ἕξις τῷ ὄμματι τούτῳ γίνεται τῆς ψυχῆς οὐκ ἄνευ ἀρετῆς ὡς εἴρηταί τε καὶ ἔστι δῆλον Οὐκ ἔστι φησίν ἡ φρόνησις ἡ	Aristotle	Eustratius of Nicaea	Ethica Nicomachea	In Ethica Nicomachea VI	
tlg0086.tlg010	13/#9	ancient_classical	4031.003	/402#3	11th_12th	0.0989	16	16	περὶ τῶν τοιούτων ἡ φρόνησίς ἐστιν Σωκράτης μὲν οὖν λόγους τὰς ἀρετὰς ᾤετο εἶναι ἐπιστήμας γὰρ εἶναι πάσας ἡμεῖς δὲ μετὰ λόγου δῆλον οὖν ἐκ τῶν εἰρημένων ὅτι	λόγου παρ ἑαυτοῦ χορηγοῦντος τὰ δέοντα Σωκράτης μὲν οὖν λόγους τὰς ἀρετὰς ᾤετο εἶναι ἐπιστήμας γὰρ εἶναι πάσας ἡμεῖς δὲ μετὰ λόγου Τὴν διαφορὰν τίθησιν ἣν ἔχουσί πως	Aristotle	Eustratius of Nicaea	Ethica Nicomachea	In Ethica Nicomachea VI	
tlg0086.tlg010	2/#24	ancient_classical	4031.003	/278#2	11th_12th	0.0901	15	19	θηρία αἴσθησιν μὲν ἔχειν πράξεως δὲ μὴ κοινωνεῖν ἔστι δ ὅπερ ἐν διανοίᾳ κατάφασις καὶ ἀπόφασις τοῦτ ἐν ὀρέξει δίωξις καὶ φυγή ὥστ ἐπειδὴ ἡ ἠθικὴ ἀρετὴ ἕξις προαιρετική ἡ δὲ προαίρεσις ὄρεξις βουλευτική δεῖ διὰ ταῦτα μὲν τόν τε λόγον ἀληθῆ εἶναι καὶ τὴν ὄρεξιν ὀρθήν εἴπερ ἡ προαίρεσις σπουδαία καὶ τὰ αὐτὰ τὸν μὲν φάναι τὴν δὲ διώκειν αὕτη μὲν οὖν ἡ διάνοια καὶ ἡ ἀλήθεια πρακτική τῆς δὲ θεωρητικῆς διανοίας	ὀρεγό μενοι τῶν δὲ νῷ ληπτῶν μὴ ἐπιστρεφόμενοι Ἔστι δ ὥσπερ ἐν διανοίᾳ κατάφασις καὶ ἀπόφασις τοῦτ ἐν ὀρέξει δίωξις καὶ φυγή Τὸν λόγον ἡμῖν παραδίδωσιν ὃν ἔχουσι πρὸς ἄλληλας ἐν ταῖς πρά ξεσιν ἡ διάνοια καὶ ἡ ὄρεξις καὶ τὴν τούτων διαφοράν διάνοιαν	Aristotle	Eustratius of Nicaea	Ethica Nicomachea	In Ethica Nicomachea VI	
tlg0086.tlg010	2/#26	ancient_classical	4031.003	/286#3	11th_12th	0.0948	10	17	ἀλλὰ περὶ τοῦ ἐσομένου καὶ ἐνδεχομένου τὸ δὲ γεγονὸς οὐκ ἐνδέχεται μὴ γενέσθαι διὸ ὀρθῶς Ἀγάθων μόνου γὰρ αὐτοῦ καὶ θεὸς στερίσκεται ἀγένητα ποιεῖν ἅσσ ἂν ᾖ πεπραγμένα ἀμφοτέρων	δεχομένων καὶ ἐφ ἡμῖν ἡ προαίρεσις τὸ δὲ γεγονὸς οὐκ ἐνδέχεται μὴ γενέσθαι ἤτοι ὡς μὴ γεγονὸς εἶναι διὰ τοῦτ οὐδ ἂν εἴη προαιρετὸν τὸ γεγονός τίθησι δὲ καὶ τοῦ λεγομένου παράδειγμα τὸ πεπορθηκέναι τίς γάρ ἐστι νῦν προαιρούμενος πορθῆσαι τὸ πρὸ πλείστων πεπορθημένον ἐτῶν διὸ ὀρθῶς Ἀγάθων μονοῦ γὰρ αὐτοῦ καὶ θεὸς στερίσκεται ἀγένητα	Aristotle	Eustratius of Nicaea	Ethica Nicomachea	In Ethica Nicomachea VI	
tlg0086.tlg010	3/#28	ancient_classical	4031.003	/294#3	11th_12th	0.1131	18	26	τὰ δ ἀίδια ἀγένητα καὶ ἄφθαρτα ἔτι διδακτὴ ἅπασα ἐπιστήμη δοκεῖ εἶναι καὶ τὸ ἐπιστητὸν μαθητόν ἐκ προγινωσκομένων δὲ πᾶσα διδασκαλία ὥσπερ καὶ ἐν τοῖς ἀναλυτικοῖς λέγομεν ἣ μὲν γὰρ δι ἐπαγωγῆς ἣ δὲ συλλογισμῷ ἡ μὲν δὴ	ἐννοίας ἀπέτεκεν ὀνήσεις χορηγούσας τοῖς φιλολόγοις Ἔτι διδακτὴ πᾶσα ἐπιστήμη δοκεῖ εἶναι καὶ τὸ ἐπι στητὸν μαθητόν ἐκ προγινωσκομένων δὲ πᾶσα διδασκαλία ὥσπερ καὶ ἐν τοῖς Ἀναλυτικοῖς λέγομεν ἡ μὲν γὰρ δι ἐπαγω γῆς ἡ δὲ συλλογισμῷ Ἕτερον τῆς	Aristotle	Eustratius of Nicaea	Ethica Nicomachea	In Ethica Nicomachea VI	
tlg0086.tlg010	7/#26	ancient_classical	4031.003	/318#2	11th_12th	0.1193	13	17	περὶ ποῖα τυγχάνει ὄντα ὕστερον ἐπισκεπτέον τὴν δὲ σοφίαν ἔν τε ταῖς τέχναις τοῖς ἀκριβεστάτοις τὰς τέχνας ἀποδίδομεν οἷον Φειδίαν λιθουργὸν σοφὸν καὶ Πολύκλειτον ἀνδριαντοποιόν ἐνταῦθα μὲν οὖν οὐθὲν ἄλλο	ἀληθευτικὰς ἕξεις καὶ ταύτας κατονο μάζεσθαι Τὴν δὲ σοφίαν ἐν ταῖς τέχναις τοῖς ἀκριβεστάτοις τὰς τέχνας ἀποδίδομεν οἷον Φειδίαν λιθουργὸν σοφὸν καὶ Πολύκλειτον	Aristotle	Eustratius of Nicaea	Ethica Nicomachea	In Ethica Nicomachea VI	
tlg0086.tlg010	7/#27	ancient_classical	4031.003	/327#3	11th_12th	0.1857	17	17	εἶναι φρόνιμον καὶ τούτῳ ἐπιτρέψει αὐτά διὸ καὶ τῶν θηρίων ἔνια φρόνιμά φασιν εἶναι ὅσα περὶ τὸν αὑτῶν βίον ἔχοντα φαίνεται δύναμιν προνοητικήν φανερὸν δὲ καὶ ὅτι οὐκ ἂν	Διὸ καὶ τῶν θηρίων ἔνια φρόνιμά φασιν εἶναι ὅσα περὶ τὸν αὑτῶν βίον ἔχοντα φαίνεται δύναμιν προνοητικήν Πιστοῦται τὸν λόγον ἐκ τῆς κοινῆς ὑπολήψεως ὅτι ἡ φρόνησις ἕξις ἐστὶ τοῦ θεωρεῖν ἕκαστον τὸ ἑαυτοῦ εὖ κοινότερος οὗτος ὁ λόγος ἐστὶ τῆς φρονήσεως ἐπὶ πάντα διήκων ὅσα ἔχοντα φαίνεται δύναμιν προνοη τικήν ἑκασταχοῦ γὰρ ἔνθα κοινὴν εὑρίσκομεν τῶν ἀνθρώπων ὑπόληψιν περί τινος πράγματος ὡς βεβαίᾳ ταύτῃ πρὸς τὴν τῶν ζητουμένων πίστω σιν χρώμεθα φησὶν οὖν ὅτι τοσοῦτόν ἐστι φύσει τῆς φρονήσεως ἴδιον τὸ θεωρεῖν ἕκαστον τὸ ἑαυτοῦ ἀγαθόν ὥστε καὶ ἐπὶ τῶν θηρίων τοῦτο οἱ ἄν θρωποι φέρουσι καὶ τῶν θηρίων γάρ τινά φασιν εἶναι φρόνιμα τίνα ταῦτα ὅσα περὶ τὸν ἑαυτῶν βίον ἔχοντα φαίνεται δύναμιν προνοητικήν	Aristotle	Eustratius of Nicaea	Ethica Nicomachea	In Ethica Nicomachea VI	
tlg0086.tlg010	7/#28	ancient_classical	4031.003	/329#1	11th_12th	0.1022	10	17	ὅτι βέλτιστον ἄνθρωπος τῶν ἄλλων ζῴων οὐδὲν διαφέρει καὶ γὰρ ἀνθρώπου ἄλλα πολὺ θειότερα τὴν φύσιν οἷον φανερώτατά γε ἐξ ὧν ὁ κόσμος συνέστηκεν ἐκ δὴ τῶν εἰρημένων δῆλον ὅτι	δὲν διαφέρει καὶ γὰρ ἀνθρώπου ἄλλα τινὰ θειότερα τὴν φύσιν οἷον τὰ φανερώτατά γε ἐξ ὧν ὁ κόσμος συνέστηκεν Ἀντίθεσίν τινα φέρει πρὸς ἑαυτόν ἐπεὶ	Aristotle	Eustratius of Nicaea	Ethica Nicomachea	In Ethica Nicomachea VI	
tlg0086.tlg010	8/#26	ancient_classical	4031.003	/342#1	11th_12th	0.1186	9	16	ἀγαθόν καὶ οἴονται τοῦτο δεῖν πράττειν ἐκ ταύτης οὖν τῆς δόξης ἐλήλυθε τὸ τούτους φρονίμους εἶναι καίτοι ἴσως οὐκ ἔστι τὸ αὑτοῦ εὖ ἄνευ οἰκονομίας οὐδ ἄνευ πολιτείας	ἀντιποιεῖσθαι πραγμάτων ὥστε καὶ πολιτικὸς ὀνομάζεσθαι Ἐκ ταύτης οὖν τῆς δόξης ἐλήλυθε τὸ περὶ τούτους φρονίμους εἶναι καίτοι ἴσως οὐκ ἔστι τὸ αὑτοῦ ἄνευ οἰκονο μίας οὐδ ἄνευ πολιτείας Λέγει καὶ ἔτι πόθεν ἐλήλυθε τὸ φρονίμους ἐκείνους λέγεσθαι τοὺς ζητοῦντας τὸ ἑαυτοῖς ἀγαθὸν μόνον ὅτι ἐκ τῆς εἰρημένης δόξης τῆς κοινῆς οἱ γὰρ ἐξ ἀρχῆς τοῦτο δοξάσαντες παραπέμπουσι τὴν δόξαν τοῖς ἐφεξῆς ᾧ δὲ ἐπιφέρει δόξειεν ἂν ἐμφαίνειν ἑαυτὸν μὴ ἀρεσκόμενον ταύτῃ τῇ δόξῃ τῷ γὰρ λέγειν ὅτι ἴσως οὐκ ἔστι τὸ αὑτοῦ ἄνευ οἰκονο μίας οὐδὲ ἄνευ πολιτείας	Aristotle	Eustratius of Nicaea	Ethica Nicomachea	In Ethica Nicomachea VI	
tlg0086.tlg010	9/#19	ancient_classical	4031.003	/354#1	11th_12th	0.0946	13	13	οὐκ ἔστιν οὐ γὰρ ζητοῦσι περὶ ὧν ἴσασιν ἡ δ εὐβουλία βουλή τις ὁ δὲ βουλευόμενος ζητεῖ καὶ λογίζεται ἀλλὰ μὴν οὐδ εὐστοχία ἄνευ τε	ὧν ἴσασιν ἡ δ εὐβουλία βουλή τις ὁ δὲ βουλευόμενος ζητεῖ καὶ λογίζεται Πρὸ τῶν ἄλλων τῆς ἐπιστήμης τὴν εὐβουλίαν διΐστησιν οὕτω συλλο γιζόμενος ἡ ἐπιστήμη οὐ ζητεῖ ἡ εὐβουλία ζητεῖ ἡ εὐβουλία ἄρα οὐκ ἔστιν ἐπιστήμη καὶ ἔστιν ὁ συλλογισμὸς ἐν δευτέρῳ σχήματι καὶ κατα σκευάζει τὴν μὲν μείζω πρότασιν οὕτως ὁ ἐπιστήμων ἴσησι τὰ ἐπιστη τά περὶ ὧν τις ἴσησιν οὐ ζητεῖ ὁ ἐπιστήμων ἄρα οὐ ζητεῖ περὶ τῶν ἐπιστητῶν καὶ ἔστιν οὗτος ὁ λόγος ἐν πρώτῳ σχήματι τὴν δὲ ἐλάττω πρότασιν οὕτως ἡ εὐβουλία βουλή τις ὁ βουλευόμενος ζητεῖ ἡ εὐβουλία ἄρα ζητεῖ	Aristotle	Eustratius of Nicaea	Ethica Nicomachea	In Ethica Nicomachea VI	
tlg0086.tlg010	9/#19	ancient_classical	4031.003	/354#3	11th_12th	0.1316	16	16	τε γὰρ λόγου καὶ ταχύ τι ἡ εὐστοχία βουλεύονται δὲ πολὺν χρόνον καὶ φασὶ πράττειν μὲν δεῖν ταχὺ τὰ βουλευθέντα βουλεύεσθαι δὲ βραδέως ἔτι ἡ ἀγχίνοια ἕτερον καὶ	ἡ εὐστοχία βουλεύεται δὲ πολὺν χρόνον καί φασι πράττειν μὲν δεῖν ταχὺ τὰ βουλευθέντα βουλεύεσθαι δὲ βρα δέως Ἐπεὶ τὸ στοχάζεσθαι ἔχει	Aristotle	Eustratius of Nicaea	Ethica Nicomachea	In Ethica Nicomachea VI	
tlg0086.tlg010	11/#11	ancient_classical	4031.003	/375#2	11th_12th	0.0427	16	21	γὰρ αἱ δυνάμεις αὗται τῶν ἐσχάτων εἰσὶ καὶ τῶν καθ ἕκαστον καὶ ἐν μὲν τῷ κριτικὸς εἶναι περὶ ὧν ὁ φρόνιμος συνετὸς καὶ εὐγνώμων ἢ συγγνώμων τὰ γὰρ ἐπιεικῆ κοινὰ τῶν ἀγαθῶν ἁπάντων ἐστὶν ἐν τῷ πρὸς ἄλλον ἔστι δὲ τῶν καθ ἕκαστα καὶ τῶν ἐσχάτων ἅπαντα τὰ πρακτά καὶ γὰρ τὸν φρόνιμον δεῖ γινώσκειν αὐτά καὶ ἡ σύνεσις καὶ	συνέσεως καὶ εὐσυνεσίας ὁ Ἀριστοτέλης πεποίηκεν Ἔστι δὲ τῶν καθ ἕκαστα καὶ τῶν ἐσχάτων ἁπάντων τὰ πρακτά καὶ γὰρ τὸν φρόνιμον δεῖ	Aristotle	Eustratius of Nicaea	Ethica Nicomachea	In Ethica Nicomachea VI	
tlg0086.tlg010	11/#13	ancient_classical	4031.003	/382#1	11th_12th	0.1158	17	17	ἀναποδείκτοις φάσεσι καὶ δόξαις οὐχ ἧττον τῶν ἀποδείξεων διὰ γὰρ τὸ ἔχειν ἐκ τῆς ἐμπειρίας ὄμμα ὁρῶσιν ὀρθῶς τί μὲν οὖν ἐστὶν ἡ	ἢ φρονίμων ταῖς ἀναποδείκτοις φάσεσι καὶ δόξαις οὐχ ἧττον τῶν ἀποδείξεων διὰ γὰρ τὸ ἔχειν ἐκ τῆς ἐμπειρίας ὄμμα ὁρῶσι τὰς ἀρχάς Ἐπεί φησίν ὁ χρόνος τριβὴν παρέχεται τῶν καθ ἕκαστα καὶ τῶν πρακτέων πολυπειρίαν ὅταν ἀκούωμεν ἀποφαντικῶς λεγομένων λόγων περὶ τῶν πρακτέων ὑπὸ ἀνδρῶν ἐμπείρων καὶ γηραιῶν κἂν ἀναποδείκτως ἐνίοτε καὶ δίχα συλλογισμοῦ λέγωνται δέον πιστεύειν τούτοις οὐχ ἧττον τῶν ἀποδείξεων ὁποῖα καὶ τὰ τῶν σοφῶν ἀποφθέγματα	Aristotle	Eustratius of Nicaea	Ethica Nicomachea	In Ethica Nicomachea VI	
tlg0086.tlg010	12/#9	ancient_classical	4031.003	/393#2	11th_12th	0.0793	16	16	ἄνευ τῆς δυνάμεως ταύτης ἡ δ ἕξις τῷ ὄμματι τούτῳ γίνεται τῆς ψυχῆς οὐκ ἄνευ ἀρετῆς ὡς εἴρηταί τε καὶ ἔστι δῆλον	ἕξις τῷ ὄμματι τούτῳ γίνεται τῆς ψυχῆς οὐκ ἄνευ ἀρετῆς ὡς εἴρηταί τε καὶ ἔστι δῆλον Οὐκ ἔστι φησίν ἡ φρόνησις ἡ	Aristotle	Eustratius of Nicaea	Ethica Nicomachea	In Ethica Nicomachea VI	
tlg0086.tlg010	2/#25	ancient_classical	4031.003	/286#1	11th_12th	0.0899	17	23	διανοητική καὶ ἡ τοιαύτη ἀρχὴ ἄνθρωπος οὐκ ἔστι δὲ προαιρετὸν οὐδὲν γεγονός οἷον οὐδεὶς προαιρεῖται Ἴλιον πεπορθηκέναι οὐδὲ γὰρ βουλεύεται περὶ τοῦ γεγονότος ἀλλὰ περὶ τοῦ ἐσομένου καὶ ἐνδεχομένου τὸ δὲ γεγονὸς οὐκ ἐνδέχεται μὴ γενέσθαι διὸ	περὶ τὰ ἐνδεχόμενα ποιεῖται τὴν βούλησιν Οὐκ ἔστι δὲ προαιρετὸν οὐθὲν γεγονός οἷον οὐθεὶς προαιρεῖται Ἴλιον πεπορθηκέναι οὐ γὰρ βουλεύεται περὶ τοῦ γεγονότος ἀλλὰ τοῦ ἐσομένου καὶ ἐνδεχομένου τὸ δὲ	Aristotle	Eustratius of Nicaea	Ethica Nicomachea	In Ethica Nicomachea VI	
tlg0086.tlg010	2/#25	ancient_classical	4031.003	/285#2	11th_12th	0.09	13	13	εὐπραξία τέλος ἡ δ ὄρεξις τούτου διὸ ἢ ὀρεκτικὸς νοῦς ἡ προαίρεσις ἢ ὄρεξις διανοητική καὶ ἡ τοιαύτη ἀρχὴ ἄνθρωπος οὐκ ἔστι δὲ προαιρετὸν οὐδὲν	ἐνέργειαν αὐτοῦ ἀποπερατώσας κατὰ τὸ δέον διὸ ἢ ὀρεκτικὸς νοῦς ἡ προαίρεσις ἢ ὄρεξις διανοητική καὶ ἡ τοιαύτη ἀρχὴ ἄν θρωπος ἐπεί φησίν ἡ προαίρεσις	Aristotle	Eustratius of Nicaea	Ethica Nicomachea	In Ethica Nicomachea VI	
tlg0086.tlg010	2/#25	ancient_classical	4031.003	/284#3	11th_12th	0.0604	8	15	ἡ κίνησις ἀλλ οὐχ οὗ ἕνεκα προαιρέσεως δὲ ὄρεξις καὶ λόγος ὁ ἕνεκά τινος διὸ οὔτ ἄνευ νοῦ καὶ διανοίας οὔτ ἄνευ ἠθικῆς ἐστὶν ἕξεως ἡ προαίρεσις εὐπραξία γὰρ καὶ τὸ ἐναντίον ἐν πράξει ἄνευ διανοίας καὶ ἤθους οὐκ ἔστιν διάνοια δ αὐτὴ οὐθὲν κινεῖ ἀλλ ἡ ἕνεκά του καὶ πρακτική αὕτη γὰρ καὶ τῆς ποιητικῆς ἄρχει	λέξιν αὐτήν διάνοια δ αὐτή φησίν οὐθὲν κινεῖ ἀλλ ἡ ἕνεκά του καὶ πρακτι κή εἶπεν ὅτι πράξεως ἀρχὴ ποιητικὴ προαίρεσις προαιρέσεως δὲ ὄρεξις καὶ λόγος ὁ ἕνεκά του λόγον ὀνομάζων τὴν πρακτικὴν διάνοιαν	Aristotle	Eustratius of Nicaea	Ethica Nicomachea	In Ethica Nicomachea VI	
tlg0086.tlg010	3/#27	ancient_classical	4031.003	/288#1	11th_12th	0.0671	10	10	ἀρξάμενοι οὖν ἄνωθεν περὶ αὐτῶν πάλιν λέγωμεν ἔστω δὴ οἷς ἀληθεύει ἡ ψυχὴ τῷ καταφάναι ἢ ἀποφάναι πέντε τὸν	τελειότητος παραδιδόμενα περὶ αὐτῶν ἂν εἴη λεγόμενα Ἔστω δὴ οἷς ἀληθεύει ἡ ψυχὴ τῷ καταφάναι ἢ ἀπο φάναι πέντε τὸν ἀριθμόν ταῦτα	Aristotle	Eustratius of Nicaea	Ethica Nicomachea	In Ethica Nicomachea VI	
tlg0086.tlg010	4/#15	ancient_classical	4031.003	/299#1	11th_12th	0.131	8	17	αὐτῶν καὶ τοῖς ἐξωτερικοῖς λόγοις ὥστε καὶ ἡ μετὰ λόγου ἕξις πρακτικὴ ἕτερόν ἐστι τῆς μετὰ λόγου ποιητικῆς ἕξεως διὸ οὐδὲ περιέχεται ὑπ ἀλλήλων οὔτε γὰρ ἡ πρᾶξις ποίησις οὔτε ἡ ποίησις	πρᾶξις καὶ ἡ ποίησις ἕτερα δηλονότι καὶ ἡ μετὰ λόγου πρακτικὴ ἕτερον τῆς μετὰ λόγου ποιητικῆς ἕξεως δεῖ δὲ ἐξακούειν τὴν ἕξιν ἐπ ἀμφοτέρων ἔλαβε δὲ τὸ μετὰ λό γου καὶ ἐπ ἀμφοῖν ὡς τῆς ἀπαριθμήσεως τὰς μετὰ λόγου παραλαμβα νούσης ἕξεις ἢ καὶ δυνάμεις οὐ γὰρ τὴν τυχοῦσαν πρακτικὴν καὶ ποιη τικὴν δεῖ νοεῖν ἐνταυθοῖ ἀλλὰ τὰς μετὰ λόγου αὗται γὰρ καὶ ἀληθεύ ειν πεφύκασι καὶ οὐ περιέχεται ὑπ ἀλλήλων πρᾶξις καὶ ποίησις οὔτε γὰρ ἡ πρᾶξις ποίησις οὔτε ἡ ποίησις πρᾶξίς ἐστιν καὶ μήτις οἰέσθω φησίν	Aristotle	Eustratius of Nicaea	Ethica Nicomachea	In Ethica Nicomachea VI	
tlg0086.tlg010	4/#16	ancient_classical	4031.003	/300#3	11th_12th	0.0191	11	18	γένεσιν καὶ τὸ τεχνάζειν καὶ θεωρεῖν ὅπως ἂν γένηταί τι τῶν ἐνδεχομένων καὶ εἶναι καὶ μὴ εἶναι καὶ ὧν ἡ ἀρχὴ ἐν τῷ ποιοῦντι ἀλλὰ μὴ ἐν τῷ ποιουμένῳ οὔτε γὰρ τῶν ἐξ ἀνάγκης ὄντων	ἐν τῷ ποιοῦντι ἀλλ οὐκ ἐν τῷ ποιουμένῳ Ἀποδοὺς τὴν τέχνην τί ἐστι λέγει καὶ πάλιν περὶ τοῦ ὑποκειμένου αὐτῇ ἵνα τελεώτερον αὐτὸ καταληψόμεθα φησὶ γὰρ ὅτι πᾶσα τέχνη περὶ γένεσίν ἐστι γένεσιν ὀνομάζων τὰ ἐνδεχόμενα διὰ τὸ μὴ μένειν ἐν τῷ αὐτῷ ἡ γὰρ ἐν ταὐτῷ μονὴ καὶ ἵδρυσις τῶν ἀναγκαίων καὶ ὑπὲρ γένεσιν ἴδιον περὶ ἃ ἡ ἐπιστήμη ἡ δὲ τέχνη περὶ ἐνδεχόμενα τεχνάζει γὰρ καὶ θεωρεῖ τουτέστιν οἴκοθεν ἐπιτηδεύει τῷ οἰκείῳ λόγῳ χρωμένη ὅπως ἂν γένηταί τι τῶν ἐνδεχομένων καὶ εἶναι καὶ μὴ εἶναι πρό τε γὰρ τοῦ γε νέσθαι τὸ ἀπὸ τέχνης ἐνδέχεται γενέσθαι καὶ μὴ γενέσθαι καὶ μετὰ τὸ γενέσθαι ἐνδέχεται καὶ ἀπογενέσθαι ὥστε καὶ εἶναι καὶ μὴ εἶναι τὸ ἀπὸ τέχνης γεγενημένον ἐνδέχεται καὶ	Aristotle	Eustratius of Nicaea	Ethica Nicomachea	In Ethica Nicomachea VI	
tlg0086.tlg010	5/#27	ancient_classical	4031.003	/305#3	11th_12th	0.0821	10	23	ὥστ εἴπερ ἐπιστήμη μὲν μετ ἀποδείξεως ὧν δ αἱ ἀρχαὶ ἐνδέχονται ἄλλως ἔχειν τούτων μή ἐστιν ἀπόδειξις π άντα γὰρ ἐνδέχεται καὶ ἄλλως ἔχειν καὶ οὐκ ἔστι βουλεύσασθαι περὶ τῶν ἐξ ἀνάγκης ὄντων οὐκ ἂν εἴη ἡ φρόνησις	ἡ ἐπιστήμη ἕτερον δέ ὅτι ὧν αἱ ἀρχαὶ ἐνδέχονται ἄλλως ἔχειν τούτων οὐκ ἔστιν ἀπόδειξις καὶ τρίτον ὅτι οὐκ ἔστι βουλεύεσθαι περὶ τῶν ἐξ ἀνάγκης ἐπεὶ δὲ τὰ μὲν δύο τού των ἀνωτέρω δέδεικται τό τε πρῶτον καὶ τὸ τρίτον ἐπὶ τούτων οὔτε προσλήψεως ἐδέησεν οὔτε ἄλλου λόγου τινὸς εἰς κατασκευήν κατεσκεύασε δὲ μόνον τὸ δεύτερον γοργῶς ἐπαγαγὼν τὸ πάντα γὰρ ἐνδέχεται καὶ ἄλλως ἔχειν ἔοικε δὲ ὡς ἐπάγειν τοῦτο τῷ λόγῳ ἑπόμενον τῷ ἀντι κειμένῳ πρὸς τὸ δεύτερον συνημμένον τὸ γὰρ συνημμένον οὕτως εἶχεν ὧν δὲ αἱ ἀρχαὶ ἐνδέχονται ἄλλως ἔχειν τούτων μὴ ἔστιν ἀπόδειξις του τέστιν ὧν προβλημάτων αἱ προτάσεις	Aristotle	Eustratius of Nicaea	Ethica Nicomachea	In Ethica Nicomachea VI	
tlg0086.tlg010	5/#29	ancient_classical	4031.003	/314#1	11th_12th	0.0711	15	15	μεροῖν τῆς ψυχῆς τῶν λόγον ἐχόντων θατέρου ἂν εἴη ἀρετή τοῦ δοξαστικοῦ ἥ τε γὰρ δόξα περὶ τὸ ἐνδεχόμενον ἄλλως ἔχειν καὶ ἡ φρόνησις ἀλλὰ μὴν οὐδ	των θατέρου ἂν εἴη ἀρετή τοῦ δοξαστικοῦ ἥ τε γὰρ δόξα περὶ τὸ ἐνδεχόμενον ἄλλως ἔχειν ἐστὶ καὶ ἡ φρόνησις Τί μὲν	Aristotle	Eustratius of Nicaea	Ethica Nicomachea	In Ethica Nicomachea VI	
tlg0086.tlg010	7/#26	ancient_classical	4031.003	/323#2	11th_12th	0.0499	18	18	ἀκριβεστάτη ἂν τῶν ἐπιστημῶν εἴη ἡ σοφία δεῖ ἄρα τὸν σοφὸν μὴ μόνον τὰ ἐκ τῶν ἀρχῶν εἰδέναι ἀλλὰ καὶ περὶ τὰς ἀρχὰς ἀληθεύειν ὥστ εἴη ἂν ἡ	τι σοφὸς αἴτιός ἐστι τοῦ εἶναι σοφοῖς δεῖ ἄρα τὸν σοφὸν μὴ μόνον τὰ ἐκ τῶν ἀρχῶν εἰδέναι ἀλλὰ καὶ περὶ τὰς ἀρχὰς ἀληθεύειν τοῦτο συμπέρασμά ἐστι τῶν εἰρημένων ἕξεως	Aristotle	Eustratius of Nicaea	Ethica Nicomachea	In Ethica Nicomachea VI	
tlg0086.tlg010	7/#27	ancient_classical	4031.003	/328#2	11th_12th	0.0594	8	15	φαίνεται δύναμιν προνοητικήν φανερὸν δὲ καὶ ὅτι οὐκ ἂν εἴη ἡ σοφία καὶ ἡ πολιτικὴ ἡ αὐτή εἰ γὰρ τὴν περὶ τὰ ὠφέλιμα τὰ αὑτοῖς ἐροῦσι σοφίαν	φύσει προσοῦσαι αὐτοῖς Φανερὸν δ εἴη ὅτι οὐκ ἂν εἴη ἡ πολιτικὴ καὶ ἡ σο φία ἡ αὐτή εἰ γὰρ τὴν περὶ τὰ ὠφέλιμα αὑτοῖς ἐροῦσι σοφίαν πολλαὶ ἔσονται σοφίαι	Aristotle	Eustratius of Nicaea	Ethica Nicomachea	In Ethica Nicomachea VI	
tlg0086.tlg010	7/#27	ancient_classical	4031.003	/323#2	11th_12th	0.0554	18	18	ἐπιστημῶν εἴη ἡ σοφία δεῖ ἄρα τὸν σοφὸν μὴ μόνον τὰ ἐκ τῶν ἀρχῶν εἰδέναι ἀλλὰ καὶ περὶ τὰς ἀρχὰς ἀληθεύειν ὥστ εἴη ἂν ἡ σοφία νοῦς	τι σοφὸς αἴτιός ἐστι τοῦ εἶναι σοφοῖς δεῖ ἄρα τὸν σοφὸν μὴ μόνον τὰ ἐκ τῶν ἀρχῶν εἰδέναι ἀλλὰ καὶ περὶ τὰς ἀρχὰς ἀληθεύειν τοῦτο συμπέρασμά ἐστι τῶν εἰρημένων ἕξεως	Aristotle	Eustratius of Nicaea	Ethica Nicomachea	In Ethica Nicomachea VI	
tlg0086.tlg010	7/#29	ancient_classical	4031.003	/334#2	11th_12th	0.1369	23	28	ὅτι οὐ τὰ ἀνθρώπινα ἀγαθὰ ζητοῦσιν ἡ δὲ φρόνησις περὶ τὰ ἀνθρώπινα καὶ περὶ ὧν ἔστι βουλεύσασθαι τοῦ γὰρ φρονίμου μάλιστα τοῦτ ἔργον εἶναί φαμεν τὸ εὖ βουλεύεσθαι βουλεύεται δ οὐδεὶς περὶ τῶν ἀδυνάτων ἄλλως ἔχειν οὐδ ὅσων μὴ τέλος τι ἔστι καὶ τοῦτο πρακτὸν ἀγαθόν ὁ δ ἁπλῶς εὔβουλος ὁ τοῦ ἀρίστου ἀνθρώπῳ τῶν πρακτῶν στοχαστικὸς κατὰ τὸν λογισμόν οὐδ ἐστὶν ἡ φρόνησις τῶν καθόλου μόνον ἀλλὰ δεῖ καὶ τὰ καθ ἕκαστα γνωρίζειν πρακτικὴ γάρ ἡ δὲ πρᾶξις περὶ τὰ καθ ἕκαστα διὸ καὶ ἔνιοι οὐκ εἰδότες ἑτέρων	πᾶσι τῶν φρονίμων ἐστὶν ὁ ἀκρότατος Οὐδ ἐστὶν ἡ φρόνησις τῶν καθόλου μόνον ἀλλὰ δεῖ καὶ τὰ καθ ἕκαστα γνωρίζειν πρακτικὴ γάρ ἡ δὲ πρᾶξις περὶ τὰ καθ ἕκαστα Ἑτέρα τοῦτο διαφορὰ τῆς σοφίας καὶ τῆς φρονήσεως ἡ μὲν γὰρ σοφία περὶ τὰ καθόλου αἰεί ἡ δὲ φρόνησις περὶ τὰ πρακτὰ καταγινομένη ἔχει μὲν καθόλου κανόνας ἠθικοὺς καὶ πολιτικούς καθ οὓς δεῖ διάγειν καὶ πολιτεύεσθαι ἐξετάζει δὲ καὶ τὰ καθ ἕκαστα περὶ ἃ καὶ τὰς πράξεις ἐνδείκνυται	Aristotle	Eustratius of Nicaea	Ethica Nicomachea	In Ethica Nicomachea VI	
tlg0086.tlg010	9/#21	ancient_classical	4031.003	/359#3	11th_12th	0.1827	8	12	μέγα εἰληφώς δοκεῖ δ ἀγαθόν τι τὸ εὖ βεβουλεῦσθαι ἡ γὰρ τοιαύτη ὀρθότης βουλῆς εὐβουλία ἡ ἀγαθοῦ τευκτική ἀλλ ἔστι καὶ τούτου ψευδεῖ συλλογισμῷ	εὐβουλία ᾖ δοκεῖ δὲ ἀγα θὸν τὸ εὖ βεβουλεῦσθαι ἡ γὰρ τοιαύτη ὀρθότης βουλῆς εὐ βουλία ἡ ἀγαθοῦ τευκτική τοῦτο κατασκευαστικὸν τοῦ μὴ καὶ τὴν	Aristotle	Eustratius of Nicaea	Ethica Nicomachea	In Ethica Nicomachea VI	
tlg0086.tlg010	12/#7	ancient_classical	4031.003	/388#3	11th_12th	0.0978	13	13	ἡ ὑγίεια οὕτως ἡ σοφία εὐδαιμονίαν μέρος γὰρ οὖσα τῆς ὅλης ἀρετῆς τῷ ἔχεσθαι ποιεῖ καὶ τῷ ἐνεργεῖν εὐδαίμονα ἔτι τὸ	καὶ τὸ οὗ ἕνεκα τῆς ἰατρικῆς μέρος γὰρ οὖσα τῆς ὅλης ἀρετῆς τῷ ἔχεσθαι ποιεῖ καὶ τῷ ἐνεργεῖν εὐδαίμονα οὕτω ποιεῖ φησίν ἡ σοφία τὴν εὐδαιμονίαν ὡς μέρος οὖσα τῆς ὅλης ἀρετῆς ἡ δὲ ὅλη ἀρετή ἐστιν ἡ	Aristotle	Eustratius of Nicaea	Ethica Nicomachea	In Ethica Nicomachea VI	
tlg0086.tlg010	13/#7	ancient_classical	4031.003	/398#2	11th_12th	0.0588	9	14	ὄψιν οὕτω καὶ ἐνταῦθα ἐὰν δὲ λάβῃ νοῦν ἐν τῷ πράττειν διαφέρει ἡ δ ἕξις ὁμοία οὖσα τότ ἔσται κυρίως ἀρετή ὥστε καθάπερ ἐπὶ τοῦ δοξαστικοῦ δύο	οὕτω γὰρ καὶ ἐνταῦθα φησίν ἂν λάβῃ νοῦν ἐν τῷ πράττειν δια φέρει τοῦτο δὲ πεποίηκε τῇ συντομίᾳ συνήθει χρησάμενος καὶ εἰπὼν εἶναι διάφορον τὸ μετὰ νοῦ ἐνεργεῖν τοῦ ἄνευ τούτου τὰς δράσεις ποιεῖσθαι τὸν ἄνθρωπον τῇ φυσικῇ ἐπιτηδειότητι μόνον ἡ δ ἕξις ὁμοία οὖσα τότ ἔσται κυρίως ἀρετή	Aristotle	Eustratius of Nicaea	Ethica Nicomachea	In Ethica Nicomachea VI	
tlg0086.tlg010	1/#37	ancient_classical	4031.003	/264#2	11th_12th	0.0709	8	12	εἶναι τοῦτ εἰρημένον ἀλλὰ καὶ διωρισμένον τίς ἐστιν ὁ ὀρθὸς λόγος καὶ τούτου τίς ὅρος μετὰ δὲ ταῦτα λεκτέον ἄλλην ποιησαμένους	τοῦτ εἰρημένον ἀλλὰ καὶ τὸ διωρισμένον τίς τέ ἐστιν ὁ ὀρθὸς λόγος καὶ τούτου τίς ὅρος Εἰ καὶ ἀληθές φησι τὸ οὕτω	Aristotle	Eustratius of Nicaea	Ethica Nicomachea	In Ethica Nicomachea VI	
tlg0086.tlg010	2/#26	ancient_classical	4031.003	/287#1	11th_12th	0.102	18	18	ἀγένητα ποιεῖν ἅσσ ἂν ᾖ πεπραγμένα ἀμφοτέρων δὴ τῶν νοητικῶν μορίων ἀλήθεια τὸ ἔργον καθ ἃς οὖν μάλιστα ἕξεις ἀληθεύσει ἑκάτερον αὗται ἀρεταὶ ἀμφοῖν ἀπορήσειε δ ἄν τις πῶς ὑπολαμβάνων	πάντων ἔσται αἴτιος ἃ ἄμφω ἀδύνατα Ἀμφοτέρων δὴ τῶν νοητῶν μορίων ἀληθὲς τὸ ἔργον καθ ἃς οὖν μάλιστα ἕξεις ἀληθεύσει ἑκάτερον αὗται ἀρεταὶ ἀμφοῖν ἀρξάμενοι οὖν ἄνωθεν πάλιν περὶ αὐτῶν	Aristotle	Eustratius of Nicaea	Ethica Nicomachea	In Ethica Nicomachea VI	
tlg0086.tlg010	3/#28	ancient_classical	4031.003	/291#1	11th_12th	0.1383	15	15	ὑπολήψει γὰρ καὶ δόξῃ ἐνδέχεται διαψεύδεσθαι ἐπιστήμη μὲν οὖν τί ἐστιν ἐντεῦθεν φανερόν εἰ δεῖ ἀκριβολογεῖσθαι καὶ μὴ ἀκολουθεῖν ταῖς ὁμοιότησιν πάντες γὰρ ὑπολαμβάνομεν ὃ ἐπιστάμεθα μηδ	κατὰ τὴν φρόνησιν καὶ τέχνην ἀλήθειαν Ἐπιστήμη μὲν οὖν τί ἐστιν ἐντεῦθεν φανερόν εἰ δεῖ ἀκριβολογεῖσθαι καὶ μὴ ἀκολουθεῖν ταῖς ὁμοιότησιν Ἐντεῦθεν ἄρχεται ποιῆσαι τὸν περὶ ἑκάστου λόγον τῶν ἀπηριθμημέ νων τί τε ἕκαστον αὐτῶν διδάσκων καὶ τί διαφέρει τῶν λοιπῶν ἀλλ ἐπεὶ συγγενῆ ὄντα ταῦτα ἔχει καί τινα ὁμοιότητα πρὸς ἄλληλα καὶ συμ βαίνει περὶ τὴν ἀκριβῆ τούτων κατάληψιν συγκεῖσθαι τὴν διάνοιαν ὡς ἀγνο εῖν τὰς διαφορὰς καὶ ἄλλο ἀντὶ ἄλλου ὑπολαμβάνειν αὐτῶν διὰ τοῦτό φησιν εἰ δεῖ ἀκριβολογεῖσθαι καὶ μὴ ἀκολουθεῖν ταῖς ὁμοιότη σιν ὥσπερ γὰρ περιστερᾶς τε καὶ	Aristotle	Eustratius of Nicaea	Ethica Nicomachea	In Ethica Nicomachea VI	
tlg0086.tlg010	5/#28	ancient_classical	4031.003	/308#2	11th_12th	0.0959	15	20	τοὺς οἰκονομικοὺς καὶ τοὺς πολιτικούς ἔνθεν καὶ τὴν σωφροσύνην τούτῳ προσαγορεύομεν τῷ ὀνόματι ὡς σῴζουσαν τὴν φρόνησιν σῴζει δὲ τὴν τοιαύτην ὑπόληψιν οὐ γὰρ ἅπασαν ὑπόληψιν διαφθείρει οὐδὲ διαστρέφει τὸ ἡδὺ καὶ	τὸν ποιήσαντα θεὸν ἀποφέροιεν Ἔνθεν τοι καὶ τὴν σωφροσύνην τούτῳ προσαγορεύ ουσι τῷ ὀνόματι ὡς σώζουσαν τὴν φρόνησιν σώζει δὲ τὴν τοιαύτην ὑπόληψιν οὐ γὰρ πᾶσαν ὑπόληψιν	Aristotle	Eustratius of Nicaea	Ethica Nicomachea	In Ethica Nicomachea VI	
tlg0086.tlg010	5/#29	ancient_classical	4031.003	/313#1	11th_12th	0.0994	16	16	ἔστιν ἀρετή φρονήσεως δ οὐκ ἔστιν καὶ ἐν μὲν τέχνῃ ὁ ἑκὼν ἁμαρτάνων αἱρετώτερος περὶ δὲ φρόνησιν ἧττον ὥσπερ καὶ περὶ τὰς ἀρετάς δῆλον οὖν ὅτι ἀρετή τις ἐστὶ	Καὶ ἐν μὲν τέχνῃ ὁ ἑκὼν ἁμαρτάνων αἱρετώτερος περὶ δὲ φρόνησιν ἧττον ὡς καὶ περὶ τὰς ἀρετάς Ἔτι τὸ αὐτὸ κατασκευάζει ὅτι ἑτερογενῆ	Aristotle	Eustratius of Nicaea	Ethica Nicomachea	In Ethica Nicomachea VI	
tlg0086.tlg010	7/#28	ancient_classical	4031.003	/330#1	11th_12th	0.0526	16	16	γε ἐξ ὧν ὁ κόσμος συνέστηκεν ἐκ δὴ τῶν εἰρημένων δῆλον ὅτι ἡ σοφία ἐστὶ καὶ ἐπιστήμη καὶ νοῦς τῶν τιμιωτάτων τῇ φύσει διὸ Ἀναξαγόραν καὶ Θαλῆν καὶ τοὺς	κρείττονα περὶ ὧν ἐξετάζειν νῦν περιττόν Ἐκ δὴ τῶν εἰρημένων δῆλον ὅτι ἡ σοφία ἐστὶ ἐπι στήμη καὶ νοῦς τῶν τιμιωτάτων τῇ φύσει Πρότερον μὲν ἔδειξε τὸν ἐν ἡμῖν	Aristotle	Eustratius of Nicaea	Ethica Nicomachea	In Ethica Nicomachea VI	
tlg0086.tlg010	9/#20	ancient_classical	4031.003	/358#3	11th_12th	0.1149	17	17	τε καὶ κακῶς βουλεύηται ζητεῖ τι καὶ λογίζεται ἀλλ ὀρθότης τίς ἐστιν ἡ εὐβουλία βουλῆς διὸ ἡ βουλὴ ζητητέα πρῶτον τί καὶ περὶ τί ἐπεὶ δ ἡ ὀρθότης πλεοναχῶς δῆλον	ἤδη τὸ γένος τῆς εὐβουλίας καθαρῶς καὶ ἀναμφιβόλως Ἀλλὰ ὀρθότης τίς ἐστιν ἡ εὐβουλία βουλῆς διὸ ἡ βουλὴ ζητητέα πρῶτον τί καὶ περὶ τί Εἰπὼν τὰς διαφορὰς τῆς βουλῆς εἶναι	Aristotle	Eustratius of Nicaea	Ethica Nicomachea	In Ethica Nicomachea VI	
tlg0086.tlg010	11/#12	ancient_classical	4031.003	/378#1	11th_12th	0.0472	13	13	ἀποδείξεις τῶν ἀκινήτων ὅρων καὶ πρώτων ὁ δ ἐν ταῖς πρακτικαῖς τοῦ ἐσχάτου καὶ ἐνδεχομένου καὶ τῆς ἑτέρας προτάσεως ἀρχαὶ γὰρ τοῦ οὗ ἕνεκα αὗται	ὁ δ ἐν ταῖς πρακτικαῖσ τοῦ ἐσχάτου καὶ ἐνδεχομένου καὶ τῆς ἑτέρας προτάσεως ὁ μὲν θεωρητικός φησί νοῦς οὕτως	Aristotle	Eustratius of Nicaea	Ethica Nicomachea	In Ethica Nicomachea VI	
tlg0086.tlg010	11/#12	ancient_classical	4031.003	/377#4	11th_12th	0.102	11	17	καὶ ὁ μὲν κατὰ τὰς ἀποδείξεις τῶν ἀκινήτων ὅρων καὶ πρώτων ὁ δ ἐν ταῖς πρακτικαῖς τοῦ ἐσχάτου καὶ ἐνδεχομένου καὶ τῆς ἑτέρας προτάσεως ἀρχαὶ γὰρ τοῦ οὗ ἕνεκα αὗται	τῶν ἀκινήτων ὅρων καὶ πρώτων ὁ δ ἐν ταῖς πρακτικαῖς τοῦ ἐσχά του καὶ ἐνδεχομένου καὶ τῆς ἑτέρας προτάσεως ἀκίνητοι ὅροι εἰσὶν αἱ πρῶται ἀρχαὶ	Aristotle	Eustratius of Nicaea	Ethica Nicomachea	In Ethica Nicomachea VI	
tlg0086.tlg010	11/#13	ancient_classical	4031.003	/382#3	11th_12th	0.1137	20	20	ἐκ τῆς ἐμπειρίας ὄμμα ὁρῶσιν ὀρθῶς τί μὲν οὖν ἐστὶν ἡ φρόνησις καὶ ἡ σοφία καὶ περὶ τί ἑκατέρα τυγχάνει οὖσα καὶ ὅτι ἄλλου τῆς ψυχῆς μορίου ἀρετὴ ἑκατέρα εἴρηται περὶ δὲ ἡδονῆς	μαθεῖν τίσι περιλαβοῦσι τίνα ἠκολούθησεν ἕτερα Τί μὲν οὖν ἐστιν ἡ φρόνησις καὶ ἡ σοφία καὶ περὶ τίνα ἑκατέρα τυγχάνει οὖσα καὶ ὅτι ἄλλου τῆς ψυχῆς μορίου ἑκατέρα εἴρηται Συμπεραίνει τὰ εἰρημένα περὶ	Aristotle	Eustratius of Nicaea	Ethica Nicomachea	In Ethica Nicomachea VI	
tlg0086.tlg010	12/#7	ancient_classical	4031.003	/386#3	11th_12th	0.0801	11	18	ποιοῦσα ἄρχει καὶ ἐπιτάττει περὶ ἕκαστον περὶ δὴ τούτων λεκτέον νῦν μὲν γὰρ ἠπόρηται περὶ αὐτῶν μόνον πρῶτον μὲν οὖν λέγωμεν ὅτι καθ αὑτὰς ἀναγκαῖον αἱρετὰς αὐτὰς εἶναι ἀρετάς γ	κρείττων σοφίας ἀλλ ἡ σοφία φρονήσεως Περὶ δὲ τούτων λεκτέον νῦν μὲν γὰρ ἠπόρηται περὶ αὐτῶν μόνον Ταῦτα ἐπαπορήσας καὶ βουλόμενος ἤδη τὰς λύσεις ἐπαγαγεῖν ὥσπερ ἑαυτὸν προτρεπόμενος ἐπὶ ταύτας φησίν ὅτι πρέπον ἂν εἴη περὶ τούτων εἰπεῖν ὥσπερ οὐκ ὄντος εἰπεῖν τοῦ μόνον ἀπορῆσαι εἰ μὴ καὶ αἱ ἀπο ρίαι προσηκόντως λυθήσονται διὰ τοῦτο εἴρηται τὸ νῦν γὰρ ἠπόρη ται περὶ αὐτῶν μόνον ἀτελὴς γὰρ ὁ λόγος ὁ δείξας τὰ ἠπορημένα καὶ μὴ τὰς λύσεις ἐπαγαγών ὡς τῆς ἀπορίας τέλος ἐχούσης καὶ οὗ ἕνεκα τὴν εὐπορίαν τῆς λύσεως καὶ μάτην σύστασις εἰ μὴ καὶ ἡ λύσις ἀξίως ἐπενεχθῇ πρῶτον μὲν οὖν λέγομεν ὅτι καθ αὑτὰς ἀναγ	Aristotle	Eustratius of Nicaea	Ethica Nicomachea	In Ethica Nicomachea VI	
tlg0086.tlg010	12/#8	ancient_classical	4031.003	/388#3	11th_12th	0.1016	13	13	ἡ ὑγίεια οὕτως ἡ σοφία εὐδαιμονίαν μέρος γὰρ οὖσα τῆς ὅλης ἀρετῆς τῷ ἔχεσθαι ποιεῖ καὶ τῷ ἐνεργεῖν εὐδαίμονα ἔτι τὸ ἔργον ἀποτελεῖται κατὰ τὴν	καὶ τὸ οὗ ἕνεκα τῆς ἰατρικῆς μέρος γὰρ οὖσα τῆς ὅλης ἀρετῆς τῷ ἔχεσθαι ποιεῖ καὶ τῷ ἐνεργεῖν εὐδαίμονα οὕτω ποιεῖ φησίν ἡ σοφία τὴν εὐδαιμονίαν ὡς μέρος οὖσα τῆς ὅλης ἀρετῆς ἡ δὲ ὅλη ἀρετή ἐστιν ἡ	Aristotle	Eustratius of Nicaea	Ethica Nicomachea	In Ethica Nicomachea VI	
tlg0086.tlg010	12/#10	ancient_classical	4031.003	/394#2	11th_12th	0.055	9	9	συλλογισμοὶ τῶν πρακτῶν ἀρχὴν ἔχοντές εἰσιν ἐπειδὴ τοιόνδε τὸ τέλος καὶ τὸ ἄριστον ὁτιδήποτε ὄν ἔστω γὰρ λόγου χάριν τὸ τυχόν	λόγῳ τούτῳ τὴν ἐλάττω πρότασιν λέγων ἐπεὶ τοιόνδε τὸ τέλος καὶ τὸ ἄριστον ὁτιδήποτε ὄν συγκεχυμένως εἰπὼν τὸ ὁτιδήποτε ὂν ἄνευ	Aristotle	Eustratius of Nicaea	Ethica Nicomachea	In Ethica Nicomachea VI	
tlg0086.tlg010	13/#7	ancient_classical	4031.003	/396#2	11th_12th	0.068	13	13	ἕκαστα τῶν ἠθῶν ὑπάρχειν φύσει πως καὶ γὰρ δίκαιοι καὶ σωφρονικοὶ καὶ ἀνδρεῖοι καὶ τἆλλα ἔχομεν εὐθὺς ἐκ γενετῆς ἀλλ ὅμως ζητοῦμεν ἕτερόν τι τὸ	τρόποι ἠθῶν τοῖς ἀλόγοις καὶ λογικοῖς καὶ γὰρ δίκαιοι καὶ σωφρονικοὶ καὶ ἀνδρεῖοι καὶ τἄλλα ἔχομεν εὐθὺς ἐκ γενετῆς τῆς μὲν φρονήσεως καὶ δεινότητος ὥσπερ	Aristotle	Eustratius of Nicaea	Ethica Nicomachea	In Ethica Nicomachea VI	
tlg0086.tlg010	13/#9	ancient_classical	4031.003	/402#2	11th_12th	0.0461	9	14	μικρὸν μεταβῆναι ἔστι γὰρ οὐ μόνον ἡ κατὰ τὸν ὀρθὸν λόγον ἀλλ ἡ μετὰ τοῦ ὀρθοῦ λόγου ἕξις ἀρετή ἐστιν ὀρθὸς δὲ λόγος περὶ τῶν τοιούτων ἡ φρόνησίς	πείσεις ἵνα κατ ἀρετὴν γίνοιντο καὶ ἡ μετὰ τοῦ ὀρθοῦ λόγου ἕξις ἀρετή ἐστιν ὁ δὲ περὶ πράξεων καὶ παθῶν διαταττόμενος λόγος	Aristotle	Eustratius of Nicaea	Ethica Nicomachea	In Ethica Nicomachea VI	
tlg0086.tlg010	2/#23	ancient_classical	4031.003	/270#2	11th_12th	0.0567	11	11	περὶ τῶν μὴ ἐνδεχομένων ἄλλως ἔχειν ὥστε τὸ λογιστικόν ἐστιν ἕν τι μέρος τοῦ λόγον ἔχοντος ληπτέον ἄρ ἑκατέρου τούτων τίς ἡ βελτίστη ἕξις	ὡς τῇ φύσει τῶν πραγμάτων συνᾴδουσιν ὥστε τὸ λογιστικόν ἐστιν ἕν τι μέρος τοῦ λόγον ἔχοντος εἰ γὰρ τὸ λόγον ἔχον ποτὲ μὲν περὶ	Aristotle	Eustratius of Nicaea	Ethica Nicomachea	In Ethica Nicomachea VI	
tlg0086.tlg010	2/#24	ancient_classical	4031.003	/278#3	11th_12th	0.0806	12	12	πράξεως δὲ μὴ κοινωνεῖν ἔστι δ ὅπερ ἐν διανοίᾳ κατάφασις καὶ ἀπόφασις τοῦτ ἐν ὀρέξει δίωξις καὶ φυγή ὥστ ἐπειδὴ ἡ ἠθικὴ ἀρετὴ ἕξις	τὸ κακόν διὰ τοῦτό φησιν ὅτι ὅπερ ἐν διανοίᾳ κατάφασις καὶ ἀπόφασις τοῦτ ἐν ὀρέξει δίωξις καὶ φυγή τουτέστιν ὅτι ὥσπερ ἡ διάνοια τὸ	Aristotle	Eustratius of Nicaea	Ethica Nicomachea	In Ethica Nicomachea VI	
tlg0086.tlg010	5/#28	ancient_classical	4031.003	/306#3	11th_12th	0.1176	16	16	ἄλλο τὸ γένος πράξεως καὶ ποιήσεως λείπεται ἄρα αὐτὴν εἶναι ἕξιν ἀληθῆ μετὰ λόγου πρακτικὴν περὶ τὰ ἀνθρώπῳ ἀγαθὰ καὶ κακά τῆς μὲν γὰρ ποιήσεως ἕτερον τὸ τέλος τῆς	φρονήσεως ὅρον συνίστησιν οὕτως ἐπαγαγών λεί πεται ἄρα αὐτὴν εἶναι ἕξιν ἀληθῆ μετὰ λόγου πρακτικὴν περὶ τὰ ἀνθρώπῳ ἀγαθὰ καὶ κακά τὸ μὲν ἕξιν ἀληθῶς μετὰ λόγου κοι νὰ λαμβάνων τῆς ἐπιστήμης τε καὶ τέχνης καὶ τῆς φρονήσεως πᾶσαι γὰρ αἱ ἐνταῦθα ἀπαριθμούμεναι ἕξεις εἰσὶν ἀληθῶς μετὰ λόγου τὸ δὲ πρακτικὴν ὡς μὲν πρὸς τὰς εἰρημένας ἴδιον τῆς φρονήσεως κοινὸν δὲ καὶ ταῖς πρακτικαῖς τῶν τεχνῶν τὸ δὲ περὶ τὰ ἀνθρώπῳ ἀγαθὰ καὶ κακά τοῦτο ὡς ἴδιον τίθησι τῆς φρονήσεωσ καὶ ἀπαρτίζει τὸν ὁρισμὸν πρὸς αὐτὴν ἀντιστρέφοντα περὶ γὰρ τὰ ἀνθρώπῳ ἀγαθὰ καὶ κακὰ ἡ φρόνησις καταγίνεται ὡς τὰ μὲν	Aristotle	Eustratius of Nicaea	Ethica Nicomachea	In Ethica Nicomachea VI	
tlg0086.tlg010	5/#28	ancient_classical	4031.003	/307#1	11th_12th	0.0379	9	15	περὶ τὰ ἀνθρώπῳ ἀγαθὰ καὶ κακά τῆς μὲν γὰρ ποιήσεως ἕτερον τὸ τέλος τῆς δὲ πράξεως οὐκ ἂν εἴη ἔστι γὰρ αὐτὴ ἡ εὐπραξία τέλος διὰ τοῦτο Περικλέα καὶ τοὺς τοιούτους	Τῆς μὲν γὰρ ποιήσεως ἕτερον τὸ τέλος τῆς δὲ πρά ξεως οὐκ ἀεί ἔστι γὰρ αὐτὴ ἡ εὐπραξία τέλος Ἐπειδὴ τὴν πρὸς τὴν τέχνην διαφορὰν	Aristotle	Eustratius of Nicaea	Ethica Nicomachea	In Ethica Nicomachea VI	
tlg0086.tlg010	7/#26	ancient_classical	4031.003	/323#3	11th_12th	0.04	12	16	σοφία δεῖ ἄρα τὸν σοφὸν μὴ μόνον τὰ ἐκ τῶν ἀρχῶν εἰδέναι ἀλλὰ καὶ περὶ τὰς ἀρχὰς ἀληθεύειν ὥστ εἴη ἂν ἡ	μόνον τὰ ἐκ τῶν ἀρχῶν εἰδέναι ἀλλὰ καὶ περὶ τὰς ἀρχὰς ἀληθεύειν τοῦτο συμπέρασμά ἐστι τῶν εἰρημένων ἕξεως οὔσης τῆς σοφίας παριστῶν ἅμα μὲν αὐτῆς τὴν ἐνέργειαν ἅμα δὲ καὶ τὴν δια φοράν ἣν ἔχει πρὸς τὴν ἐπιστήμην ἡ μὲν γὰρ ἐπιστήμη περὶ τὰ ἐκ τῶν ἀρχῶν τὴν ἀλήθειαν ἔχει τῆς ἀρχῆς χρωμένη πρὸς τὴν αὐτῆς εὕ ρεσιν περὶ δὲ τῶν ἀρχῶν ἡ ἐπιστήμη ἐστὶν οὐδαμῇ ἐξετάζουσα ἡ δὲ σοφία καὶ περὶ τὰς ἀρχὰς ἀληθεύουσα συνιστῶσα καὶ αὐτὰς κατὰ τὴν ἑαυτῆς πρὸς τὴν ἐπιστήμην ὑπεροχήν Ὥστ εἴη ἂν ἡ σοφία νοῦς καὶ ἐπιστήμη καὶ ὥσπερ	Aristotle	Eustratius of Nicaea	Ethica Nicomachea	In Ethica Nicomachea VI	
tlg0086.tlg010	7/#27	ancient_classical	4031.003	/326#3	11th_12th	0.0565	10	14	τῶν ἐν τῷ κόσμῳ ἄνθρωπός ἐστιν εἰ δὴ ὑγιεινὸν μὲν καὶ ἀγαθὸν ἕτερον ἀνθρώποις καὶ ἰχθύσι τὸ δὲ λευκὸν καὶ εὐθὺ ταὐτὸν ἀεί καὶ τὸ σοφὸν	μέρος εἴ πῃ δέεται παραμυθίας τινός εἰ δὴ ὑγιεινὸν μὲν καὶ ἀγαθὸν ἕτερον ἀνθρώποις καὶ ἰχθύσι βουλόμενος δεῖξαι τὸ σοφὸν μὲν παρὰ πᾶσιν ὂν τὸ αὐτό τὸ δὲ φρόνιμον ἕτερον κἀντεῦθεν ἀναφῆναι τὴν τῆς σοφίας διαφορὰν πρὸς τὴν φρόνησιν ἵνα δείξῃ τὸν ἑαυτοῦ λόγον μηδέν τι καινὸν παρεισάγοντα διὰ τοῦτο παρέλαβε τὸ ὑγιεινὸν καὶ τὸ ἀγαθόν ὡς παρὰ τοῖς ἑτέροις τὴν φύσιν ὄντα ἕτερα τὸ δὲ λευκὸν καὶ τὸ εὐθὺ μὴ ἐξαλλασσόμενα πρὸς τὰς	Aristotle	Eustratius of Nicaea	Ethica Nicomachea	In Ethica Nicomachea VI	
tlg0086.tlg010	8/#25	ancient_classical	4031.003	/336#2	11th_12th	0.077	16	16	μήτε φυσικὸν μήτ ἀνθρώπινον οὐ συγγνωμονικά ἔστι δὲ καὶ ἡ πολιτικὴ καὶ ἡ φρόνησις ἡ αὐτὴ μὲν ἕξις τὸ μέντοι εἶναι οὐ ταὐτὸν αὐταῖς τῆς δὲ περὶ πόλιν	ἔσται ἅμα ἀρχιτεκτονικός τε καὶ πρακτικός ἔστι δὲ καὶ ἡ πολιτικὴ καὶ ἡ φρόνησις ἡ αὐτὴ μὲν ἕξις τὸ μέντοι εἶναι οὐ τὸ αὐτὸ αὐταῖς ἡ αὐτὴ μέν ἐστιν ἡ πολιτικὴ καὶ ἡ φρόνησις κατὰ τὸ ἀμφοτέρας ἔχειν ἔργον τὸ	Aristotle	Eustratius of Nicaea	Ethica Nicomachea	In Ethica Nicomachea VI	
tlg0086.tlg010	9/#19	ancient_classical	4031.003	/355#1	11th_12th	0.1867	8	16	λόγου καὶ ταχύ τι ἡ εὐστοχία βουλεύονται δὲ πολὺν χρόνον καὶ φασὶ πράττειν μὲν δεῖν ταχὺ τὰ βουλευθέντα βουλεύεσθαι δὲ βραδέως ἔτι ἡ ἀγχίνοια ἕτερον καὶ ἡ εὐβουλία ἔστι δ εὐστοχία τις ἡ ἀγχίνοια οὐδὲ δὴ δόξα ἡ εὐβουλία οὐδεμία	ταῖς πρὸς Νικοκλέα ὑποθήκαις τὸ δὲ βουλεύεται δὲ πολὺν χρόνον ἐλλιπῶς εἴρηται καὶ δέον προσκεῖσθαι τὸ ὁ βουλόμενος Ἔτι ἡ ἀγχίνοια ἕτερον καὶ ἡ εὐβουλία ἔστι δὲ εὐ στοχία τις ἡ ἀγχίνοια Ἕτερον ἐπιχείρημα ἕτερα δεικνύον πρὸς ἄλληλα εὐβουλίαν καὶ εὐ στοχίαν ἐκ μέρους ἢ ἐξ εἴδους τῆς εὐστοχίας ἔχον τὴν σύστασιν ὁμο λογούμενον γὰρ λαβὼν τὸ τὴν ἀγχίνοιαν εὐστοχίαν εἶναί τινα δείκνυσι διὰ τούτου ὡς οὐ ταὐτὸν εὐβουλία καὶ εὐστοχία εἰ γὰρ ἦν τὸ αὐτό ἔδει καὶ τὴν ἀγχίνοιαν ἐπεὶ εὐστοχία τίς ἐστιν εἶναι καὶ εὐβουλίαν τινά ἀλλὰ μὴν οὐκ ἔστιν εὐβουλία τις ἡ ἀγχίνοια οὐκ ἄρα ταὐτὸν εὐβουλία καὶ εὐ	Aristotle	Eustratius of Nicaea	Ethica Nicomachea	In Ethica Nicomachea VI	
tlg0086.tlg010	9/#22	ancient_classical	4031.003	/364#2	11th_12th	0.0787	13	14	εὖ βεβουλεῦσθαι ἡ εὐβουλία εἴη ἂν ὀρθότης ἡ κατὰ τὸ συμφέρον πρὸς τὸ τέλος οὗ ἡ φρόνησις ἀληθὴς ὑπόληψίς ἐστιν πότερον οὖν ἐγκρατής ἐστιν ὁ ὁποιῳοῦν	ὡς ἐνταυθοῖ ὁ Ἀριστοτέλης ἐξέθετο ἤγουν ὀρθότης ἡ κατὰ τὸ συμφέρον πρός τι τέλος οὗ ἡ φρόνησις ἀληθὴς ὑπόληψις ἡ μὲν ὀρθότης ὡς γένος ἀντικειμένη οὖσα πρὸς τὴν διαστροφήν ἥτις ἐστὶν ἀνοικειότης πρὸς τὸ προκείμενον τέλος καὶ ἐπιτευχθῆναι ζητού μενον τὸ δὲ κατὰ τὸ συμφέρον πρὸς τὴν εἰς κακὸν ἀφορῶσαν καὶ ἀσύμ φορον βούλευσιν πρὸς ἣν ὀρθότης μὲν εἶναι δύναται βουλῆς ὡς εἰς ἐπι τυχίαν συμβαλλομένη τοῦ βλαβεροῦ οἷον ὡς εἴ τις περὶ κλοπῆς ἀλλοτρίων πραγμάτων βουλεύοιτο καὶ τὸν οἰκεῖον πρὸς τοῦτο τρόπον ἐπιτηδεύοιτο τοῦτο γὰρ ὀρθότης μέν ἐστι διὰ τὸ ἄγειν πρὸς τὸ τέλος περὶ ὃ ἡ βουλή οὐ μὴν καὶ εὐβουλία ὅτι μηδὲ ἀγαθὸν ἐκεῖνο περὶ ὃ τὸ βουλεύεσθαι τὸ πρός τι τέλος διὰ τὴν περὶ τὸ καθόλου βουλήν τὸ δὲ οὗ ἡ φρόνησις ἀληθὴς ὑπόληψίς ἐστιν ὥσπερ ἐσχάτη τίς	Aristotle	Eustratius of Nicaea	Ethica Nicomachea	In Ethica Nicomachea VI	
tlg0086.tlg010	11/#11	ancient_classical	4031.003	/378#1	11th_12th	0.0168	8	14	γὰρ τὸν φρόνιμον δεῖ γινώσκειν αὐτά καὶ ἡ σύνεσις καὶ ἡ γνώμη περὶ τὰ πρακτά ταῦτα δ ἔσχατα καὶ ὁ νοῦς τῶν ἐσχάτων ἐπ ἀμφότερα καὶ γὰρ τῶν πρώτων ὅρων καὶ τῶν ἐσχάτων νοῦς ἐστὶ καὶ οὐ λόγος καὶ ὁ μὲν κατὰ τὰς ἀποδείξεις τῶν ἀκινήτων ὅρων καὶ πρώτων ὁ δ ἐν ταῖς πρακτικαῖς τοῦ ἐσχάτου καὶ	ὁ δ ἐν ταῖς πρακτικαῖσ τοῦ ἐσχάτου καὶ ἐνδεχομένου καὶ τῆς ἑτέρας προτάσεως ὁ μὲν θεωρητικός φησί νοῦς οὕτως ἔχει τοὺς πρώ τους ὅρους λαμβάνων καὶ τὰς ἀποδείξεις ποιούμενος ἔστι δὲ καὶ ἑτέρως νοῦς ὁ ἐν ταῖς πρακτικαῖς θεωρούμενος ἕξεσιν ὅς ἐστι τοῦ κυρίως ἐσχάτου καὶ ἐν δεχομένου εἴρηται γάρ ὅτι περὶ τὰ ἐφ ἡμῖν αἱ πράξεις καὶ αἱ βουλεύσεις ἅ εἰσιν ἐνδεχόμενα περὶ ἃ καὶ ἡ φρόνησις καὶ ἡ σύνεσις καὶ ἡ γνώμη ἑτέραν δὲ πρότασίν φησι τὴν μερικήν	Aristotle	Eustratius of Nicaea	Ethica Nicomachea	In Ethica Nicomachea VI	
tlg0086.tlg010	12/#7	ancient_classical	4031.003	/386#2	11th_12th	0.0944	8	13	τοῖς μὴ ἔχουσιν οὐδὲν γὰρ διοίσει αὐτοὺς ἔχειν ἢ ἄλλοις ἔχουσι πείθεσθαι ἱκανῶς τ ἔχοι ἂν ἡμῖν ὥσπερ καὶ περὶ τὴν ὑγίειαν βουλόμενοι γὰρ ὑγιαίνειν ὅμως οὐ μανθάνομεν ἰατρικήν πρὸς δὲ τούτοις ἄτοπον ἂν εἶναι δόξειεν εἰ χείρων τῆς σοφίας οὖσα κυριωτέρα αὐτῆς ἔσται ἡ γὰρ ποιοῦσα ἄρχει καὶ ἐπιτάττει	αὐτοὺς ἀρετὴν ἢ ἄλλοις ἔχουσι πείθεσθαι πειθηνίους γὰρ αὐτοὺς ποιοῦντες τοῖς ἔχουσιν ἀρετὴν κἀκείνοις ἑπόμενοι ἐν ταῖς πράξεσιν ἔσονται καὶ αὐτοὶ σπουδαῖοι κατ ἐκείνους καὶ φέρει παράδειγμα πρὸς τοῦτο πάλιν τὴν ὑγίειαν ὡς γὰρ βουλόμενοι ὑγιαίνειν οὐ μανθάνομεν διὰ τοῦτο ἰατρικὴν ἀλλ ἱκανὸν ἡμῖν πρὸς ὑγίειαν τὸ ἰατροῖς πείθεσθαι οὕ τως ἱκανῶς ἂν ἔχοιμεν πρὸς ἀρετῆς κτῆσιν τοῖς σπουδαίοις πειθόμενοι ταῦτ εἰπὼν ἀπορεῖ ἐφεξῆς καὶ περὶ τῆς πρὸς ἀλλήλας σχέσεως σοφίας τε καὶ φρονήσεως κατὰ τὸ κρεῖττον καὶ χεῖρον δοκεῖ γὰρ ἄτοπον εἶναι εἰ χείρων τῆς σοφίας οὖσα κυριωτέρα αὐτῆς ἔσται ὡς ἄτοπον ἐπιφέρων τὸ κρείττω εἶναι	Aristotle	Eustratius of Nicaea	Ethica Nicomachea	In Ethica Nicomachea VI	
tlg0086.tlg010	1/#37	ancient_classical	4031.003	/264#1	11th_12th	0.068	8	13	εἶναι τοῦτ εἰρημένον ἀλλὰ καὶ διωρισμένον τίς ἐστιν ὁ ὀρθὸς λόγος καὶ τούτου τίς ὅρος μετὰ δὲ ταῦτα λεκτέον ἄλλην ποιησαμένους	ψυχῆς ἕξεις μὴ μόνον ἀλη θῶς εἶναι τοῦτ εἰρημένον ἀλλὰ καὶ τὸ διωρισμένον τίς τέ ἐστιν ὁ ὀρθὸς λόγος καὶ τούτου τίς ὅρος Εἰ καὶ ἀληθές φησι τὸ οὕτω	Aristotle	Eustratius of Nicaea	Ethica Nicomachea	In Ethica Nicomachea VI	
tlg0086.tlg010	2/#23	ancient_classical	4031.003	/277#1	11th_12th	0.0653	13	13	ἀρετὴ πρὸς τὸ ἔργον τὸ οἰκεῖον τρία δή ἐστιν ἐν τῇ ψυχῇ τὰ κύρια πράξεως καὶ ἀληθείας αἴσθησις νοῦς ὄρεξις τούτων δ ἡ αἴσθησις οὐδεμιᾶς ἀρχὴ	τούτων ὡς ἔνι ποιησώμεθα δια σάφησιν Τρία δ ἐστὶν ἐν τῇ ψυχῇ τὰ κύρια πράξεως καὶ ἀληθείας αἴσθησις νοῦς ὄρεξις	Aristotle	Eustratius of Nicaea	Ethica Nicomachea	In Ethica Nicomachea VI	
tlg0086.tlg010	2/#25	ancient_classical	4031.003	/285#3	11th_12th	0.1027	13	13	εὐπραξία τέλος ἡ δ ὄρεξις τούτου διὸ ἢ ὀρεκτικὸς νοῦς ἡ προαίρεσις ἢ ὄρεξις διανοητική καὶ ἡ τοιαύτη ἀρχὴ ἄνθρωπος οὐκ ἔστι δὲ προαιρετὸν οὐδὲν	ἀποπερατώσας κατὰ τὸ δέον διὸ ἢ ὀρεκτικὸς νοῦς ἡ προαίρεσις ἢ ὄρεξις διανοητική καὶ ἡ τοιαύτη ἀρχὴ ἄν θρωπος ἐπεί φησίν ἡ προαίρεσις	Aristotle	Eustratius of Nicaea	Ethica Nicomachea	In Ethica Nicomachea VI	
tlg0086.tlg010	2/#26	ancient_classical	4031.003	/286#1	11th_12th	0.0686	9	15	προαιρεῖται Ἴλιον πεπορθηκέναι οὐδὲ γὰρ βουλεύεται περὶ τοῦ γεγονότος ἀλλὰ περὶ τοῦ ἐσομένου καὶ ἐνδεχομένου τὸ δὲ γεγονὸς οὐκ ἐνδέχεται μὴ γενέσθαι διὸ	δὲ προαιρετὸν οὐθὲν γεγονός οἷον οὐθεὶς προαιρεῖται Ἴλιον πεπορθηκέναι οὐ γὰρ βουλεύεται περὶ τοῦ γεγονότος ἀλλὰ τοῦ ἐσομένου καὶ ἐνδεχομένου τὸ δὲ	Aristotle	Eustratius of Nicaea	Ethica Nicomachea	In Ethica Nicomachea VI	
tlg0086.tlg010	3/#3	ancient_classical	4031.003	/310#1	11th_12th	0.0346	15	15	καὶ λύπας ἐστὶν ἡ ἠθικὴ ἀρετή διὰ μὲν γὰρ τὴν ἡδονὴν τὰ φαῦλα πράττομεν διὰ δὲ τὴν λύπην τῶν καλῶν ἀπεχόμεθα διὸ δεῖ ἦχθαί πως εὐθὺς ἐκ νέων ὡς	ὡς καὶ πρότερον εἴρη ται ἔφη διὰ μὲν γὰρ τὴν ἡδονὴν τὰ φαῦλα αἱρούμεθα διὰ δὲ τὴν λύπην τῶν καλῶν ἀπεχόμεθα λέγει δὲ καὶ Πλάτων ἐν Νόμοις οὐκοῦν ἕνα	Aristotle	Eustratius of Nicaea	Ethica Nicomachea	In Ethica Nicomachea VI	
tlg0086.tlg010	3/#29	ancient_classical	4031.003	/295#2	11th_12th	0.0639	13	13	ὁ δὲ συλλογισμὸς ἐκ τῶν καθόλου εἰσὶν ἄρα ἀρχαὶ ἐξ ὧν ὁ συλλογισμός ὧν οὐκ ἔστι συλλογισμός ἐπαγωγὴ ἄρα ἡ μὲν ἄρα ἐπιστήμη ἐστὶν ἕξις	ἀρχῶν ἀποδεικνυμένων διὸ καὶ ἐπάγει συμπεραινόμενος Εἰσὶν ἄρα ἀρχαὶ ἐξ ὧν ὁ συλλογισμός ὧν οὐκ ἔστι συλλογισμός ἐπαγωγὴ ἄρα Τοῦτο πρὸς πίστωσιν εἴρηται τοῦ εἶναι	Aristotle	Eustratius of Nicaea	Ethica Nicomachea	In Ethica Nicomachea VI	
tlg0086.tlg010	7/#28	ancient_classical	4031.003	/328#1	11th_12th	0.0136	8	15	προνοητικήν φανερὸν δὲ καὶ ὅτι οὐκ ἂν εἴη ἡ σοφία καὶ ἡ πολιτικὴ ἡ αὐτή εἰ γὰρ τὴν περὶ τὰ ὠφέλιμα τὰ αὑτοῖς ἐροῦσι σοφίαν πολλαὶ ἔσονται	φύσει προσοῦσαι αὐτοῖς Φανερὸν δ εἴη ὅτι οὐκ ἂν εἴη ἡ πολιτικὴ καὶ ἡ σο φία ἡ αὐτή εἰ γὰρ τὴν περὶ τὰ ὠφέλιμα	Aristotle	Eustratius of Nicaea	Ethica Nicomachea	In Ethica Nicomachea VI	
tlg0086.tlg010	7/#29	ancient_classical	4031.003	/335#3	11th_12th	0.1618	9	16	εἰδείη ὅτι τὰ κοῦφα εὔπεπτα κρέα καὶ ὑγιεινά ποῖα δὲ κοῦφα ἀγνοοῖ οὐ ποιήσει ὑγίειαν ἀλλ ὁ εἰδὼς ὅτι τὰ ὀρνίθεια κοῦφα καὶ ὑγιεινὰ ποιήσει μᾶλλον ἡ δὲ	ἁπλῶς ὅτι τὰ κοῦφα κρέα εὔπεπτα καὶ ὑγιεινά ποῖα δὲ κοῦφα ἀγνοεῖ οὐ ποιήσει ὑγείαν ὅτι ἁπλῶς μὲν οἶδεν ὑγιεινὰ εἶναι τὰ κοῦφα κρέα ἀγνοῶν δὲ ποῖα τὰ κοῦφα ἀγνοεῖ ποίοις ὡς κούφοις πρὸς ὑγείαν χρήσεται καὶ ἢ οὐδ ὅλως χρήσεται κρέασι διὰ τὴν ἄγνοιαν φόβῳ τοῦ μὴ χρήσασθαι οἷς οὐ δεῖ ἢ ἴσως ὡς κοῦφα τὰ βαρέα παραλήψεται ἀλλὰ τὸ μερικώτερον ἐξ ἐμπειρίας εἰδώς οἷον τὰ ὀρνίθεια κοῦφα καὶ ὑγιεινὰ ποιήσει ὑγείαν μέχρι τούτου ἡ μείζων πρότασις	Aristotle	Eustratius of Nicaea	Ethica Nicomachea	In Ethica Nicomachea VI	
tlg0086.tlg010	7/#30	ancient_classical	4031.003	/335#3	11th_12th	0.1393	9	16	κοῦφα εὔπεπτα κρέα καὶ ὑγιεινά ποῖα δὲ κοῦφα ἀγνοοῖ οὐ ποιήσει ὑγίειαν ἀλλ ὁ εἰδὼς ὅτι τὰ ὀρνίθεια κοῦφα καὶ ὑγιεινὰ ποιήσει μᾶλλον ἡ δὲ φρόνησις πρακτική ὥστε	ἁπλῶς ὅτι τὰ κοῦφα κρέα εὔπεπτα καὶ ὑγιεινά ποῖα δὲ κοῦφα ἀγνοεῖ οὐ ποιήσει ὑγείαν ὅτι ἁπλῶς μὲν οἶδεν ὑγιεινὰ εἶναι τὰ κοῦφα κρέα ἀγνοῶν δὲ ποῖα τὰ κοῦφα ἀγνοεῖ ποίοις ὡς κούφοις πρὸς ὑγείαν χρήσεται καὶ ἢ οὐδ ὅλως χρήσεται κρέασι διὰ τὴν ἄγνοιαν φόβῳ τοῦ μὴ χρήσασθαι οἷς οὐ δεῖ ἢ ἴσως ὡς κοῦφα τὰ βαρέα παραλήψεται ἀλλὰ τὸ μερικώτερον ἐξ ἐμπειρίας εἰδώς οἷον τὰ ὀρνίθεια κοῦφα καὶ ὑγιεινὰ ποιήσει ὑγείαν μέχρι τούτου ἡ μείζων πρότασις	Aristotle	Eustratius of Nicaea	Ethica Nicomachea	In Ethica Nicomachea VI	
tlg0086.tlg010	9/#19	ancient_classical	4031.003	/353#1	11th_12th	0.0304	13	13	μέχρι τοῦ διὰ τοῦτ ἀνθρώπινόν ἐστιν τὸ ζητεῖν δὲ καὶ τὸ βουλεύεσθαι διαφέρει τὸ γὰρ βουλεύεσθαι ζητεῖν τι ἐστίν δεῖ δὲ λαβεῖν καὶ περὶ εὐβουλίας	Τὸ ζητεῖν δὲ καὶ τὸ βουλεύεσθαι διαφέρει τὸ γὰρ βουλεύεσθαι ζητεῖν τί ἐστι Διδάξας ἱκανῶς ἤδη περὶ τῶν πέντε	Aristotle	Eustratius of Nicaea	Ethica Nicomachea	In Ethica Nicomachea VI	
tlg0086.tlg010	11/#12	ancient_classical	4031.003	/381#2	11th_12th	0.0154	8	12	τῆς φύσεως αἰτίας οὔσης διὸ καὶ ἀρχὴ καὶ τέλος νοῦς ἐκ τούτων γὰρ αἱ ἀποδείξεις καὶ περὶ τούτων ὥστε δεῖ προσέχειν τῶν ἐμπείρων καὶ	γνώσει ἑαυτοῦ περιγράφοντος διὰ τοῦ το ἀρχὴ καὶ τέλος νοῦς ἐκεῖ μὲν θεωρητικός διότι καὶ τὸ τέλος ἐκεῖ γνῶσις οὐ πρᾶξις ἐνταῦθα δὲ πρακτικός ὅτι τὸ τέλος πρᾶξις ἀρχὴ δ ὁ νοῦς ὡς ποιητικὴ δηλονότι τῶν ἀποδείξεων καὶ ἀποτελεστική ἐκεῖ μέν ἵνα μόνον τὸ ἀληθὲς θεωρήσωμεν ἐνταῦθα δέ ἵνα καὶ τὸ πρακτέον ἑλώ μεθα καὶ ἐνεργήσωμεν κατορθοῦντες ἐν πράξεσιν ἢ ἀρχὴ καὶ τέλος ὡς πρῶτον καὶ ἔσχατον ἀρχὴ μὲν ὡς πρῶτος ὁ θεωρητικὸς νοῦς ὅτι τῶν καθόλου ἐστί τέλος δὲ ὡς ἔσχατον ὁ πρακτικός ὅτι τῶν καθ ἕκαστα ἐκ τούτων γὰρ αἱ ἀποδείξεις καὶ περὶ τούτων ἐκ τούτων μὲν τῆς ἀρχῆς καὶ	Aristotle	Eustratius of Nicaea	Ethica Nicomachea	In Ethica Nicomachea VI	
tlg0086.tlg010	12/#9	ancient_classical	4031.003	/391#2	11th_12th	0.0887	11	11	ποιεῖ ἡ ἀρετή τὸ δ ὅσα ἐκείνης ἕνεκα πέφυκε πράττεσθαι οὐκ ἔστι τῆς ἀρετῆς ἀλλ ἑτέρας δυνάμεως λεκτέον δ ἐπιστήσασι σαφέστερον περὶ αὐτῶν	ἐκείνης ἕνεκα πέφυκε πράττεσθαι οὐκ ἔστι τῆς ἀρετῆς ἀλλ ἑτέρας δυνάμεως Ἐντεῦθεν ἄρχεται δεῖξαι πῶς ἀναγκαία ἡ φρόνησις τοῖς ζῆν καὶ πράτ τειν βουλομένοις κατ ἀρετήν φησὶ τοίνυν ὅτι ἡ μὲν ἀρετὴ ὀρθῶς ποιεῖ τὴν προαίρεσίν πως ὅτι ἐν ἕξει τοῦ ἀγαθοῦ τῶν ἐν ἡμῖν ὀρεκτῶν γενο μένων δυνάμεων ἤγουν θυμοῦ καὶ ἐπιθυμίας ὀρθοῦται καὶ ἡ προαίρεσις τὸ μὲν πονηρὸν ἀποτρεπομένη ἀεὶ δὲ τἀγαθὸν προτιθεμένη καὶ μη δέποτε διαστρεφομένη πρὸς τοὐναντίον οὐκ ἔστι δ αὐτοτελὴς ἡ τοῦ ἀγα θοῦ ὄρεξις δεῖ δὲ αὐτῇ τρόπων καὶ ἐπινοιῶν δι ὧν τοῦ ὀρεκτοῦ ἐφι κέσθαι δυνήσεται ὅσα οὖν φησί φύσιν ἔχει πράττεσθαι ἕνεκα τῆς προ αιρέσεως ἤγουν τοῦ τῇ προαιρέσει ὀρεκτοῦ ὃ αὐτὴ προείλετο καὶ προτε τίμηκεν οὐκ ἔστι τῆς ἀρετῆς ἀλλ ἑτέρας δυνάμεως ἡ γὰρ πρακτικὴ ἀρετὴ περὶ ἧς	Aristotle	Eustratius of Nicaea	Ethica Nicomachea	In Ethica Nicomachea VI	
tlg0086.tlg010	13/#8	ancient_classical	4031.003	/402#2	11th_12th	0.059	9	18	εἰπόντες καὶ πρὸς ἅ ἐστι τὴν κατὰ τὸν ὀρθὸν λόγον ὀρθὸς δ ὁ κατὰ τὴν φρόνησιν ἐοίκασι δὴ μαντεύεσθαί πως ἅπαντες ὅτι ἡ τοιαύτη ἕξις ἀρετή ἐστιν ἡ κατὰ τὴν φρόνησιν δεῖ δὲ μικρὸν μεταβῆναι ἔστι γὰρ οὐ μόνον ἡ κατὰ τὸν ὀρθὸν λόγον ἀλλ ἡ μετὰ τοῦ ὀρθοῦ λόγου ἕξις ἀρετή ἐστιν ὀρθὸς δὲ	πείσεις ἵνα κατ ἀρετὴν γίνοιντο καὶ ἡ μετὰ τοῦ ὀρθοῦ λόγου ἕξις ἀρετή ἐστιν ὁ δὲ περὶ πράξεων καὶ παθῶν διαταττόμενος λόγος	Aristotle	Eustratius of Nicaea	Ethica Nicomachea	In Ethica Nicomachea VI	
tlg0086.tlg010	4/#15	ancient_classical	4031.003	/298#3	11th_12th	0.0743	8	13	περὶ αὐτῶν καὶ τοῖς ἐξωτερικοῖς λόγοις ὥστε καὶ ἡ μετὰ λόγου ἕξις πρακτικὴ ἕτερόν ἐστι τῆς μετὰ λόγου ποιητικῆς ἕξεως διὸ οὐδὲ περιέχεται ὑπ ἀλλήλων οὔτε	τοῖς κοινοῖς λόγοις ἀρκούμενος ὥσπερ συμπεραίνων ὥστε καὶ ἡ μετὰ λόγου πρακτικὴ ἕτερόν ἐστι τῆς μετὰ λόγου ποιητικῆς ἕξεως ἄλλο πρακτικὴ καὶ ἄλλο πρᾶξις καὶ	Aristotle	Eustratius of Nicaea	Ethica Nicomachea	In Ethica Nicomachea VI	
tlg0086.tlg010	4/#15	ancient_classical	4031.003	/298#1	11th_12th	0.0443	11	11	ἴσον ἔχειν καὶ πρότερον καὶ ὕστερον τοῦ δ ἐνδεχομένου ἄλλως ἔχειν ἔστι τι καὶ ποιητὸν καὶ πρακτόν ἕτερον δ ἐστὶ ποίησις καὶ πρᾶξις	ἐπιστήμης διωρίσθω τὸν τρόπον τοῦ τον τοῦ δ ἐνδεχομένου ἄλλως ἔχειν ἔστι τι καὶ ποιητὸν καὶ πρακτόν Μετὰ τὸν περὶ ἐπιστήμης λόγον μέτεισιν ἐπὶ τὴν τέχνην παριστῶν καὶ αὐτὴν τί τέ ἐστι καὶ τί διαφέρει τῶν ἄλλων ἕξεων αἳ ἀπηρίθμηνται ὥσπερ δ ἐπὶ τῆς ἐπιστήμης ἐποίησε τὸ αὐτῆς προχειρισάμενος ὑποκείμε νον καὶ παραστήσας τὴν αὐτῆς ἰδιότητα οὕτω καὶ ἐπὶ τῆς τέχνης ποιεῖ παραλαμβάνων τὸ ἐνδεχόμενον καὶ διαιρῶν τοῦτο εἰς τὸ ποιητὸν καὶ πρα κτόν καὶ τὸ μὲν ποιητὸν τῇ τέχνῃ ἀποδίδωσι τῇ πράξει δὲ τὸ πρακτόν κἀντεῦθεν τὴν πρᾶξιν καὶ τὴν τέχνην δεικνύων τί ἀλλήλων διενηνόχασι καὶ οὕτω τὰ ἴδια τῆς τέχνης ὡς πρὸς τὴν πρᾶξιν ἐκλεγόμενος καὶ αὐ τὴν ὁριζόμενος ἄρχεται μὲν οὕτως τοῦ λόγου τοῦ δ ἐνδεχομένου ἄλλως ἔχειν ἔστι	Aristotle	Eustratius of Nicaea	Ethica Nicomachea	In Ethica Nicomachea VI	
tlg0086.tlg010	5/#27	ancient_classical	4031.003	/332#1	11th_12th	0.0464	11	11	καὶ ὅλως ἂν εἴη φρόνιμος ὁ βουλευτικός βουλεύεται δ οὐθεὶς περὶ τῶν ἀδυνάτων ἄλλως ἔχειν οὐδὲ τῶν μὴ ἐνδεχομένων αὐτῷ πρᾶξαι ὥστ εἴπερ ἐπιστήμη	τοῦτ ἔργον εἶναί φαμεν τὸ εὖ βουλεύεσθαι βουλεύεται δ οὐθεὶς περὶ τῶν ἀδυνάτων ἄλλως ἔχειν οὐδ ὅσων μὴ τέλος τί ἐστι καὶ τοῦτο πρακτὸν	Aristotle	Eustratius of Nicaea	Ethica Nicomachea	In Ethica Nicomachea VI	
tlg0086.tlg010	5/#28	ancient_classical	4031.003	/307#3	11th_12th	0.0374	8	8	ἀγαθὰ καὶ κακά τῆς μὲν γὰρ ποιήσεως ἕτερον τὸ τέλος τῆς δὲ πράξεως οὐκ ἂν εἴη ἔστι γὰρ αὐτὴ ἡ	διὰ τοῦτο εἶπεν ὅτι τῆς μὲν ποιήσεως ἕτερον τὸ τέλος τῆς δὲ πράξεως οὐκ ἀεί πᾶσα πὰρ ποίησις ἔχει ποίημα	Aristotle	Eustratius of Nicaea	Ethica Nicomachea	In Ethica Nicomachea VI	
tlg0086.tlg010	5/#29	ancient_classical	4031.003	/312#2	11th_12th	0.046	11	11	λόγου ἀληθῆ περὶ τὰ ἀνθρώπινα ἀγαθὰ πρακτικήν ἀλλὰ μὴν τέχνης μὲν ἔστιν ἀρετή φρονήσεως δ οὐκ ἔστιν καὶ ἐν μὲν τέχνῃ ὁ ἑκὼν	τὸ ἀληθὲς θεωρητικὸς μόνον ἐστίν οὐ πρακτικός Ἀλλὰ μὴν τέχνης μὲν ἔστιν ἀρετή φρονήσεως δ οὐκ ἔστιν Ἕτερον ἐπιχείρημα διϊστῶν καὶ αὐτὸ ἀπὸ	Aristotle	Eustratius of Nicaea	Ethica Nicomachea	In Ethica Nicomachea VI	
tlg0086.tlg010	5/#29	ancient_classical	4031.003	/312#3	11th_12th	0.0527	11	11	λόγου ἀληθῆ περὶ τὰ ἀνθρώπινα ἀγαθὰ πρακτικήν ἀλλὰ μὴν τέχνης μὲν ἔστιν ἀρετή φρονήσεως δ οὐκ ἔστιν καὶ ἐν μὲν τέχνῃ ὁ ἑκὼν	οὐ πρακτικός Ἀλλὰ μὴν τέχνης μὲν ἔστιν ἀρετή φρονήσεως δ οὐκ ἔστιν Ἕτερον ἐπιχείρημα διϊστῶν καὶ αὐτὸ ἀπὸ	Aristotle	Eustratius of Nicaea	Ethica Nicomachea	In Ethica Nicomachea VI	
tlg0086.tlg010	7/#27	ancient_classical	4031.003	/328#1	11th_12th	0.0136	8	15	φαίνεται δύναμιν προνοητικήν φανερὸν δὲ καὶ ὅτι οὐκ ἂν εἴη ἡ σοφία καὶ ἡ πολιτικὴ ἡ αὐτή εἰ γὰρ τὴν περὶ τὰ ὠφέλιμα τὰ αὑτοῖς ἐροῦσι σοφίαν	φύσει προσοῦσαι αὐτοῖς Φανερὸν δ εἴη ὅτι οὐκ ἂν εἴη ἡ πολιτικὴ καὶ ἡ σο φία ἡ αὐτή εἰ γὰρ τὴν περὶ τὰ ὠφέλιμα	Aristotle	Eustratius of Nicaea	Ethica Nicomachea	In Ethica Nicomachea VI	
tlg0086.tlg010	9/#20	ancient_classical	4031.003	/358#1	11th_12th	0.0462	8	12	οὐ ζήτησις ἀλλὰ φάσις τις ἤδη ὁ δὲ βουλευόμενος ἐάν τε εὖ ἐάν τε καὶ κακῶς βουλεύηται ζητεῖ τι καὶ λογίζεται ἀλλ ὀρθότης τίς ἐστιν ἡ εὐβουλία	εὐβουλίᾳ οὐ πρόσεστιν ὡς πολλάκις εἴρηται Ὁ δὲ βουλευόμενος ἐάν τε εὖ ἐάν τε κακῶς βουλεύη ται ζητεῖ τι καὶ λογίζεται Ἀπὸ τῆς εὐβουλίας εἰς τὴν βουλὴν	Aristotle	Eustratius of Nicaea	Ethica Nicomachea	In Ethica Nicomachea VI	
tlg0086.tlg010	9/#21	ancient_classical	4031.003	/363#4	11th_12th	0.188	10	15	οὗ δεῖ καὶ ὣς καὶ ὅτε ἔτι ἔστι καὶ ἁπλῶς εὖ βεβουλεῦσθαι καὶ πρός τι τέλος ἣ μὲν δὴ ἁπλῶς ἡ πρὸς τὸ τέλος τὸ ἁπλῶς κατορθοῦσα τὶς δὲ ἡ πρός τι	ῥητέον τὰ εἰκότα καὶ ἐπ αὐτῇ ἔτι ἔστι καὶ ἁπλῶς εὖ βεβουλεῦσθαι καὶ πρός τι τέλος τὸ ἁπλῶς εὖ βεβουλεῦσθαι περὶ τοῦ κοινοῦ τέλους	Aristotle	Eustratius of Nicaea	Ethica Nicomachea	In Ethica Nicomachea VI	
tlg0086.tlg010	3/#28	ancient_classical	4031.003	/295#1	11th_12th	0.0305	9	13	ἀναλυτικοῖς λέγομεν ἣ μὲν γὰρ δι ἐπαγωγῆς ἣ δὲ συλλογισμῷ ἡ μὲν δὴ ἐπαγωγὴ ἀρχή ἐστι καὶ τοῦ καθόλου ὁ δὲ	ἐπαγωγῆς ἡ δὲ συλλογισμῷ ἐπιστήμη μὲν γάρ πως καὶ ἡ τῶν ἀρχῶν κατάληψις ἐπιστήμη δὲ καὶ ἡ ἐκ τῶν ἀρχῶν συνισταμένη ἀποδεί ξεις μέσῳ τῷ αἰτίῳ χρωμένη τοῦ πράγματος καὶ δι αὐτοῦ συνιστῶσα τὸ συναγόμενον ἀλλ ἄλλως μὲν ἡ τῶν ἀρχῶν κατάληψις γίνεται ἄλλως δὲ ἡ ἐξ αὐτῶν γνῶσις τῶν συμπερασμάτων ἡμῖν ἐπέρχεται καὶ τὴν διαφο ρὰν ἐπάγει αὐτὸς οὑτωσὶ λέγων ἡ μὲν δὴ ἐπαγωγὴ ἀρχή ἐστι καὶ τοῦ καθόλου τὴν διαφορὰν ὡς ἐν τούτοις παρίστησι	Aristotle	Eustratius of Nicaea	Ethica Nicomachea	In Ethica Nicomachea VI	
tlg0086.tlg010	3/#29	ancient_classical	4031.003	/295#3	11th_12th	0.0354	8	11	συλλογισμὸς ἐκ τῶν καθόλου εἰσὶν ἄρα ἀρχαὶ ἐξ ὧν ὁ συλλογισμός ὧν οὐκ ἔστι συλλογισμός ἐπαγωγὴ ἄρα ἡ μὲν ἄρα ἐπιστήμη ἐστὶν ἕξις	ὁ συλλογισμός ὧν οὐκ ἔστι συλλογισμός ἐπαγωγὴ ἄρα Τοῦτο πρὸς πίστωσιν εἴρηται τοῦ εἶναι καὶ ἑτέραν ἐπιστήμην παρὰ τὴν διὰ συλλογισμοῦ γινομένην ἣ καὶ ἀπόδειξις λέγεται καὶ ἔστιν αὕτη ἡ τῆς ἀποδείξεως ἑτερότροπος ἁρμοδία ταῖς ἀρχαῖς ἐξ ὧν ὁ συλλογισμός καὶ διαβεβαιοῦται ἐκ τούτου τὸ εἶναι	Aristotle	Eustratius of Nicaea	Ethica Nicomachea	In Ethica Nicomachea VI	
tlg0086.tlg010	3/#29	ancient_classical	4031.003	/296#3	11th_12th	0.0584	10	10	ὅσα ἄλλα προσδιοριζόμεθα ἐν τοῖς ἀναλυτικοῖς ὅταν γάρ πως πιστεύῃ καὶ γνώριμοι αὐτῷ ὦσιν αἱ ἀρχαί ἐπίσταται εἰ γὰρ μὴ μᾶλλον τοῦ συμπεράσματος	γνῶσιν συνισταμένην ἐκ τῶν καθ ἕκαστα Ὅταν γάρ φησί πιστεύῃ καὶ γνώριμοι αὐτῷ ὦσιν αἱ ἀρχαί ἐπίσταται Τοῦτό ἐστιν ὃ λέγει ὅτι ἐπεὶ	Aristotle	Eustratius of Nicaea	Ethica Nicomachea	In Ethica Nicomachea VI	
tlg0086.tlg010	3/#29	ancient_classical	4031.003	/295#1	11th_12th	0.0332	9	13	ἀναλυτικοῖς λέγομεν ἣ μὲν γὰρ δι ἐπαγωγῆς ἣ δὲ συλλογισμῷ ἡ μὲν δὴ ἐπαγωγὴ ἀρχή ἐστι καὶ τοῦ καθόλου ὁ δὲ συλλογισμὸς ἐκ τῶν καθόλου	ἐπαγωγῆς ἡ δὲ συλλογισμῷ ἐπιστήμη μὲν γάρ πως καὶ ἡ τῶν ἀρχῶν κατάληψις ἐπιστήμη δὲ καὶ ἡ ἐκ τῶν ἀρχῶν συνισταμένη ἀποδεί ξεις μέσῳ τῷ αἰτίῳ χρωμένη τοῦ πράγματος καὶ δι αὐτοῦ συνιστῶσα τὸ συναγόμενον ἀλλ ἄλλως μὲν ἡ τῶν ἀρχῶν κατάληψις γίνεται ἄλλως δὲ ἡ ἐξ αὐτῶν γνῶσις τῶν συμπερασμάτων ἡμῖν ἐπέρχεται καὶ τὴν διαφο ρὰν ἐπάγει αὐτὸς οὑτωσὶ λέγων ἡ μὲν δὴ ἐπαγωγὴ ἀρχή ἐστι καὶ τοῦ καθόλου τὴν διαφορὰν ὡς ἐν τούτοις παρίστησι	Aristotle	Eustratius of Nicaea	Ethica Nicomachea	In Ethica Nicomachea VI	
tlg0086.tlg010	4/#16	ancient_classical	4031.003	/298#3	11th_12th	0.0843	8	16	ἡ μετὰ λόγου ἕξις πρακτικὴ ἕτερόν ἐστι τῆς μετὰ λόγου ποιητικῆς ἕξεως διὸ οὐδὲ περιέχεται ὑπ ἀλλήλων οὔτε γὰρ ἡ πρᾶξις ποίησις οὔτε ἡ ποίησις πρᾶξίς ἐστιν ἐπεὶ δ ἡ οἰκοδομικὴ τέχνη τίς ἐστι καὶ ὅπερ ἕξις τις μετὰ λόγου ποιητική καὶ οὐδεμία οὔτε τέχνη ἐστὶν ἥτις οὐ μετὰ λόγου ποιητικὴ ἕξις ἐστίν οὔτε τοιαύτη ἣ οὐ τέχνη	συμπεραίνων ὥστε καὶ ἡ μετὰ λόγου πρακτικὴ ἕτερόν ἐστι τῆς μετὰ λόγου ποιητικῆς ἕξεως ἄλλο πρακτικὴ καὶ ἄλλο πρᾶξις καὶ	Aristotle	Eustratius of Nicaea	Ethica Nicomachea	In Ethica Nicomachea VI	
tlg0086.tlg010	4/#17	ancient_classical	4031.003	/301#1	11th_12th	0.0248	9	9	κατὰ φύσιν ἐν αὑτοῖς γὰρ ἔχουσι ταῦτα τὴν ἀρχήν ἐπεὶ δὲ ποίησις καὶ πρᾶξις ἕτερον	γινομένων ἡ τέχνη ἐστὶν οὔτε τῶν κατὰ φύσιν ἐν αὑτοῖς γὰρ ἔχουσι ταῦτα τὴν ἀρχήν Διὰ τοῦτο φησί περὶ γένεσιν λέγομεν	Aristotle	Eustratius of Nicaea	Ethica Nicomachea	In Ethica Nicomachea VI	
tlg0086.tlg010	5/#26	ancient_classical	4031.003	/303#3	11th_12th	0.0561	10	10	τοὺς φρονίμους δοκεῖ δὴ φρονίμου εἶναι τὸ δύνασθαι καλῶς βουλεύσασθαι περὶ τὰ αὑτῷ ἀγαθὰ καὶ συμφέροντα οὐ κατὰ μέρος οἷον ποῖα πρὸς	ἀρχήν δοκεῖ γὰρ φρονίμου ἴδιον ἀνθρώπου τὸ δύνασθαι καλῶς βουλεύσασθαι περὶ τὰ αὐτῷ ἀγαθὰ καὶ συμφέροντα ἐπεὶ δὲ πολλὰ τοιαῦτά ἐστι καὶ	Aristotle	Eustratius of Nicaea	Ethica Nicomachea	In Ethica Nicomachea VI	
tlg0086.tlg010	5/#27	ancient_classical	4031.003	/303#3	11th_12th	0.0574	10	10	τοὺς φρονίμους δοκεῖ δὴ φρονίμου εἶναι τὸ δύνασθαι καλῶς βουλεύσασθαι περὶ τὰ αὑτῷ ἀγαθὰ καὶ συμφέροντα οὐ κατὰ μέρος οἷον ποῖα πρὸς	ἀρχήν δοκεῖ γὰρ φρονίμου ἴδιον ἀνθρώπου τὸ δύνασθαι καλῶς βουλεύσασθαι περὶ τὰ αὐτῷ ἀγαθὰ καὶ συμφέροντα ἐπεὶ δὲ πολλὰ τοιαῦτά ἐστι καὶ	Aristotle	Eustratius of Nicaea	Ethica Nicomachea	In Ethica Nicomachea VI	
tlg0086.tlg010	7/#26	ancient_classical	4031.003	/319#3	11th_12th	0.036	10	10	ἀρετὴ τέχνης ἐστίν εἶναι δέ τινας σοφοὺς οἰόμεθα ὅλως οὐ κατὰ μέρος οὐδ ἄλλο τι σοφούς ὥσπερ Ὅμηρός φησιν ἐν τῷ Μαργίτῃ	ἀρετήν ἄλλην δέ φησιν εἶναι σοφίαν ὅλως οὐ κατὰ μέρος τουτέστιν οὐ κατὰ τήνδε τὴν ὕλην ἢ τήνδε ἀλλ ἁπλῶς καὶ καθόλου πιστοῦται δὲ καὶ τοῦτο ἐκ τῆς κοινῆς ὑπολήψεως εἶναι γάρ φησι σοφοὺς οἰόμεθα ὅλως οὐ κατὰ μέρος οὐδὲ ἄλλο τι σοφούς καὶ σκόπει πῶς τὸ ὅλως καὶ	Aristotle	Eustratius of Nicaea	Ethica Nicomachea	In Ethica Nicomachea VI	
tlg0086.tlg010	7/#29	ancient_classical	4031.003	/333#3	11th_12th	0.0506	10	10	πρακτὸν ἀγαθόν ὁ δ ἁπλῶς εὔβουλος ὁ τοῦ ἀρίστου ἀνθρώπῳ τῶν πρακτῶν στοχαστικὸς κατὰ τὸν λογισμόν οὐδ ἐστὶν ἡ φρόνησις τῶν καθόλου	τὸν ἁπλῶς εὔβουλον τί ἐστιν ὅτι ὁ τοῦ ἀρίστου ἀνθρώπῳ τῶν πρακτικῶν στοχαστικὸς κατὰ τὸν λογισμόν τὸ μὲν στοχαστικὸς τάττων ὡς γένος	Aristotle	Eustratius of Nicaea	Ethica Nicomachea	In Ethica Nicomachea VI	
tlg0086.tlg010	8/#26	ancient_classical	4031.003	/342#3	11th_12th	0.0767	10	10	εὖ ἄνευ οἰκονομίας οὐδ ἄνευ πολιτείας ἔτι δὲ τὰ αὑτοῦ πῶς δεῖ διοικεῖν ἄδηλον καὶ σκεπτέον σημεῖον δ ἐστὶ τοῦ εἰρημένου καὶ	λειπόμενον ἀνθρώπου ὡς θηριῶδες καὶ ἄγριον ἔτι δὲ τὸ αὑτοῦ πῶς δεῖ διοικεῖν ἄδηλον καὶ σκεπτέον καὶ τοῦτο τὸ ἐπιχείρημα δεικτικόν ἐστι	Aristotle	Eustratius of Nicaea	Ethica Nicomachea	In Ethica Nicomachea VI	
tlg0086.tlg010	8/#27	ancient_classical	4031.003	/350#1	11th_12th	0.0545	8	16	τὸ καθόλου ἐν τῷ βουλεύσασθαι ἢ περὶ τὸ καθ ἕκαστον ἢ γὰρ ὅτι πάντα τὰ βαρύσταθμα ὕδατα φαῦλα ἢ ὅτι τοδὶ βαρύσταθμον ὅτι δ ἡ φρόνησις οὐκ ἐπιστήμη φανερόν τοῦ γὰρ ἐσχάτου ἐστίν ὥσπερ εἴρηται τὸ γὰρ πρακτὸν τοιοῦτον ἀντίκειται μὲν δὴ τῷ νῷ ὁ μὲν γὰρ νοῦς τῶν	ἐσχάτου ἐστίν ὥσπερ εἴρηται τὸ γὰρ πρακτὸν τοιοῦτον Τοῦτο ὡς πόρισμα τοῖς προσεχῶς εἰρημένοις ἠκολούθησεν ἔδειξε μὲν γὰρ καὶ ἀνωτέρω τὸ διάφορον ἐπιστήμης καὶ φρονήσεως ἐπεὶ δὲ καὶ νῦν ἀδύνατον ἔδειξε διὰ τῶν προσεχῶς εἰρημένων φρόνιμον εἶναι τὸν νέον διότι ἐμπειρίας δεῖ πρὸς τὴν φρόνησιν ἧς ὁ νέος ἀμέτοχος τὰ δὲ πρακτὰ περὶ ἃ ἡ φρόνησις καθ ἕκαστά ἐστι τὰ δὲ καθ ἕκαστα ἐκ πείρας καὶ ἐμπειρίας καταλαμβάνεται τοῦτο μὲν αὐτῷ συνετέλεσεν εἰς τὸ δεῖξαι μὴ δύνασθαι εἶναι τὸν νέον φρόνιμον ἠκολούθησε δὲ ἐξ ἀνάγκης ἐντεῦθεν καὶ τὸ δῆλον γενέσθαι τὸ εἶναι ἑτέρας ἀλλήλων ἐπιστήμην καὶ φρόνησιν εἴ γε ἡ μὲν ἐπιστήμη περὶ τὰ καθόλου ἡ δὲ φρόνησις περὶ τὰ καθ ἕκαστα καὶ ἄλλως ὅτι ὁ νέος ἐπιστήμων εἶναι δύναται νέος μὲν ὤν φρόνιμος δὲ οὔ διὰ τὸ δεῖσθαι μακροῦ χρόνου καὶ πολλῆς ἐμπειρίας τὴν φρόνησιν Ἀντίκειται μὲν δὴ τῷ	Aristotle	Eustratius of Nicaea	Ethica Nicomachea	In Ethica Nicomachea VI	
tlg0086.tlg010	9/#19	ancient_classical	4031.003	/353#3	11th_12th	0.0162	10	15	τὸ βουλεύεσθαι διαφέρει τὸ γὰρ βουλεύεσθαι ζητεῖν τι ἐστίν δεῖ δὲ λαβεῖν καὶ περὶ εὐβουλίας τί ἐστι πότερον ἐπιστήμη τις ἢ δόξα ἢ εὐστοχία ἢ ἄλλο τι γένος ἐπιστήμη	εἶδος οὖσα ζητή σεως καί τι ζητεῖν τὸ βουλεύεσθαι Δεῖ δὲ διαλαβεῖν καὶ περὶ εὐβουλίας τί ἐστι πότε ρον ἐπιστήμη τις ἢ δόξα ἤ τι ἄλλο γένος Τῷ περὶ φρονήσεως διδάξαντι ἀναγκαῖον ἦν καὶ περὶ εὐβουλίας εἰ πεῖν διότι τῇ φρονήσει ἀναγκαῖόν ἐστι	Aristotle	Eustratius of Nicaea	Ethica Nicomachea	In Ethica Nicomachea VI	
tlg0086.tlg010	11/#10	ancient_classical	4031.003	/371#1	11th_12th	0.0596	10	10	καλουμένη γνώμη καθ ἣν συγγνώμονας καὶ ἔχειν φαμὲν γνώμην ἡ τοῦ ἐπιεικοῦς ἐστὶ κρίσις ὀρθή σημεῖον δέ τὸν γὰρ ἐπιεικῆ μάλιστά φαμεν εἶναι	ἔχειν φαμὲν γνώμην ἡ τοῦ ἐπιεικοῦς ἐστι κρίσις ὀρθή Ἔστι δὲ καὶ ἡ γνώμη μία τις τῶν	Aristotle	Eustratius of Nicaea	Ethica Nicomachea	In Ethica Nicomachea VI	
tlg0086.tlg010	11/#11	ancient_classical	4031.003	/377#4	11th_12th	0.0736	11	11	καὶ ὁ μὲν κατὰ τὰς ἀποδείξεις τῶν ἀκινήτων ὅρων καὶ πρώτων ὁ δ ἐν ταῖς πρακτικαῖς τοῦ ἐσχάτου καὶ	τῶν ἀκινήτων ὅρων καὶ πρώτων ὁ δ ἐν ταῖς πρακτικαῖς τοῦ ἐσχά του καὶ ἐνδεχομένου καὶ τῆς	Aristotle	Eustratius of Nicaea	Ethica Nicomachea	In Ethica Nicomachea VI	
tlg0086.tlg010	13/#9	ancient_classical	4031.003	/404#1	11th_12th	0.0503	8	8	δ οὔπω εἰληφὼς ἔσται τοῦτο γὰρ κατὰ μὲν τὰς φυσικὰς ἀρετὰς ἐνδέχεται καθ ἃς δὲ ἁπλῶς λέγεται ἀγαθός οὐκ ἐνδέχεται	γάρ φησί τὸ οὕτω λεγό μενον κατὰ μὲν τὰς φυσικὰς ἀρετὰς ἐνδέχεται καθ ἃς οὐδὲ λέγεται κυρίως ἀγαθὸς ὁ ἔχων	Aristotle	Eustratius of Nicaea	Ethica Nicomachea	In Ethica Nicomachea VI	
tlg0086.tlg010	7/#30	ancient_classical	4031.003	/336#1	11th_12th	0.034	8	8	δεῖ ἄμφω ἔχειν ἢ ταύτην μᾶλλον εἴη δ ἄν τις καὶ ἐνταῦθα ἀρχιτεκτονική περὶ δὲ τὰς δι ἁφῆς καὶ γεύσεως	τρόπου τοῦ πρώτου σχήματος περαι νόμενοι Εἴη δ ἄν τις καὶ ἐνταῦθα ἀρχιτεκτονική Ἐπεὶ τὴν φρόνησιν εἶπε λόγον καταγινόμενον περὶ	Aristotle	Eustratius of Nicaea	Ethica Nicomachea	In Ethica Nicomachea VI	
tlg0086.tlg010	8/#25	ancient_classical	4031.003	/338#3	11th_12th	0.038	9	13	ἣ δὲ ὡς τὰ καθ ἕκαστα τὸ κοινὸν ἔχει ὄνομα πολιτική αὕτη δὲ πρακτικὴ καὶ βουλευτική τὸ γὰρ ψήφισμα πρακτὸν ὡς τὸ ἔσχατον διὸ πολιτεύεσθαι τούτους μόνον λέγουσιν μόνοι γὰρ πράττουσιν οὗτοι ὥσπερ οἱ χειροτέχναι δοκεῖ δὲ καὶ φρόνησις μάλιστ εἶναι ἡ περὶ αὐτὸν καὶ ἕνα καὶ ἔχει αὕτη τὸ κοινὸν ὄνομα φρόνησις ἐκείνων δὲ ἣ μὲν οἰκονομία ἣ δὲ νομοθεσία ἣ δὲ πολιτική καὶ ταύτης ἣ μὲν βουλευτικὴ ἣ	στοχαζομένη διὸ καὶ τὸ κοινὸν ἔχει ὄνομα φρόνησις καλουμένη κἂν δὲ καὶ τὰς ἄλλας φρονήσεις λέγῃ οὐδὲν ἄτοπον ἐπεὶ κἀκεῖναι περὶ τὰ ἐνδεχόμενα καὶ βουλευτὰ καὶ ἀνθρώποις ὠφέλιμα καταγίνονται ἀλλ ἐπεὶ τῷ πλήθει διάφορα τὰ οἷς ἐστιν ὠφέλι μα καὶ συμβαίνει ταῦτα διάφορα εἶναι καὶ πρὸς αὐτὴν τὴν φρόνησιν καὶ πρὸς ἀλλήλας ὡς ἐντεῦθεν διαφερούσας κατὰ τὰ ὑποκείμενα εἰκότως καὶ διάφορα ἐκ τῶν ὑποκειμένων ὀνόματα ἐκληρώσαντο ἡ μὲν οἰκονομικὴ λε γομένη ὅτι περὶ οἶκον καὶ τοὺς ἐνοικοῦντας αὐτῷ τὴν ἐνέργειαν κέκτηται ἡ δὲ περὶ τοῦ πῶς πολιτευτέον καὶ καθόλου κανόνας ἐκτίθεται ἡ δὲ περὶ πόλεις καὶ τοὺς ἐν αὐτῇ πολιτευομένους ἑαυτὴν ἐπιδείκνυται διὰ τοῦτο ἡ μὲν οἰκονομική ἡ δὲ νομοθεσία ἡ δὲ πολιτικὴ λέγεται διαιρεῖ δὲ καὶ τὴν πολιτικὴν	Aristotle	Eustratius of Nicaea	Ethica Nicomachea	In Ethica Nicomachea VI	
tlg0086.tlg010	9/#20	ancient_classical	4031.003	/357#1	11th_12th	0.025	8	13	τις ἡ ἀγχίνοια οὐδὲ δὴ δόξα ἡ εὐβουλία οὐδεμία ἀλλ ἐπεὶ ὁ μὲν κακῶς βουλευόμενος ἁμαρτάνει ὁ δ εὖ ὀρθῶς βουλεύεται δῆλον ὅτι ὀρθότης τις ἡ εὐβουλία ἐστίν οὔτ ἐπιστήμης δὲ οὔτε δόξης ἐπιστήμης μὲν γὰρ οὐκ ἔστιν ὀρθότης οὐδὲ γὰρ ἁμαρτία δόξης δ ὀρθότης ἀλήθεια ἅμα δὲ καὶ ὥρισται ἤδη πᾶν οὗ δόξα ἐστίν ἀλλὰ μὴν οὐδ ἄνευ λόγου	δὲ δόξα ψευδὴς οὐδέποτε εἰπὼν δὲ οὐδὲ δὴ δόξα ἡ εὐβουλία ἐπήγαγε τὸ οὐδεμία ὅτι διά φορα τὰ γένη τῶν δοξῶν αἱ μὲν γὰρ αὐτῶν συμπεράσματα διανοίας εἰ σίν ἃ καὶ ἐξ ἀναγκαίων προτάσεων περαινόμενα ἀληθῆ καὶ ἀναγκαῖα ὑπάρχουσι εἰσὶ δὲ καὶ ἐξ αἰσθήσεως καὶ φαντασίας ἀποτικτόμεναι αἳ καὶ ψευδεῖς πολλάκις εἰσίν ὡς τὸ δοξάζειν τὴν ἐν τῷ ὕδατι κώπην κε κλασμένην ἄκλαστον οὖσαν καὶ ὑγιῆ τῆς ὄψεως οὔσης κεκλασμένης τῷ σάλῳ τοῦ ὕδατος πολλαὶ γὰρ πλάναι ταῖς φαντασίαις καὶ ταῖς αἰσθήσεσι γίνονται καὶ αἱ ἐξ αὐτῶν πλανωμένων δόξαι ἀποτικτόμεναι πεπλανημέ ναι εἰσὶ καὶ αὐταὶ καὶ ψευδεῖς διὰ τοῦτο δὲ τὴν ἐπιστήμην τῇ δόξῃ συνέταξεν ἐν τῷ δεικνύναι αὐτὰς διαφερούσας τῆς εὐβουλίας διότι πολ λαὶ δόξαι ἐπιστημῶν εἰσι συμπεράσματα καὶ διὰ τοῦτο κοινωνοῦσαι ταῖς ἐπιστήμαις ἅμα δὲ καὶ διώρισται ἤδη πᾶν οὗ δόξα	Aristotle	Eustratius of Nicaea	Ethica Nicomachea	In Ethica Nicomachea VI	
tlg0086.tlg010	10/#15	ancient_classical	4031.003	/366#2	11th_12th	0.0416	8	8	ἢ δόξῃ πάντες γὰρ ἂν ἦσαν συνετοί οὔτε τις μία τῶν κατὰ μέρος ἐπιστημῶν οἷον ἡ ἰατρικὴ περὶ ὑγιεινῶν ἡ	καθόλου ὁ ἐπιστάμενος ἢ δοξάζων ἐτύγχανε συνετὸς οὔτε τις μία τῶν κατὰ μέρος ἐπιστημῶν ἐπιστήμας δὲ ἐνταῦθα κοινῷ λόγῳ καὶ	Aristotle	Eustratius of Nicaea	Ethica Nicomachea	In Ethica Nicomachea VI	
tlg0086.tlg010	11/#12	ancient_classical	4031.003	/381#3	11th_12th	0.0131	8	8	διὸ καὶ ἀρχὴ καὶ τέλος νοῦς ἐκ τούτων γὰρ αἱ ἀποδείξεις καὶ περὶ τούτων ὥστε δεῖ προσέχειν τῶν ἐμπείρων καὶ	ὁ πρακτικός ὅτι τῶν καθ ἕκαστα ἐκ τούτων γὰρ αἱ ἀποδείξεις καὶ περὶ τούτων ἐκ τούτων μὲν τῆς ἀρχῆς καὶ	Aristotle	Eustratius of Nicaea	Ethica Nicomachea	In Ethica Nicomachea VI	
tlg0086.tlg010	3/#28	ancient_classical	4031.003	/289#1	11th_12th	0.0156	9	14	ἄνωθεν περὶ αὐτῶν πάλιν λέγωμεν ἔστω δὴ οἷς ἀληθεύει ἡ ψυχὴ τῷ καταφάναι ἢ ἀποφάναι πέντε τὸν ἀριθμόν ταῦτα δ ἐστὶ τέχνη ἐπιστήμη φρόνησις σοφία νοῦς ὑπολήψει γὰρ καὶ δόξῃ ἐνδέχεται διαψεύδεσθαι ἐπιστήμη μὲν οὖν τί ἐστιν	προστάττων τοῖς ὑπ αὐτοῦ μαθητευομένοις τὸ δὲ οἷς ἀληθεύει ἡ ψυχὴ τῷ ἀποφάναι ἢ καταφάναι πρὸς ἀντιδιαστολὴν εἴρη ται τῆς κατ αἴσθησιν τάχα δὲ καὶ τῆς δόξης αὐτῆς ὅ τε γὰρ ὀρθοδο ξαστικὸς καὶ ὁ ὀρθῶς φανταζόμενος ἢ αἰσθανόμενος ἀπλανῶς ἔχοντες ἀληθεύειν ῥηθήσονται πλὴν οὐχ ὡς ἀποφαινόμενοι ἀλλ ὡς οἰκείως τῇ ὑπάρξει τοῦ γνωστικοῦ διακείμενοι ἡ δ ἐν λόγῳ καὶ συνέσει ἀλήθεια ἀποφάσει χρῆται καὶ καταφάσει καὶ ἀποφάσκει ἀληθῶς καθ ἕνα τρόπον τῶν ἀπηριθμημένων τὸ δὲ ὑπολήψει γὰρ καὶ δόξῃ ἐνδέχεται δια ψεύδεσθαι προσέθηκεν ὅτι τῶν ε	Aristotle	Eustratius of Nicaea	Ethica Nicomachea	In Ethica Nicomachea VI	
tlg0086.tlg010	5/#27	ancient_classical	4031.003	/306#3	11th_12th	0.0531	8	8	ἄλλο τὸ γένος πράξεως καὶ ποιήσεως λείπεται ἄρα αὐτὴν εἶναι ἕξιν ἀληθῆ μετὰ λόγου	φρονήσεως ὅρον συνίστησιν οὕτως ἐπαγαγών λεί πεται ἄρα αὐτὴν εἶναι ἕξιν ἀληθῆ μετὰ λόγου πρακτικὴν περὶ τὰ ἀνθρώπῳ ἀγαθὰ καὶ κακά τὸ μὲν ἕξιν ἀληθῶς μετὰ λόγου κοι νὰ λαμβάνων τῆς ἐπιστήμης τε καὶ τέχνης καὶ τῆς φρονήσεως πᾶσαι γὰρ αἱ ἐνταῦθα ἀπαριθμούμεναι ἕξεις εἰσὶν ἀληθῶς μετὰ λόγου τὸ δὲ πρακτικὴν ὡς μὲν πρὸς	Aristotle	Eustratius of Nicaea	Ethica Nicomachea	In Ethica Nicomachea VI	
tlg0086.tlg010	7/#26	ancient_classical	4031.003	/319#4	11th_12th	0.0409	10	10	ἀρετὴ τέχνης ἐστίν εἶναι δέ τινας σοφοὺς οἰόμεθα ὅλως οὐ κατὰ μέρος οὐδ ἄλλο τι σοφούς ὥσπερ Ὅμηρός φησιν ἐν τῷ Μαργίτῃ	φησι σοφοὺς οἰόμεθα ὅλως οὐ κατὰ μέρος οὐδὲ ἄλλο τι σοφούς καὶ σκόπει πῶς τὸ ὅλως καὶ	Aristotle	Eustratius of Nicaea	Ethica Nicomachea	In Ethica Nicomachea VI	
tlg0086.tlg010	8/#24	ancient_classical	4031.003	/336#2	11th_12th	0.03	12	12	μήτε φυσικὸν μήτ ἀνθρώπινον οὐ συγγνωμονικά ἔστι δὲ καὶ ἡ πολιτικὴ καὶ ἡ φρόνησις ἡ αὐτὴ μὲν ἕξις	ἔσται ἅμα ἀρχιτεκτονικός τε καὶ πρακτικός ἔστι δὲ καὶ ἡ πολιτικὴ καὶ ἡ φρόνησις ἡ αὐτὴ μὲν ἕξις τὸ μέντοι εἶναι οὐ τὸ αὐτὸ αὐταῖς ἡ αὐτὴ μέν ἐστιν ἡ πολιτικὴ καὶ ἡ φρόνησις κατὰ τὸ ἀμφοτέρας ἔχειν ἔργον τὸ	Aristotle	Eustratius of Nicaea	Ethica Nicomachea	In Ethica Nicomachea VI	
tlg0086.tlg010	8/#27	ancient_classical	4031.003	/348#4	11th_12th	0.0613	9	9	τῶν δ αἱ ἀρχαὶ ἐξ ἐμπειρίας καὶ τὰ μὲν οὐ πιστεύουσιν οἱ νέοι ἀλλὰ λέγουσιν τῶν δὲ τὸ τί ἐστιν οὐκ	ἕκαστα ἐξ ἐμπειρίας ἀπαρχομένων τὸ δὲ καὶ τὰ μὲν οὐ πιστεύουσιν οἱ νέοι ἀλλὰ λέγουσι τοιαύτην ἔχει ἔννοιαν ὡς οἱ νέοι	Aristotle	Eustratius of Nicaea	Ethica Nicomachea	In Ethica Nicomachea VI	
tlg0086.tlg010	11/#12	ancient_classical	4031.003	/378#2	11th_12th	0.0033	8	13	καὶ ἐνδεχομένου καὶ τῆς ἑτέρας προτάσεως ἀρχαὶ γὰρ τοῦ οὗ ἕνεκα αὗται ἐκ τῶν καθ ἕκαστα γὰρ τὰ καθόλου τούτων οὖν ἔχειν δεῖ αἴσθησιν αὕτη	νῶς ἔχειν δοκεῖ τῷ εἰσάγοντι ῥήτορι ἀρχαὶ γὰρ τοῦ οὗ ἕνεκα αὗ ται ἐκ τῶν καθ ἕκαστα γὰρ τὸ καθόλου περὶ τῶν μερικῶν προ τάσεων τοῦτό φησιν ὡς δέον ταύτας εἰδέναι πρὸ τῶν καθόλου καὶ δι αὐτῶν πρὸς ἐκείνας ἀνέρχεσθαι καὶ οὕτω διὰ τῶν καθόλου βεβαιοτέρας τὰς μερικὰς ἀπεργάζεσθαι ὡς καὶ Δημοσθένης συμβουλεύων Ἀθηναίοις μὴ σπένδεσθαι Φιλίππῳ τῷ βασιλεῖ ἐδείκνυεν αὐτὸν ἐκ τῶν καθ ἕκαστα ὧν ἔπραττεν Ἀθηναίων ἐπίβουλον καὶ ἐχθρόν	Aristotle	Eustratius of Nicaea	Ethica Nicomachea	In Ethica Nicomachea VI	
tlg0086.tlg010	13/#10	ancient_classical	4031.003	/405#4	11th_12th	0.0844	8	8	τὴν πολιτικὴν φαίη ἄρχειν τῶν θεῶν ὅτι ἐπιτάττει περὶ πάντα τὰ ἐν τῇ πόλει ἀλλὰ μὴν ὅτι καὶ ἡ λύπη	ὅτι ἐπιτάττει περὶ πάντα τὰ ἐν τῇ πόλει Ἕτερον παράδειγμα περὶ τῶν εἰρημένων παράγει	Aristotle	Eustratius of Nicaea	Ethica Nicomachea	In Ethica Nicomachea VI	
tlg0086.tlg010	3/#29	ancient_classical	4031.003	/294#3	11th_12th	0.0321	11	11	ὥσπερ καὶ ἐν τοῖς ἀναλυτικοῖς λέγομεν ἣ μὲν γὰρ δι ἐπαγωγῆς ἣ δὲ συλλογισμῷ ἡ μὲν δὴ	μαθητόν ἐκ προγινωσκομένων δὲ πᾶσα διδασκαλία ὥσπερ καὶ ἐν τοῖς Ἀναλυτικοῖς λέγομεν ἡ μὲν γὰρ δι ἐπαγω γῆς ἡ δὲ συλλογισμῷ Ἕτερον τῆς	Aristotle	Eustratius of Nicaea	Ethica Nicomachea	In Ethica Nicomachea VI	
tlg0086.tlg010	13/#10	ancient_classical	4031.003	/403#3	11th_12th	0.0214	8	8	ἐνδέχεται ἅμα γὰρ τῇ φρονήσει μιᾷ ὑπαρχούσῃ πᾶσαι ὑπάρξουσιν δῆλον δέ κἂν εἰ μὴ πρακτικὴ	ἃς δὲ ἁπλῶς λέγεται ἀγαθός οὐκ ἐνδέχεται ἅμα γὰρ τῇ φρονήσει μιᾷ οὔσῃ πᾶσαι ὑπάρξουσι Δόξης οὔσης κοινῆς παρὰ τοῖς σοφοῖς	Aristotle	Eustratius of Nicaea	Ethica Nicomachea	In Ethica Nicomachea VI	
tlg0086.tlg010	12/#7	ancient_classical	4031.003	/387#3	11th_12th	0.0096	8	8	εἶναι ἀρετάς γ οὔσας ἑκατέραν ἑκατέρου τοῦ μορίου καὶ εἰ μὴ ποιοῦσι μηδὲν μηδετέρα αὐτῶν ἔπειτα καὶ ποιοῦσι μέν οὐχ ὡς	καὶ διὰ τοῦτο αἱρετὴ καθ αὑτήν τὸ δὲ καὶ εἰ μὴ ποιοῦσι μηθὲν μηδετέρα αὐτῶν εἴρηκεν οὐχ ὡς μηδενὸς ἐξ αὐτῶν	Aristotle	Eustratius of Nicaea	Ethica Nicomachea	In Ethica Nicomachea VI	
tlg0086.tlg010	9/#35	ancient_classical	4034.001	/518#2	11th_12th	0.1133	20	23	εἶναι ἀγαθόν ἐστιν αὐτοῖς καὶ ἡδύ συναισθανόμενοι γὰρ τοῦ καθ αὑτὸ ἀγαθοῦ ἥδονται ὡς δὲ πρὸς ἑαυτὸν ἔχει ὁ σπουδαῖος καὶ πρὸς τὸν φίλον ἕτερος γὰρ αὐτὸς ὁ φίλος ἐστίν καθάπερ οὖν τὸ αὐτὸν εἶναι αἱρετόν	ἡδύ σαφηνίζων πῶς ἐστιν ἡδύ ἐπήγαγε συναισθανόμενοι γὰρ τοῦ καθ αὑτὸ καλοῦ καὶ ἀγαθοῦ ἥδονται λέγει δὲ καθ αὑτὸ ἀγαθὸν τὴν τοιάνδε ζωὴν τὴν πράξει καὶ θεωρίᾳ συνοῦσαν αἰσθανόμενοι γὰρ οἱ σπουδαῖοι καὶ νοοῦντες συναισθά νονται καὶ συνεπινοοῦσι τὴν οἰκείαν ζωήν ὅτι ἀρίστη καὶ καλλίστη ἐστί καὶ τοῦτο νοοῦντες ἥδονται Ὡς δὲ πρὸς ἑαυτὸν ἔχει ὁ σπουδαῖος καὶ πρὸς τὸν φίλον ἕτερος γὰρ αὐτὸς ὁ φίλος ἐστίν Ἐνταῦθα ἡ ἀπόδοσις ὡς εἴρηται τῶν	Aristotle	Michael of Ephesus	Ethica Nicomachea	In Ethica Nicomachea IX-X	
tlg0086.tlg010	5/#44	ancient_classical	4034.001	/571#1	11th_12th	0.1488	9	22	ἡ ἀρετὴ καὶ ἁγαθός ᾗ τοιοῦτος καὶ ἡδοναὶ εἶεν ἂν αἱ τούτῳ φαινόμεναι καὶ ἡδέα οἷς οὗτος χαίρει τὰ δὲ τούτῳ δυσχερῆ εἴ τῳ φαίνεται ἡδέα οὐδὲν θαυμαστόν πολλαὶ γὰρ φθοραὶ καὶ λῦμαι ἀνθρώπων γίνονται ἡδέα δ οὐκ ἔστιν ἀλλὰ τούτοις καὶ οὕτω διακειμένοις τὰς μὲν οὖν ὁμολογουμένως αἰσχρὰς δῆλον ὡς οὐ φατέον ἡδονὰς εἶναι πλὴν τοῖς διεφθαρμένοις τῶν δ ἐπιεικῶν εἶναι δοκουσῶν ποίαν ἢ τίνα φατέον τοῦ ἀνθρώπου εἶναι ἢ ἐκ τῶν ἐνεργειῶν δῆλον ταύταις γὰρ ἕπονται αἱ ἡδοναί εἴτ	καὶ ἡδοναὶ εἶεν ἂν καὶ λέγοιντο αἱ τῷ ἀγαθῷ καὶ σπουδαίῳ δοκοῦσαι ἡδο ναὶ εἶναι καὶ ἀληθῶς ἡδέα οἷς οὗτος χαίρει καὶ γέγηθεν εἰ δέ τισι τὰ τῷ ἀγαθῷ δοκοῦντα δυσχερῆ φαίνεται ἡδέα μὴ θαυμαζέτω τις νοσοῦσι γὰρ τὸν ἀληθινὸν ἄνθρωπον τὸν νοῦν τὸν δυνάμενον διακρίνειν ἀπὸ τῶν φαινομένων καὶ ψευδῶν τὰ ὄντα καὶ ἀληθῆ τὰ οὖν δυσχερῆ τῷ σπουδαίῳ μὲν ἡδέα οὔκ εἰσι φαίνονται δὲ ἡδέα τοῖς οὕτω διακειμένοις τουτέστι τοῖς διεφθαρμένοις καὶ μοχθηρῶς διακειμένοις ταῦτα εἰπὼν ἐπιφέρει τὰς μὲν ὁμολογουμένας αἰσχρὰς ἡδονὰς οὐ φατέον ἡδονάς ἀλλὰ ῥητέον ὅτι ἁπλῶς μὲν καὶ κυρίως οὔκ εἰσιν ἡδοναί δοκοῦσι δὲ ἡδοναὶ τοῖς φαύλως ἔχουσι τῶν δ ἐπιεικῶν εἶναι δοκουσῶν ποίαν ἢ τίνα φατέον εἶναι τοῦ ἀνθρώπου πολλῶν οὐσῶν τῶν ἐπιεικῶν ἡδο νῶν ποίαν εἶναι χρὴ λέγειν ἀπὸ τούτων τὴν τοῦ ἀνθρώπου ἡδονήν καὶ ἐρωτήσας ἀποκρίνεται λέγων ἐκ τῶν ἐνεργειῶν δῆλον ἐπεὶ	Aristotle	Michael of Ephesus	Ethica Nicomachea	In Ethica Nicomachea IX-X	
tlg0086.tlg010	1/#50	ancient_classical	4034.001	/532#1	11th_12th	0.0924	22	22	ἂν οὕτως ἐπὶ τὸ μέσον μή ποτε δὲ οὐ καλῶς τοῦτο λέγεται οἱ γὰρ περὶ τῶν ἐν τοῖς πάθεσι καὶ ταῖς πράξεσι λόγοι ἧττόν εἰσι πιστοὶ τῶν ἔργων ὅταν οὖν διαφωνῶσι τοῖς κατὰ τὴν	μέλλοντα ἀγαγεῖν ἀπ αὐτῆς τοὺς φιληδόνους Μήποτε δὲ οὐ καλῶς τοῦτο λέγεται οἱ γὰρ περὶ τῶν ἐν τοῖς πάθεσι καὶ ταῖς πράξεσι λόγοι ἧττόν εἰσι πιστοὶ τῶν ἔργων Τὸ λέγειν φησίν ὡς χρὴ ψέγειν	Aristotle	Michael of Ephesus	Ethica Nicomachea	In Ethica Nicomachea IX-X	
tlg0086.tlg010	9/#34	ancient_classical	4034.001	/517#1	11th_12th	0.1812	21	21	αἱρετώτατος καὶ ἡ τούτων μακαριωτάτη ζωή ὁ δ ὁρῶν ὅτι ὁρᾷ αἰσθάνεται καὶ ὁ ἀκούων ὅτι ἀκούει καὶ ὁ βαδίζων ὅτι βαδίζει καὶ ἐπὶ τῶν ἄλλων ὁμοίως ἔστι τι τὸ αἰσθανόμενον ὅτι ἐνεργοῦμεν	τοῦ εὐδαίμονος οἷος ὁ εὐδαίμων ἐστίν Ὁ δ ὁρῶν ὅτι ὁρᾷ αἰσθάνεται καὶ ὁ ἀκούων ὅτι ἀκούει καὶ ὁ βαδίζων ὅτι βαδίζει καὶ ἐπὶ τῶν ἄλλων ὁμοίως Τὸ νοοῦν καὶ κρῖνον ὅταν ὁρῶμεν	Aristotle	Michael of Ephesus	Ethica Nicomachea	In Ethica Nicomachea IX-X	
tlg0086.tlg010	6/#35	ancient_classical	4034.001	/573#1	11th_12th	0.0476	10	19	θετέον καθάπερ ἐν τοῖς πρότερον εἴρηται τῶν δ ἐνεργειῶν αἳ μέν εἰσιν ἀναγκαῖαι καὶ δι ἕτερα αἱρεταὶ αἳ δὲ καθ αὑτάς δῆλον ὅτι τὴν εὐδαιμονίαν τῶν καθ αὑτὰς αἱρετῶν τινὰ θετέον καὶ οὐ τῶν δι ἄλλο οὐδενὸς γὰρ ἐνδεὴς ἡ εὐδαιμονία	ὡς εἴρηται ἐν τῷ πρώτῳ βιβλίῳ Τῶν δ ἐνεργειῶν αἱ μέν εἰσιν ἀναγκαῖαι καὶ δι ἕτε ρα αἱρεταί αἱ δὲ καθ ἑαυτάς Ἀναγκαίας ἐνεργείας καὶ δι ἕτερα λέγουσιν αἱρετὰς τὰς ποιητικάς οἷον οἰκοδόμησιν ἰάτρευσιν χάλκευσιν δι αὑτὰς δὲ τὰς κατ ἀρετὴν πρά ξεις καὶ τὰς θεωρίας καὶ γνώσεις τῶν ὄντων τῶν ἐνεργειῶν οὖν διττῶν οὐσῶν κατὰ γένος τὴν εὐδαιμονίαν φησί τινὰ θετέον τῶν καθ αὑτὰς ἐνερ γειῶν καὶ οὐ τῶν δι ἕτερόν τι αἱρετῶν εἰ γὰρ ἀνενδεές	Aristotle	Michael of Ephesus	Ethica Nicomachea	In Ethica Nicomachea IX-X	
tlg0086.tlg010	9/#33	ancient_classical	4034.001	/516#1	11th_12th	0.104	9	24	τὸ αἰσθάνεσθαι ἢ νοεῖν τὸ δὲ ζῆν τῶν καθ αὑτὸ ἀγαθῶν καὶ ἡδέων ὡρισμένον γάρ τὸ δ ὡρισμένον τῆς τἀγαθοῦ φύσεως τὸ δὲ τῇ φύσει ἀγαθὸν καὶ τῷ ἐπιεικεῖ διόπερ ἔοικε πᾶσιν ἡδὺ εἶναι οὐ δεῖ δὲ λαμβάνειν μοχθηρὰν ζωὴν καὶ διεφθαρμένην οὐδ ἐν λύπαις ἀόριστος	τὸ ψεῦδος εἰπὼν δὲ ὅτι τὸ ζῆν τῶν καθ αὑτὸ ἀγα θῶν καὶ ἡδέων ἐστίν ἐπήγαγε τὸ δὲ τῇ φύσει ἀγαθὸν καὶ τῷ ἐπι εικεῖ ἀγαθόν ἐστι καὶ ἡδύ αἱρήσεται ἄρα ὁ ἀγαθὸς τὸ ζῆν τὸ κατ ἐνέργειαν δηλονότι ὥστε καὶ φίλον ἔχειν μεθ οὗ συνεχῶς μᾶλλον ἐνερ γεῖν δύναται ἤπερ μόνος ὤν οὐ δεῖ δὲ λαμβάνειν μοχθηρὰν ζωὴν καὶ διεφθαρμένην δῆλον διὰ τούτου πεποίηκεν ὁπηνίκα ἔλεγεν ὅτι τὸ ζῆν τῶν καθ αὑτὸ ἀγαθῶν καὶ ἡδέων ὡρισμένον γὰρ ὡς οὐ περὶ πάσης ζωῆς ἔλεγεν ἀλλὰ τῆς τῶν σπουδαίων οὐ δεῖ φησίν ὑπολαμβάνειν ὅταν λέγω ὅτι ἡ ζωὴ τῶν καθ αὑτὸ ἀγαθῶν καὶ ἡδέων ἐστί περὶ πάσης ζωῆς ἐμὲ τοῦτο	Aristotle	Michael of Ephesus	Ethica Nicomachea	In Ethica Nicomachea IX-X	
tlg0086.tlg010	11/#18	ancient_classical	4034.001	/523#3	11th_12th	0.1457	11	22	διὸ καὶ τοὺς ἐπιεικεῖς ζητοῦσιν τούτους γὰρ αἱρετώτερον εὐεργετεῖν καὶ μετὰ τούτων διάγειν ἔστι γὰρ καὶ ἡ παρουσία αὐτὴ τῶν φίλων ἡδεῖα καὶ ἐν ταῖς εὐτυχίαις καὶ ἐν ταῖς δυστυχίαις κουφίζονται γὰρ οἱ λυπούμενοι συναλγούντων τῶν φίλων διὸ κἂν ἀπορήσειέν	τοὺς ἐπιεικεῖς φίλους ζητοῦσιν ἔχειν αἱρετώτερον γὰρ τούτους εὐεργετεῖν καὶ μετὰ τοιούτων συνδιάγειν ἢ φαύλους καὶ μετὰ φαύλων ἔστι γὰρ καὶ ἡ παρουσία αὕτη τῶν φίλων ἡδεῖα καὶ ἐν εὐτυχίαις καὶ ἐν δυστυχίαις κουφίζονται γὰρ οἱ λυπούμενοι διὰ τί μὲν ἡ τῶν φίλων	Aristotle	Michael of Ephesus	Ethica Nicomachea	In Ethica Nicomachea IX-X	
tlg0086.tlg010	8/#42	ancient_classical	4034.001	/594#3	11th_12th	0.1034	13	24	τοῖς πάθεσιν ἡ τοῦ ἤθους ἀρετή συνέζευκται δὲ καὶ ἡ φρόνησις τῇ τοῦ ἤθους ἀρετῇ καὶ αὕτη τῇ φρονήσει εἴπερ αἱ μὲν τῆς φρονήσεως ἀρχαὶ κατὰ τὰς ἠθικάς εἰσιν ἀρετάς τὸ δ ὀρθὸν τῶν ἠθικῶν κατὰ	συνέζευκται δὲ καὶ ἡ φρόνησις τῇ τοῦ ἤθους ἀρετῇ καὶ αὕτη τῇ φρονήσει τὴν αἰτίαν τούτου ἐπήγαγεν εἰπὼν εἴπερ αἱ μὲν τῆς φρονήσεως ἀρχαὶ κατὰ τὰς ἠθικάς εἰσιν ἀρετάς λέγει δὲ ἀρχὰς τὰ τελικὰ αἴτια	Aristotle	Michael of Ephesus	Ethica Nicomachea	In Ethica Nicomachea IX-X	
tlg0086.tlg010	9/#30	ancient_classical	4034.001	/509#1	11th_12th	0.1699	10	27	μέγιστον εἶναι εἴ τε φίλου μᾶλλόν ἐστι τὸ εὖ ποιεῖν ἢ πάσχειν καὶ ἔστι τοῦ ἀγαθοῦ καὶ τῆς ἀρετῆς τὸ εὐεργετεῖν κάλλιον δ εὖ ποιεῖν φίλους ὀθνείων τῶν εὖ πεισομένων δεήσεται ὁ σπουδαῖος διὸ καὶ ἐπιζητεῖται πότερον ἐν εὐτυχίαις μᾶλλον δεῖ φίλων ἢ ἐν ἀτυχίαις ὡς καὶ τοῦ ἀτυχοῦντος δεομένου τῶν	καὶ ἔστι τοῦ ἀγαθοῦ καὶ τῆς ἀρετῆς τὸ εὐεργετεῖν Διὰ τούτων ὅτι δεῖται φίλων ὁ εὐδαίμων κατασκευάζει ἔστι δ ὃ λέγει τοιοῦτον εἰ τοῦ ἀγαθοῦ καὶ σπουδαίου ἐστὶ τὸ εὖ ποιεῖν καὶ εὐερ γετεῖν τῷ γὰρ σπουδαίῳ ᾗ σπουδαίῳ τὸ εἶναι ἐν τῷ εὖ δρᾶν ἐστι καὶ οὐκ ἐν τῷ πάσχειν τὸ γὰρ εὖ πάσχειν καὶ οἱ φαυλότατοι αἱροῦνται ἔστι δὲ καὶ κάλλιον εὖ ποιεῖν φίλους ὀθνείων δεήσεται φίλων ὁ εὐδαί μων ἵν ἔχῃ οὓς εὖ ποιήσῃ ἐπεὶ σπουδαῖός ἐστιν ὥστε καὶ τοὺς ὀθνείους καλὸν γὰρ καὶ τοὺς τοιούτους εὐεργετεῖν ἀλλὰ δεῖ καὶ τὰ καλλίονα πράττειν κάλλιον δὲ τὸ εὖ ποιεῖν φίλους ὀθνείων φίλων ἄρα δεῖται ὁ εὐδαίμων ἐπεὶ καὶ εὐδαιμονοῦντες καὶ ἀτυχοῦντες καὶ κακοδαιμονοῦντες δεόμεθα φίλων εὐτυχοῦντες μὲν ἵν εὖ ποιῶμεν ἀτυ χοῦντες δὲ ἵνα τυγχάνωμεν ἐπικουρίας εἰκότως ἐζητεῖτο πότερον ἐν εὐτυχίαις μᾶλλον δεῖ φίλων ἢ ἐν ἀτυχίαις καὶ	Aristotle	Michael of Ephesus	Ethica Nicomachea	In Ethica Nicomachea IX-X	
tlg0086.tlg010	7/#39	ancient_classical	4034.001	/493#3	11th_12th	0.1132	9	19	ἀγαπῶσι τοὺς πεπονθότας κἂν μηδὲν ὦσι χρήσιμοι μηδ εἰς ὕστερον γένοιντ ἄν ὅπερ καὶ ἐπὶ τῶν τεχνιτῶν συμβέβηκεν πᾶς γὰρ τὸ οἰκεῖον ἔργον ἀγαπᾷ μᾶλλον ἢ ἀγαπηθείη ἂν ὑπὸ τοῦ ἔργου ἐμψύχου γενομένου μάλιστα δ ἴσως τοῦτο περὶ τοὺς ποιητὰς συμβαίνει ὑπεραγαπῶσι γὰρ οὗτοι τὰ οἰκεῖα ποιήματα στέργοντες ὥσπερ τέκνα τοιούτῳ δὴ ἔοικε καὶ τὸ τῶν εὐεργετῶν τὸ γὰρ εὖ πεπονθὸς ἔργον ἐστὶν αὐτῶν τοῦτο δὴ ἀγαπῶσι μᾶλλον ἢ τὸ ἔργον τὸν ποιήσαντα τούτου δ αἴτιον ὅτι τὸ εἶναι πᾶσιν αἱρετὸν καὶ φιλητόν ἐσμὲν δ ἐνεργείᾳ τῷ ζῆν γὰρ	τοίνυν ἅπας ἀγαπᾷ τὸ οἰκεῖον ἔργον ἢ ἀγαπηθείη ἂν ὑπὸ τοῦ οἰκείου ἔργου ἐμψύχου γενομένου ὥστε φυσικῶς ἀγαπῶσιν οἱ εὐεργέται ὡς οἰκεῖα ἔργα τοὺς εὐεργετηθέντας ὑπ αὐτῶν κἂν μηθὲν ὦσι νῦν χρήσιμοι μηδ εἰς ὕστερον γενέσθαι μέλλοιεν Τούτου δ αἴτιον ὅτι τὸ εἶναι πᾶσιν αἱρετὸν καὶ φι λητόν Τοῦ φυσικῶς φιλεῖν φησίν ἕκαστον τὸ οἰκεῖον ἔργον αἴτιόν ἐστιν ὅτι πᾶσιν αἱρετὸν καὶ φιλητόν ἐστι τὸ εἶναι καὶ ζῆν ἐσμὲν	Aristotle	Michael of Ephesus	Ethica Nicomachea	In Ethica Nicomachea IX-X	
tlg0086.tlg010	9/#35	ancient_classical	4034.001	/518#3	11th_12th	0.0398	13	17	γὰρ τοῦ καθ αὑτὸ ἀγαθοῦ ἥδονται ὡς δὲ πρὸς ἑαυτὸν ἔχει ὁ σπουδαῖος καὶ πρὸς τὸν φίλον ἕτερος γὰρ αὐτὸς ὁ φίλος ἐστίν καθάπερ οὖν τὸ αὐτὸν εἶναι αἱρετόν	ἔχει ὁ σπουδαῖος καὶ πρὸς τὸν φίλον ἕτερος γὰρ αὐτὸς ὁ φίλος ἐστίν Ἐνταῦθα ἡ ἀπόδοσις ὡς εἴρηται τῶν προκειμένων ῥητῶν λέγει δέ ἵνα συνάψαντες ἐκείνοις εἴποιμεν τὸ ζῆν τῷ εὐδαίμονι ὡς εἴρηται ἀγαθὸν καὶ ἡδὺ καὶ αἱρετόν ἐστι φύσει γὰρ αἱρεῖται ὁ εὐδαίμων καὶ πᾶς ὁ σπουδαῖος καὶ εἶναι καὶ ζῆν ὡς δὲ πρὸς ἑαυτὸν ἔχει καὶ πρὸς τὸν φίλον οὕτως ἄλλος γὰρ αὐτός ἐστιν ὁ	Aristotle	Michael of Ephesus	Ethica Nicomachea	In Ethica Nicomachea IX-X	
tlg0086.tlg010	9/#38	ancient_classical	4034.001	/606#3	11th_12th	0.0622	16	24	ὧν ἐπιεικεῖς δοκοῦμεν γίνεσθαι μεταλάβοιμεν τῆς ἀρετῆς γίνεσθαι δ ἀγαθοὺς οἴονται οἳ μὲν φύσει οἳ δ ἔθει οἳ δὲ διδαχῇ τὸ μὲν οὖν τῆς φύσεως δῆλον ὡς οὐκ ἐφ ἡμῖν ὑπάρχει ἀλλὰ διά τινας θείας αἰτίας τοῖς ὡς ἀληθῶς εὐτυχέσιν ὑπάρχει ὁ δὲ λόγος καὶ ἡ διδαχὴ μή ποτ οὐκ ἐν ἅπασιν ἰσχύει	μηχανὴ πάντων τῶν ἐναντίων προσόντων μετασχεῖν αὐτῆς Γίνεσθαι δ ἀγαθοὺς οἴονται οἱ μὲν φύσει οἱ δὲ ἔθει οἱ δὲ διδαχῇ Τὸ μὲν οὖν μαθεῖν τὰς τῶν ἀρετῶν φύσεις καὶ κοινωνίας αὐτῶν καὶ διαφοράς ἔτι τε κτήσασθαι τῷ ἔθει ἐφ ἡμῖν ὄντως ἐστὶ καὶ τῆς ἡμετέ ρας βουλήσεως καὶ προαιρέσεως τὸ δὲ φύσει γενέσθαι σώφρονας δικαίους φρονίμους οὐχ ἡμῶν ἀλλὰ δῶρον θεοῦ κάλλιστον καὶ τιμιώτατον τὸ μὲν οὖν τῆς φύσεως οὐχ ἡμῶν δῶρον δὲ θεῖον τὸ δ ἐθίζειν ἑαυτοὺς ἥδεσθαι οἷς δεῖ καὶ λυπεῖσθαι ἡμῶν καὶ ἰσχύει τὸ τοιοῦτον ἔθος ἀγαθοὺς ποιῆσαι ἡμᾶς ὁ δὲ λόγος καὶ ἡ διδαχὴ οὐκ ἐν	Aristotle	Michael of Ephesus	Ethica Nicomachea	In Ethica Nicomachea IX-X	
tlg0086.tlg010	11/#20	ancient_classical	4034.001	/525#3	11th_12th	0.0864	10	22	ἅπασι δεῖ δῆλον ὅτι τὸν βελτίω ἡ δ ἐν ταῖς εὐτυχίαις τῶν φίλων παρουσία τήν τε διαγωγὴν ἡδεῖαν ἔχει καὶ τὴν ἔννοιαν ὅτι ἥδονται ἐπὶ τοῖς αὑτοῦ ἀγαθοῖς διὸ δόξειεν ἂν δεῖν εἰς μὲν τὰς εὐτυχίας καλεῖν τοὺς φίλους προθύμως εὐεργετικὸν γὰρ εἶναι καλόν εἰς δὲ τὰς ἀτυχίας ὀκνοῦντα μεταδιδόναι γὰρ ὡς ἥκιστα δεῖ	τοὺς βελτίονας ἀποβλέπειν χρὴ κἀκείνοις παρέπεσθαι ἡ δὲ ἐν ταῖς εὐτυχίαις τῶν φίλων παρουσία τήν τε διαγωγὴν ἔχει ἐν μὲν ταῖς ἀτυχίαις μικτή τίς ἐστιν ὡς εἴρηται ἡ τῶν φίλων παρουσία ἐξ ἡδονῆς καὶ λύπης ἐν δὲ ταῖς εὐτυχίαις ἄκρατος καὶ καθαρὰ καὶ πάσης λύπης ἀμιγής τήν τε γὰρ διαγωγήν ἤτοι τὸ βάδισμα τὸ βλέμμα τὴν στάσιν τὴν καθέδραν τοὺς λόγους καὶ τὴν ἔννοιαν ἐννοῶν γὰρ ὁ εὐτυχῶν ὅτι ἡδονὴν ἐμποιεῖ τῷ φίλῳ διὰ τῶν προσόντων ἀγαθῶν ἑαυτῷ χαίρει καὶ ἀγάλλεται διὸ δόξειεν ἂν ἐν μὲν ταῖς εὐτυχίαις καλεῖν τοὺς φίλους διότι δεῖ καὶ τῷ ὄντι πρεπωδέστατόν ἐστιν ἡμᾶς ἀνδρώδεις εἶναι καὶ μὴ γυναικώδεις καὶ διὰ τὸ λυπηρὸν ὑπάρχειν τὸ λύπης αἰτίους γίνεσθαι ἡμᾶς τοῖς φίλοις ἔνδοξόν ἐστι καὶ ἐντιμότατον εἰς μὲν τὰς εὐτυχίας καλεῖν τοὺς φίλους καὶ εὐεργετεῖν καλὸν γὰρ τὸ εὐεργετικὸν εἶναι εἰς δὲ τὰς δυστυχίας καλεῖν ὀκνηρῶς	Aristotle	Michael of Ephesus	Ethica Nicomachea	In Ethica Nicomachea IX-X	
tlg0086.tlg010	2/#38	ancient_classical	4034.001	/537#1	11th_12th	0.1236	15	19	ἡδονὴν τἀγαθόν οὐδενὸς γὰρ προστεθέντος αὐτῷ τἀγαθὸν αἱρετώτερον γίνεσθαι δῆλον δ ὡς οὐδ ἄλλο οὐδὲν τἀγαθὸν ἂν εἴη ὃ μετά τινος τῶν καθ αὑτὸ ἀγαθῶν αἱρετώτερον γίνεται τί οὖν ἐστὶ τοιοῦτον οὗ καὶ ἡμεῖς κοινωνοῦμεν τοιοῦτον γὰρ ἐπιζητεῖται οἱ δ ἐνιστάμενοι	ἄλλων ἀγαθῶν προςτεθέντος τῷ αὐτοαγαθῷ τὸ αὐτοαγαθὸν ἀγαθώτερον γίνεται Δῆλον δ ὡς οὐδ ἄλλο οὐδὲν τἀγαθὸν ἂν εἴη ὃ μετά τινος Ὥσπερ τὴν ἡδονήν φησίν ὁ Πλάτων οὔ φαμεν εἶναι τἀγαθόν διότι προςτιθεμένης τινὶ τῶν ἀγαθῶν τὸ ἐξ ἀμφοῖν αἱρετώτερον γίνεται οὕτως οὐδὲν ἄλλο ἂν εἴη τἀγαθόν ὃ συνερχόμενόν τινι ἀγαθῷ αἱρετώτερον τοῦ μέρους τὸ ὅλον ἀποτελεῖ ἀλλ ἀγαθὸν μὲν ῥηθήσεται τὶ δὲ ἀγαθὸν καὶ τοιοῦτον ἀγαθὸν οὗ καὶ ἡμεῖς κοινωνοῦμεν ὁποῖον ἀγαθόν εἰσιν αἱ ἀρεταὶ καὶ	Aristotle	Michael of Ephesus	Ethica Nicomachea	In Ethica Nicomachea IX-X	
tlg0086.tlg010	4/#27	ancient_classical	4034.001	/480#2	11th_12th	0.0669	8	18	σῴζεσθαι καὶ μάλιστα τοῦτο ᾧ φρονεῖ ἀγαθὸν γὰρ τῷ σπουδαίῳ τὸ εἶναι ἕκαστος δ ἑαυτῷ βούλεται τἀγαθά γενόμενος δ ἄλλος αἱρεῖται οὐδεὶς πάντ ἔχειν ἐκεῖνο τὸ γενόμενον ἔχει γὰρ καὶ νῦν ὁ θεὸς	καὶ εἶναι ἤτοι ἐνεργεῖν τὰ ἀγαθά ἀγαθὸν ἄρα τῷ σπουδαίῳ τὸ εἶναι ὅτι καὶ τὸ ἐνεργεῖσθαι τὰ ἀγαθὰ καὶ πράττεσθαι ἀγαθόν ἐστιν Ἕκαστος δ ἑαυτῷ βούλεται τἀγαθά γενόμενος δ ἄλλος οὐθεὶς αἱρεῖται πάντα ἔχειν ἐκεῖνο τὸ γενόμενον ἐὰν ὁ ἀληθὴς ἄνθρωπος καὶ τὸ	Aristotle	Michael of Ephesus	Ethica Nicomachea	In Ethica Nicomachea IX-X	
tlg0086.tlg010	4/#29	ancient_classical	4034.001	/483#2	11th_12th	0.1038	9	17	τῆς φιλίας τῇ πρὸς αὑτὸν ὁμοιοῦται φαίνεται δὲ τὰ εἰρημένα καὶ τοῖς πολλοῖς ὑπάρχειν καίπερ οὖσι φαύλοις ἆρ οὖν ᾗ τ ἀρέσκουσιν ἑαυτοῖς καὶ ὑπολαμβάνουσιν ἐπιεικεῖς εἶναι ταύτῃ μετέχουσιν αὐτῶν ἐπεὶ τῶν γε κομιδῇ φαύλων καὶ	τῇ τῶν ὄντων θεωρίᾳ εἰπὼν δὲ φαίνεται δὲ τὰ εἰρημένα καὶ τοῖς πολλοῖς ὑπάρχειν τὴν τοῦ φαίνεσθαι ὑπάρχειν αἰτίαν ἐπήγαγεν εἰπὼν ἆρ οὖν ᾗ ἀρέσκουσιν ἑαυτοῖς καὶ ὑπολαμβάνουσιν ἐπιεικεῖς εἶναι ταύτῃ μετέχουσιν αὐτῶν ὃ δὲ λέγει τοιοῦτον ἂν εἴη	Aristotle	Michael of Ephesus	Ethica Nicomachea	In Ethica Nicomachea IX-X	
tlg0086.tlg010	4/#33	ancient_classical	4034.001	/553#1	11th_12th	0.0322	8	31	τὸ αὐτὸ ἐν τῷ σταδίῳ καὶ ἐν τῷ μέρει καὶ ἐν ἑτέρῳ μέρει καὶ ἐν ἑτέρῳ οὐδὲ τὸ διεξιέναι τὴν γραμμὴν τήνδε κἀκείνην οὐ μόνον γὰρ γραμμὴν διαπορεύεται ἀλλὰ καὶ ἐν τόπῳ οὖσαν ἐν ἑτέρῳ δ αὕτη ἐκείνης δι ἀκριβείας μὲν οὖν περὶ κινήσεως ἐν ἄλλοις εἴρηται ἔοικε δ οὐκ ἐν ἅπαντι χρόνῳ τελεία εἶναι ἀλλ αἱ πολλαὶ ἀτελεῖς καὶ διαφέρουσαι τῷ εἴδει εἴπερ τὸ πόθεν ποῖ εἰδοποιόν τῆς ἡδονῆς δ ἐν ὁτῳοῦν χρόνῳ τέλειον τὸ εἶδος δῆλον οὖν ὡς ἕτεραί τ ἂν εἶεν ἀλλήλων καὶ τῶν ὅλων τι καὶ τελείων ἡ ἡδονή δόξειε δ ἂν τοῦτο καὶ ἐκ τοῦ μὴ ἐνδέχεσθαι κινεῖσθαι μὴ ἐν χρόνῳ ἥδεσθαι δέ τὸ γὰρ ἐν τῷ	χρόνου μέρεσι τὸ εἶδος καὶ ἔστι τῶν ὅλων τι καὶ τελείων ἡ ἡδονὴ καὶ οὐ τῶν κατ ἐπισύνθεσιν μέρους καὶ αὖθις ἕτερον τὸ εἶδος καὶ τὴν τελειότητα λαμβανόντων τὸ δὲ δῆλον δὲ ὡς ἕτερά τ ἂν εἴη ἀλλήλων περὶ τῆς ἡδονῆς εἶπε δῆλον γάρ φησίν ὅτι ἡ ἡδονὴ ἑτέρα ἐστὶ καὶ τῶν κινήσεων καὶ τῶν γενέσεων δόξειε δ ἂν τοῦτο καὶ ἐκ τοῦ μὴ ἐνδέ χεσθαι κινεῖσθαι μὴ ἐν χρόνῳ οὐ χρόνον τὸ ἄτομον εἶπε νῦν δέδεικται δ ἐν τῇ Φυσικῇ ἀκροάσει ἐν τῷ ἕκτῳ βιβλίῳ ὅτι ἐν τῷ ἀμερεῖ καὶ ἀτόμῳ νῦν οὔτε κινεῖσθαί τι οὔτε	Aristotle	Michael of Ephesus	Ethica Nicomachea	In Ethica Nicomachea IX-X	
tlg0086.tlg010	4/#35	ancient_classical	4034.001	/556#2	11th_12th	0.0579	14	28	πρὸς τὸ σπουδαιότατον τῶν ὑπ αὐτήν τελειοῖ δὲ τὴν ἐνέργειαν ἡ ἡδονή οὐ τὸν αὐτὸν δὲ τρόπον ἥ τε ἡδονὴ τελειοῖ καὶ τὸ αἰσθητόν τε καὶ ἡ αἴσθησις σπουδαῖα ὄντα ὥσπερ οὐδ ἡ ὑγίεια καὶ ὁ ἰατρὸς ὁμοίως αἰτία ἐστὶ τοῦ ὑγιαίνειν καθ ἑκάστην δ αἴσθησιν ὅτι γίνεται ἡδονή δῆλον φαμὲν γὰρ ὁράματα καὶ ἀκούσματα εἶναι ἡδέα δῆλον δὲ καὶ ὅτι μάλιστα ἐπειδὰν ἥ τε αἴσθησις ᾖ κρατίστη καὶ πρὸς τοιοῦτον ἐνεργῇ τοιούτων δ ὄντων τοῦ τε αἰσθητοῦ καὶ τοῦ αἰσθανομένου ἀεὶ ἔσται ἡδονὴ ὑπάρχοντός γε τοῦ τε ποιήσοντος καὶ τοῦ πεισομένου τελειοῖ δὲ τὴν ἐνέργειαν ἡ ἡδονὴ οὐχ ὡς ἡ ἕξις ἐνυπάρχουσα ἀλλ ὡς	τέλειοι καὶ ἡδεῖαι ἥδισται δὲ οὐδαμῶς Τελειοῖ δὲ τὴν ἐνέργειαν ἡ ἡδονή οὐ τὸν αὐτὸν δὲ τρόπον ἥ τε ἡδονὴ καὶ τὸ αἰσθητόν τε καὶ ἡ αἴσθησις σπου δαῖα ὄντα Τὸ αἰσθητὸν καὶ	Aristotle	Michael of Ephesus	Ethica Nicomachea	In Ethica Nicomachea IX-X	
tlg0086.tlg010	8/#42	ancient_classical	4034.001	/594#2	11th_12th	0.0848	13	20	τοῖς πάθεσιν ἡ τοῦ ἤθους ἀρετή συνέζευκται δὲ καὶ ἡ φρόνησις τῇ τοῦ ἤθους ἀρετῇ καὶ αὕτη τῇ φρονήσει εἴπερ αἱ μὲν τῆς φρονήσεως ἀρχαὶ κατὰ τὰς ἠθικάς εἰσιν ἀρετάς τὸ δ	δεικται τὰς ἀρετὰς καὶ συνεζευγμένη ἐστὶν ἡ φρόνησις τῇ τοῦ ἤθους ἀρετῇ τουτέστιν τῇ ἠθικῇ ἀρετῇ καὶ ἡ ἠθικὴ ἀρετὴ τῇ φρονήσει καὶ ἀλλήλαις καὶ οὐκ ἐνδέχεται χωρίζεσθαι ἀπ ἀλλήλων εἰσὶ δὲ αἱ ἠθικαὶ ἀρεταὶ ἀνθρωπικαί εἴη ἂν καὶ ἡ φρόνησις τοῦ συνθέτου ἡ μὲν τῶν λε γομένων διάνοια αὕτη κατὰ δὲ τὴν λέξιν εἰπὼν ὅτι συνέζευκται δὲ καὶ ἡ φρόνησις τῇ τοῦ ἤθους ἀρετῇ καὶ αὕτη τῇ φρονήσει τὴν αἰτίαν τούτου ἐπήγαγεν εἰπὼν εἴπερ αἱ μὲν τῆς φρονήσεως ἀρχαὶ κατὰ	Aristotle	Michael of Ephesus	Ethica Nicomachea	In Ethica Nicomachea IX-X	
tlg0086.tlg010	8/#45	ancient_classical	4034.001	/598#1	11th_12th	0.1248	10	24	πάντες ὑπειλήφασιν αὐτοὺς καὶ ἐνεργεῖν ἄρα οὐ γὰρ δὴ καθεύδειν ὥσπερ τὸν Ἐνδυμίωνα τῷ δὴ ζῶντι τοῦ πράττειν ἀφαιρουμένου ἔτι δὲ μᾶλλον τοῦ ποιεῖν τί λείπεται πλὴν θεωρία ὥστε ἡ τοῦ θεοῦ ἐνέργεια μακαριότητι διαφέρουσα θεωρητικὴ ἂν εἴη καὶ τῶν ἀνθρωπίνων δὴ ἡ ταύτῃ συγγενεστάτη εὐδαιμονικωτάτη σημεῖον δὲ καὶ τὸ μὴ μετέχειν τὰ λοιπὰ ζῷα εὐδαιμονίας τῆς τοιαύτης ἐνεργείας ἐστερημένα τελείως τοῖς μὲν γὰρ θεοῖς ἅπας	ζῆν φαμεν τὸ θεῖον καὶ ἐνεργεῖν οὐ γὰρ δὴ καθεύδειν ὡς τὸν Ἐνδυμίωνα θεωρία ἄρα ἡ τούτου ἐστὶν ἐνέργεια μακαριότητι καὶ τιμιότητι καὶ κάλλει διαφέρουσα τῶν ἀνθρωπι κῶν ἤτοι τῶν τῆς πολιτικῆς εὐδαιμονίας ἐνεργειῶν καὶ ἡ τοῦ ἀνθρώπου ἄρα ἐνέργεια τοῦ ἀληθινοῦ καὶ ὄντως ἀνθρώπου ἡ συγγενεστάτη τῇ τοῦ θεοῦ ἐνεργείᾳ μακαριωτάτη καὶ τελειοτάτη καὶ εὐδαιμονικωτάτη δευτέρα δὲ ταύτης καὶ πολλοστὴ ἡ ἀνθρωπικὴ ἡ πολιτική Σημεῖον δὲ καὶ τὸ μὴ μετέχειν τὰ λοιπὰ ζῷα εὐδαιμο νίας τῆς τοιαύτης ἐνεργείας ἐστερημένα Τοιαύτην ἐνέργειαν τὴν θεωρίαν λέγει ἤτοι	Aristotle	Michael of Ephesus	Ethica Nicomachea	In Ethica Nicomachea IX-X	
tlg0086.tlg010	9/#34	ancient_classical	4034.001	/516#2	11th_12th	0.0701	20	20	δὲ περὶ τῆς λύπης ἔσται φανερώτερον εἰ δ αὐτὸ τὸ ζῆν ἀγαθὸν καὶ ἡδύ ἔοικε δὲ καὶ ἐκ τοῦ πάντας ὀρέγεσθαι αὐτοῦ καὶ μάλιστα τοὺς ἐπιεικεῖς καὶ μακαρίους τούτοις γὰρ ὁ βίος	ἐφεξῆς βιβλίῳ ἔνθα περὶ ἡδονῆς λέγει Εἰ δ αὐτὸ τὸ ζῆν ἀγαθὸν καὶ ἡδύ ἔοικε δὲ καὶ ἐκ τοῦ πάντας ὀρέγεσθαι αὐτοῦ καὶ μάλιστα τοὺς ἐπιεικεῖς Διὰ τῆς προσθήκης ταύτης ᾐνίξατο ὅτι	Aristotle	Michael of Ephesus	Ethica Nicomachea	In Ethica Nicomachea IX-X	
tlg0086.tlg010	2/#34	ancient_classical	4034.001	/471#3	11th_12th	0.1229	10	21	μὴ ἑαλωκότι ἀπαιτοῦντι δὲ ἀποδοτέον ἢ τὸν πατέρα λυτρωτέον δόξειε γὰρ ἂν καὶ ἑαυτοῦ μᾶλλον τὸν πατέρα ὅπερ οὖν εἴρηται καθόλου μὲν τὸ ὀφείλημα ἀποδοτέον ἐὰν δ ὑπερτείνῃ ἡ δόσις τῷ καλῷ ἢ τῷ ἀναγκαίῳ πρὸς ταῦτ ἀποκλιτέον	λέγει ταῦτά ἐστι τὸ δὲ ἢ μὴ ἑαλωκότι ἀπαιτοῦντι δὲ τοιοῦτόν ἐστιν ἆρά γε κἂν ἑάλω ὁ λυ τρωσάμενος Ἀντισθένης κἂν μὴ ἑάλω ἀπαιτῇ δὲ τὸ ὄφλημα ἀποδοῦναι δεῖ τὸν Πολέμαρχον καταφρονήσαντα τοῦ πατρός Ὅπερ οὖν εἴρηται καθόλου μὲν τὸ ὀφείλημα ἀπο δοτέον Τὸ καθόλου ἀντὶ τοῦ μᾶλλον εἴληπται ἢ ἀντὶ τοῦ ἁπλῶς μὲν καὶ ὡς ἐπὶ τὸ πλεῖστον τὸ ὀφείλημα ἀποδοτέον ἐὰν δ ὑπερτείνηται ἡ δόσις τῷ καλῷ τουτέστιν εἰ δὲ κάλλιόν ἐστι καὶ	Aristotle	Michael of Ephesus	Ethica Nicomachea	In Ethica Nicomachea IX-X	
tlg0086.tlg010	3/#43	ancient_classical	4034.001	/476#3	11th_12th	0.0527	13	19	ὅσῳ βέλτιον καὶ τῆς φιλίας οἰκειότερον δόξειε δ ἂν ὁ διαλυόμενος οὐδὲν ἄτοπον ποιεῖν οὐ γὰρ τῷ τοιούτῳ φίλος ἦν ἀλλοιωθέντα οὖν ἀδυνατῶν ἀνασῶσαι ἀφίσταται εἰ δ ὃ μὲν διαμένοι ὃ δ ἐπιεικέστερος γίνοιτο καὶ πολὺ διαλλάττοι	τῆς λύσεώς ἐστι προτροπή ἐπή γαγε δόξειε δ ἂν ὁ διαλυόμενος μηδὲν ἄτοπον ποιεῖν οὐ γὰρ τῷ φαύλῳ φίλος ἦν ἀλλὰ τῷ σπουδαίῳ ὥστε οὐχ ὃν ἐφίλει ἀποβάλλεται οὐδ ᾧ φίλος ἦν τοῦτον ἀποστρέφεται ἀλλ ὃν οὐκ ἐφίλει τοῦτον ἀποφεύγει Εἰ δ ὁ μὲν διαμένοι ὁ	Aristotle	Michael of Ephesus	Ethica Nicomachea	In Ethica Nicomachea IX-X	
tlg0086.tlg010	3/#48	ancient_classical	4034.001	/547#2	11th_12th	0.0603	9	9	τοῖς ὀφθαλμιῶσιν ἢ οὕτω λέγοι τις ἄν ὅτι αἱ μὲν ἡδοναὶ αἱρεταί εἰσιν οὐ μὴν ἀπό γε τούτων ὥσπερ καὶ τὸ	ἁπλῶς δὲ ἀηδεστάτη ἢ οὕτω λέγοιτ ἄν ὅτι αἱ μὲν ἡδοναὶ αἱρεταί εἰσιν οὐ μὴν αἱ ἀπό γε τούτων τὸ ἀπό	Aristotle	Michael of Ephesus	Ethica Nicomachea	In Ethica Nicomachea IX-X	
tlg0086.tlg010	7/#40	ancient_classical	4034.001	/494#3	11th_12th	0.0545	11	17	δυνάμει τοῦτο ἐνεργείᾳ τὸ ἔργον μηνύει ἅμα δὲ καὶ τῷ μὲν εὐεργέτῃ καλὸν τὸ κατὰ τὴν πρᾶξιν ὥστε χαίρειν ἐν ᾧ τοῦτο τῷ δὲ παθόντι οὐδὲν καλὸν ἐν τῷ δράσαντι ἀλλ εἴπερ συμφέρον τοῦτο δ	οὐδέ ἐστιν αὐτοῦ τι ἐν ἐκείνῳ ἅμα δὲ καὶ τῷ μὲν εὐεργετηκότι καλὸν τὸ κατὰ τὴν πρᾶξιν ὁ μὲν εὖ ποιήσας ἔπραξέ τι καλὸν πρακτὸν καὶ τὸ τοιοῦτον πρακτὸν αὐτός ἐστιν ὁ εὖ παθών ᾗ εὖ πέπονθε καὶ μένει τὸ ἔργον αὐτοῦ τοῦ δράσαντος εὖ ἐν δὲ τῷ εὖ ποιήσαντι οὐδέν τι καλόν ἐστι τοῦ εὖ παθόντος ὥστε εὖ δράσας χαίρει ὁρῶν τὸ οἰκεῖον ἔργον καὶ φιλεῖ ὁ δὲ εὖ πεπονθὼς μηδέν τι βλέπων οἰκεῖον ἐν τῷ εὖ ποιήσαντι οὔτε χαίρει οὔτε φιλεῖ εἰπὼν δὲ παθόντι οὐδὲν καλὸν ἐν τῷ δρά σαντι ὅπερ ταὐτόν ἐστι τῷ	Aristotle	Michael of Ephesus	Ethica Nicomachea	In Ethica Nicomachea IX-X	
tlg0086.tlg010	8/#43	ancient_classical	4034.001	/596#2	11th_12th	0.1374	11	23	τῷ δικαίῳ δὴ εἰς τὰς ἀνταποδόσεις αἱ γὰρ βουλήσεις ἄδηλοι προσποιοῦνται δὲ καὶ οἱ μὴ δίκαιοι βούλεσθαι δικαιοπραγεῖν τῷ ἀνδρείῳ δὲ δυνάμεως εἴπερ ἐπιτελεῖ τι τῶν κατὰ τὴν ἀρετήν καὶ τῷ σώφρονι ἐξουσίας πῶς γὰρ δῆλος ἔσται ἢ οὗτος ἢ τῶν ἄλλων τις ἀμφισβητεῖταί τε πότερον κυριώτερον τῆς ἀρετῆς ἡ προαίρεσις ἢ αἱ πράξεις ὡς ἐν ἀμφοῖν οὔσης τὸ δὴ	δὲ φρόνιμος πάλιν ἑτέρων εἰπὼν δὲ αἱ γὰρ βουλήσεις ἄδηλοι τὴν αἰτίαν τούτου ἐπήγαγεν εἰπὼν προςποιοῦνται δὲ καὶ οἱ μὴ δίκαιοι βούλεσθαι δικαιοπραγεῖν οὓς οὐκ ἂν εἴποιμεν δικαίους διὰ τὴν τοῦ βούλεσθαι προσποίησιν ὅτι δὲ καὶ ὁ σώφρων τινῶν δεῖται δῆλον ἐλευ θέριος γὰρ μάλιστα ὁ γὰρ σωφρονῶν ὑπὸ παιδαγωγῷ τεταγμένος ἢ ἄλλῳ τινί ὃν φοβούμενος ἢ αἰδούμενος ἀπέχεται τῶν ἐκ τῆς ἁφῆς ἡδονῶν οὔ πω δῆλός ἐστιν εἰ σώφρων ὄντως ἐστίν Ἀμφισβητεῖται δὲ πότερον κυριώτερον τῆς ἀρετῆς ἡ προαίρεσις ἢ αἱ πράξεις Εἰπὼν ὅτι ἀπὸ τῶν πράξεων γνωρίζονται	Aristotle	Michael of Ephesus	Ethica Nicomachea	In Ethica Nicomachea IX-X	
tlg0086.tlg010	8/#48	ancient_classical	4034.001	/603#1	11th_12th	0.1809	14	19	ἔργοις ἀποδεκτέον διαφωνούντων δὲ λόγους ὑποληπτέον ὁ δὲ κατὰ νοῦν ἐνεργῶν καὶ τοῦτον θεραπεύων καὶ διακείμενος ἄριστα καὶ θεοφιλέστατος ἔοικεν εἰ γάρ τις ἐπιμέλεια τῶν ἀνθρωπίνων ὑπὸ θεῶν γίνεται ὥσπερ δοκεῖ καὶ εἴη ἂν εὔλογον χαίρειν τε αὐτοὺς τῷ ἀρίστῳ καὶ συγγενεστάτῳ τοῦτο δ ἂν εἴη ὁ νοῦς καὶ τοὺς	φους ἀνάρθρους καὶ παντάπασιν ἀσήμους Ὁ δὲ κατὰ νοῦν ἐνεργῶν καὶ τοῦτον θεραπεύων καὶ διακείμενος ἄριστα καὶ θεοφιλέστατος ἔοικεν εἶναι Θεοφιλέστατός ἐστιν ὃν φιλεῖ ὁ θεός θεοφιλὴς γὰρ ὁ φίλος θεῷ δείξας τὸν θεωρητικὸν εὐδαίμονα ἄριστον καὶ βέλτιστον καὶ αὐταρκέστατον καὶ τἄλλα ὅσα εἴρηται δείκνυσιν αὐτὸν καὶ θεοφιλέστατον λέγων εἰ ἐπι μελεῖται ἀνθρώπων τὸ θεῖον καὶ προνοεῖται τούτων ὥσπερ δοκεῖ τοῖς ἀρίστοις κατὰ φιλοσοφίαν καὶ δοκεῖ ἀληθεύειν εὔλογόν ἐστι χαίρειν μά λιστα τῷ ἀρίστῳ καὶ συγγενεστάτῳ τὸ δ ἄριστον καὶ συγγενέστατον τῷ θεῷ ὁ	Aristotle	Michael of Ephesus	Ethica Nicomachea	In Ethica Nicomachea IX-X	
tlg0086.tlg010	9/#33	ancient_classical	4034.001	/513#3	11th_12th	0.0619	8	18	Θέογνίς φησιν φυσικώτερον δ ἐπισκοποῦσιν ἔοικεν ὁ σπουδαῖος φίλος τῷ σπουδαίῳ τῇ φύσει αἱρετὸς εἶναι τὸ γὰρ τῇ φύσει ἀγαθὸν εἴρηται ὅτι τῷ σπουδαίῳ ἀγαθὸν καὶ ἡδύ ἐστι καθ αὑτό τὸ δὲ ζῆν ὁρίζονται τοῖς ζῴοις	καὶ ζῆν καὶ αἰσθάνεσθαι καὶ φρονεῖν τὸ γὰρ τῇ φύσει ἀγαθὸν εἴρηται ὅτι τῷ σπου δαίῳ ἀγαθὸν καὶ ἡδύ ἐστι καθ αὑτό εἴρηται καὶ πρότερον ὅτι τὸ εἶναι καὶ ζῆν ἀγαθὸν ὂν αἱρετόν ἐστι τῷ σπουδαίῳ τὰ γὰρ καθ αὑτὰ ἀγαθὰ φύσει ὄντα ἀγαθὰ τῷ σπουδαίῳ αἱρετά ἐστι τὸ δ εἶναι καὶ ζῆν φύσει καὶ καθ αὑτὸ ἀγαθόν ἐστιν αἱρετὸν ἄρα τῷ σπουδαίῳ τὸ τοιοῦτον ἔστι δὲ καὶ ὁ φίλος παραπλήσιος τῷ εἶναι ἡμᾶς καὶ ζῆν οἷον γὰρ ζωή τις τοῦ φίλου ὁ ἀγαθός ἐστι φίλος ὥστε φύσει αἱρετὸς ὁ σπουδαῖος φίλος τῷ	Aristotle	Michael of Ephesus	Ethica Nicomachea	In Ethica Nicomachea IX-X	
tlg0086.tlg010	9/#42	ancient_classical	4034.001	/612#1	11th_12th	0.0623	10	23	ἐν ταῖς πόλεσιν ἐνισχύει τὰ νόμιμα καὶ τὰ ἤθη οὕτω καὶ ἐν οἰκίαις οἱ πατρικοὶ λόγοι καὶ τὰ ἔθη καὶ ἔτι μᾶλλον διὰ τὴν συγγένειαν καὶ τὰς εὐεργεσίας προϋπάρχουσι γὰρ στέργοντες καὶ εὐπειθεῖς τῇ φύσει ἔτι δὲ καὶ διαφέρουσιν αἱ καθ ἕκαστον παιδεῖαι τῶν κοινῶν ὥσπερ ἐπ ἰατρικῆς καθόλου μὲν	ἐν ταῖς πό λεσιν ἰσχύουσιν οἱ νόμοι καὶ τὰ ἔθη οὕτω καὶ οἱ πατρικοὶ λόγοι ἐν οἰκίᾳ πρὸς τὴν τῶν καλῶν ἀντίληψιν αἰδεῖται γὰρ ὁ υἱὸς μὴ πείθεσθαι τῷ πατρὶ καὶ ταῦτα σπουδαίῳ ὄντι καὶ τῶν καλῶν ἐργάτῃ διά τε οὖν τοῦτο δύνανται οἱ τοῦ πατρὸς λόγοι καὶ διὰ τὴν συγγένειαν καὶ διὰ τὰς εὐεργεσίας πᾶς γὰρ τὸν εὐεργέτην αἰδεῖται οὐδεὶς γὰρ εὐεργετού μενος ὑποπτεύσειεν ἂν τὸν εὐεργέτην ὡς φθονῶν ἢ μισῶν ἀπάγει αὐτὸν ἐκ τῶν δοκούντων αὐτῷ καλῶν μὴ ὄντων δὲ καλῶν πειθόμεθα οὖν τοῖς συγγενέσι καὶ εὐεργέταις ὡς φιλοῦσιν ἡμᾶς συγγενέστατος δὲ πάντων ὁ πατήρ ἀλλὰ καὶ εὐεργετικώτατος τὸ γὰρ τῶν ἀγαθῶν μέγιστον τὸ εἶναι παρὰ τῶν πατέρων ἡμῖν Ἔτι δὲ καὶ διαφέρουσιν αἱ καθ ἕκαστον παιδεῖαι τῶν κοινῶν Καὶ διὰ τούτων τοὺς πατέρας προτρέπει	Aristotle	Michael of Ephesus	Ethica Nicomachea	In Ethica Nicomachea IX-X	
tlg0086.tlg010	10/#23	ancient_classical	4034.001	/520#2	11th_12th	0.0917	11	15	πρὸς ἡδονὴν δὲ ἀρκοῦσιν ὀλίγοι καθάπερ ἐν τῇ τροφῇ τὸ ἥδυσμα τοὺς δὲ σπουδαίους πότερον πλείστους κατ ἀριθμόν ἢ ἔστι τι μέτρον καὶ φιλικοῦ πλήθους ὥσπερ πόλεως οὔτε	δύο ἢ τρεῖς ὥσπερ γὰρ καὶ ἐν τῇ τροφῇ τὸ ἅλας τοῦτο γὰρ εἶπεν ἥδυσμα τὸ ὀλίγον ἡδύνει τὴν τροφήν τὸ δὲ πολὺ ἀηδῆ ταύτην ἀποτελεῖ καὶ ἄβρωτον οὕτως καὶ οἱ τὴν ἡδονὴν ἐμποιοῦντες ἀηδίας μᾶλλον οὐχ ἡδονῆς εἰσι ποιητικοί Τοὺς δὲ σπουδαίους πότερον πλείστους κατ ἀριθμόν ἢ ἔστι τι μέτρον φιλικοῦ πλήθους Καὶ ἐνταῦθα τὸ ἢ	Aristotle	Michael of Ephesus	Ethica Nicomachea	In Ethica Nicomachea IX-X	
tlg0086.tlg010	2/#37	ancient_classical	4034.001	/534#2	11th_12th	0.0711	12	21	ὄν ἕκαστον γὰρ τὸ αὑτῷ ἀγαθὸν εὑρίσκειν ὥσπερ καὶ τροφήν τὸ δὲ πᾶσιν ἀγαθόν καὶ οὗ πάντ ἐφίεται τἀγαθὸν εἶναι ἐπιστεύοντο δ οἱ λόγοι διὰ τὴν τοῦ ἤθους ἀρετὴν μᾶλλον ἢ δι αὑτούς διαφερόντως γὰρ ἐδόκει σώφρων εἶναι οὐ δὴ ὡς φίλος τῆς ἡδονῆς ἐδόκει ταῦτα λέγειν ἀλλ οὕτως ἔχειν	καὶ ἑαυτῷ συμφέρον ὅπερ ἡδύ ἐστιν εὑρίσκει ὥσπερ καὶ τροφήν ἔνεστι γὰρ ἐν ἅπασιν ἢ νοῦς ἢ νοῦ τις αὐγὴ καὶ ἔλλαμψις ὡς αὐτὸς ἐν ἄλλοις ἔδειξε καὶ φύσιες ζῴων ἀδίδακτοι ὡς Ἱπποκράτης εἴρηκεν ἐπιστεύοντο δὲ οἱ λόγοι διὰ τὴν τοῦ ἤθους ἀρετὴν μᾶλλον ἢ δι ἑαυτούς εἰ μὲν ἀκόλαστός τις ἦν ὁ λέγων τὴν ἡδονὴν τἀγαθόν οὐκ ἂν ἐπιστεύετο σωφρονέστατος δὲ ὢν καὶ σπουδαιότατος δικαίως ἐπιστεύετο τἀγαθὸν εἶναι λέγων αὐτήν οὐ γὰρ ὡς φίλος τῆς ἡδονῆς οὐδ ὡς δουλεύων αὐτῇ τι μᾶν	Aristotle	Michael of Ephesus	Ethica Nicomachea	In Ethica Nicomachea IX-X	
tlg0086.tlg010	5/#39	ancient_classical	4034.001	/564#2	11th_12th	0.0461	9	14	δὴ ἡδοναί φανείη δ ἂν τοῦτο καὶ ἐκ τοῦ συνῳκειῶσθαι τῶν ἡδονῶν ἑκάστην τῇ ἐνεργείᾳ ἣν τελειοῖ συναύξει γὰρ τὴν ἐνέργειαν ἡ οἰκεία	καὶ ἑτέρα τῆς κατ ἐνέργειαν αἰσθήσεως Φανείη δ ἂν τοῦτο καὶ ἐκ τοῦ συνῳκειῶσθαι τῶν ἡδο νῶν ἑκάστην τῇ ἐνεργείᾳ ἣν τελειοῖ Τὸ μὴ ὁμοειδεῖς εἶναι πάσας τὰς	Aristotle	Michael of Ephesus	Ethica Nicomachea	In Ethica Nicomachea IX-X	
tlg0086.tlg010	7/#40	ancient_classical	4034.001	/495#1	11th_12th	0.1531	18	21	ἀλλ εἴπερ συμφέρον τοῦτο δ ἧττον ἡδὺ καὶ φιλητόν ἡδεῖα δ ἐστὶ τοῦ μὲν παρόντος ἡ ἐνέργεια τοῦ δὲ μέλλοντος ἡ ἐλπίς τοῦ δὲ γεγενημένου ἡ μνήμη ἥδιστον δὲ τὸ κατὰ τὴν ἐνέργειαν καὶ φιλητὸν	αὐτοῦ παρὸ ὁ εὐεργετηθεὶς τὸν εὐεργετήσαντα Ἡδεῖα δ ἐστὶ τοῦ μὲν παρόντος ἡ ἐνέργεια τοῦ δὲ μέλλοντος ἡ ἐλπίς τοῦ δὲ γεγενημένου ἡ μνήμη Καὶ τοῦτο κατασκευαστικόν ἐστι τοῦ διὰ τὶ μᾶλλον φιλοῦσιν οἱ εὐερ γετήσαντες τοὺς εὐεργετηθέντας παρὸ οἱ εὖ παθόντες τοὺς εὐεργέτας εἴη δ ἂν ἡ ἀγωγὴ τοῦ λόγου τοιαύτη εἰ τὸ ἡδὺ φιλητὸν καὶ τὸ μᾶλλον ἡδὺ μᾶλλον φιλητόν ἀλλὰ μὴν τὸ ἡδὺ φιλητὸν καὶ τὸ μᾶλλον ἡδὺ μᾶλλον φιλητόν ἡδεῖα δέ ἐστι τοῦ μὲν παρόντος ἡ ἐνέργεια τοῦ δὲ γεγενημένου ἡ μνήμη τοῦ δὲ μέλλοντος ἡ ἐλπίς ἢ γὰρ ἐνεργῶν τὰ καλὰ ἥδεταί	Aristotle	Michael of Ephesus	Ethica Nicomachea	In Ethica Nicomachea IX-X	
tlg0086.tlg010	7/#46	ancient_classical	4034.001	/591#1	11th_12th	0.0538	8	15	ἐνέργεια τῆς κατὰ τὴν ἄλλην ἀρετήν εἰ δὴ θεῖον ὁ νοῦς πρὸς τὸν ἄνθρωπον καὶ ὁ κατὰ τοῦτον βίος θεῖος πρὸς τὸν ἀνθρώπινον βίον οὐ χρὴ δὲ κατὰ τοὺς παραινοῦντας ἀνθρώπινα φρονεῖν ἄνθρωπον ὄντα οὐδὲ θνητὰ τὸν	γὰρ ἀρετὴν τὴν πολιτικὴν εἶπεν εὐδαιμονίαν εἰ δὴ θεῖον ὁ νοῦς πρὸς τὸν ἄνθρωπον τουτέστιν εἰ ὁ ἄσχετος νοῦς καὶ ἀνεπίστροφος θειότερός ἐστι τοῦ ἐν σχέσει καὶ πρὸς τὴν ὕλην ῥέποντος καὶ ὁ βίος αὐτοῦ ἡ κατὰ νοῦν ἐνέργεια θειοτέρα τῆς ἀνθρωπίνης ζωῆς τῆς πολιτικῆς εὐδαιμονίας Οὐ χρὴ δὲ κατὰ τοὺς παραινοῦντας ἀνθρώπινα φρο νεῖν ἄνθρωπον ὄντα Τινὲς μὲν	Aristotle	Michael of Ephesus	Ethica Nicomachea	In Ethica Nicomachea IX-X	
tlg0086.tlg010	8/#35	ancient_classical	4034.001	/500#2	11th_12th	0.0824	12	17	καὶ ὡς ἐν αἰσχρῷ φιλαύτους ἀποκαλοῦσι δοκεῖ τε ὁ μὲν φαῦλος ἑαυτοῦ χάριν πάντα πράττειν καὶ ὅσῳ ἂν μοχθηρότερος ᾖ τοσούτῳ μᾶλλον ἐγκαλοῦσι δὴ αὐτῷ οἷον ὅτι οὐδὲν ἀφ ἑαυτοῦ πράττει ὁ δ ἐπιεικὴς διὰ τὸ καλόν	ἑαυτοῦ πάντα πράττων ἐδήλωσε διὰ τοῦτο δοκεῖ δ ὁ μὲν φαῦλος ἑαυτοῦ χάριν πάντα πράττειν καὶ ὅσῳ ἂν μοχθηρότερος καὶ κακίων ἐστί τοσούτῳ μᾶλλον χάριν ἑαυτοῦ πράττει δέον δὲ εἰπεῖν ὁ χάριν ἑαυτοῦ πάντα πράττων φαῦλος οὐκ εἶπεν οὕτως ἀλλ ὅτι ὁ φαῦλος χάριν ἑαυτοῦ πάντα πράττει ὡς ἀντιστρέφοντα τὸν λόγον ἀκούων οἷον ὅτι ὁ χάριν ἑαυτοῦ πάντα πράττων φαῦλος καὶ ὁ φαῦλος πάντα χάριν ἑαυτοῦ πράττει ἢ ῥητέον καὶ οὕτως ὁ φαῦλος χάριν ἑαυτοῦ πάντα πράττει ὁ χάριν ἑαυτοῦ πάντα πράττων φίλαυτος ὁ φαῦλος ἄρα φίλαυτος καὶ τὴν μὲν μείζονα πρότασιν κατὰ τὴν προτέραν συναγω γὴν διὰ τῆς εἰρημένης ἐδήλωσε λέξεως τὴν δὲ ἐλάττονα οὐ τέθεικεν ἐγκαλοῦσι δή φησί τῷ φιλαύτῳ ὅτι οὐδὲν ἀφ ἑαυτοῦ πράττει τουτέστιν οὐδὲν πόρρω ἑαυτοῦ ὁ γὰρ	Aristotle	Michael of Ephesus	Ethica Nicomachea	In Ethica Nicomachea IX-X	
tlg0086.tlg010	8/#46	ancient_classical	4034.001	/601#2	11th_12th	0.0228	10	14	ἄνευ τῶν ἐκτὸς ἀγαθῶν μακάριον εἶναι οὐ γὰρ ἐν τῇ ὑπερβολῇ τὸ αὔταρκες οὐδ ἡ πρᾶξις δυνατὸν δὲ καὶ μὴ ἄρχοντα γῆς καὶ θαλάττης πράττειν τὰ καλά καὶ γὰρ ἀπὸ μετρίων δύναιτ ἄν τις	οὐ πολ λῶν αὐτῷ τούτων χρεία οὐ γὰρ ἐν τῇ ὑπερβολῇ τὸ αὔταρκες οὐδ ἡ κρίσις τουτέστιν οὐδὲ τὴν αὐτάρκειαν δεῖ κρίνειν ἐκ τῆς τῶν χρημά των ὑπερβολῆς ἐπισφαλῶς γὰρ καὶ ἡμαρτημένως κρίνει ὁ λέγων ὅτι αὐτάρκης ἐστὶν ὁ πάνυ πολὺν πλοῦτον περιβεβλημένος οὐδ εὐδαιμονικὰς πράξεις δεῖ λέγειν τὰς ἀπὸ τῶν πλῆθος ἐχόντων πλούτου πραττομένας δυνατὸν γὰρ καὶ τοῖς ὀλίγοις καλῶς χρῆσθαι καὶ ἀπὸ ὀλίγων πράττειν τὰ καλά καὶ μάλιστα τὰς ἀρίστας ἐνεργεῖν ἐνεργείας τοῦ	Aristotle	Michael of Ephesus	Ethica Nicomachea	In Ethica Nicomachea IX-X	
tlg0086.tlg010	9/#33	ancient_classical	4034.001	/513#1	11th_12th	0.1058	12	17	ταῖς δ ἀπὸ κακίας δυσχεραίνει καθάπερ ὁ μουσικὸς τοῖς καλοῖς μέλεσιν ἥδεται ἐπὶ δὲ τοῖς φαύλοις λυπεῖται γίνοιτο δ ἂν καὶ ἄσκησίς τις τῆς ἀρετῆς ἐκ τοῦ συζῆν τοῖς ἀγαθοῖς καθάπερ καὶ Θέογνίς φησιν φυσικώτερον δ ἐπισκοποῦσιν ἔοικεν ὁ σπουδαῖος φίλος τῷ σπουδαίῳ τῇ φύσει αἱρετὸς εἶναι τὸ γὰρ τῇ φύσει ἀγαθὸν εἴρηται	ταῖς δ ἐναντίαις δυσχεραίνει ὥσπερ καὶ ὁ μουσικὸς τοῖς καλοῖς μέλεσι ταῦτα δ ἐστὶ τὰ ἐναρμόνια καὶ σύντονα τοῖς δ ἀναρμόστοις λυπεῖται διά τε δὴ οὖν ταῦτα φίλων δεῖται καὶ διὰ τὸ γίνεσθαι συνάσκησιν καὶ συγγυμνασίαν καὶ ἔτι παράθηξιν τῆς ἀρετῆς τοῖς ἀγαθοῖς ἐκ τοῦ συζῆν οὐ γὰρ οὕτως καθ αὑτόν τις περί τι γυμ νάζεσθαι καὶ ἐπιδιδόναι δύναται ὡς μετ ἄλλων Φυσικώτερον δὲ ἐπισκοποῦσιν ἔοικεν ὁ σπουδαῖος φίλος τῷ σπουδαίῳ τῇ φύσει αἱρετὸς εἶναι Αἱ προειρημέναι ἐπιχειρήσεις	Aristotle	Michael of Ephesus	Ethica Nicomachea	In Ethica Nicomachea IX-X	
tlg0086.tlg010	9/#35	ancient_classical	4034.001	/516#3	11th_12th	0.0498	17	17	γὰρ τοῦ καθ αὑτὸ ἀγαθοῦ ἥδονται ὡς δὲ πρὸς ἑαυτὸν ἔχει ὁ σπουδαῖος καὶ πρὸς τὸν φίλον ἕτερος γὰρ αὐτὸς ὁ φίλος ἐστίν καθάπερ οὖν τὸ αὐτὸν εἶναι αἱρετόν	τοῦ λόγου ἡ ἀπόδοσις ἐν τῷ ὡς δὲ πρὸς ἑαυτὸν ἔχει ὁ σπουδαῖος καὶ πρὸς τὸν φίλον ἕτερος γὰρ αὐτὸς ὁ φίλος ἐστίν ὃ δὲ λέγει τοιοῦτον ἂν εἴη ὁ τοῦ εὐδαίμονος φίλος ἕτερος αὐτός ἐστιν ὁ εὐδαίμων ὥστε καὶ ἡ ζωὴ τοῦ φίλου αὐτοῦ ἑτέρα αὐτή ἐστι τῆς τοῦ εὐδαίμονος ζωῆς αἱρεῖται δὲ ὁ εὐδαίμων καὶ πάνυ θέλει τὴν οἰκείαν ἔχειν ζωήν πᾶς γὰρ ὀρέγεται φύσει εἶναι καὶ ζῆν ὥστε φύσει φίλον ἔχειν αἱρεῖται ὥσπερ γὰρ πρὸς ἑαυτὸν ἔχει οὕτω καὶ πρὸς τὸν φίλον ἄλλος γάρ ἐστιν αὐτὸς ὁ φίλος καὶ εἴη	Aristotle	Michael of Ephesus	Ethica Nicomachea	In Ethica Nicomachea IX-X	
tlg0086.tlg010	9/#39	ancient_classical	4034.001	/607#2	11th_12th	0.0947	11	20	τὸ γὰρ σωφρόνως καὶ καρτερικῶς ζῆν οὐχ ἡδὺ τοῖς πολλοῖς ἄλλως τε καὶ νέοις διὸ νόμοις δεῖ τετάχθαι τὴν τροφὴν καὶ τὰ ἐπιτηδεύματα οὐκ ἔσται γὰρ λυπηρὰ συνήθη γενόμενα οὐχ ἱκανὸν δ ἴσως νέους ὄντας τροφῆς καὶ ἐπιμελείας τυχεῖν ὀρθῆς ἀλλ ἐπιεδὴ καὶ ἀνδρωθέντας δεῖ	ἡττᾶσθαί τε ἡδοναῖς αἷς μὴ δεῖ οὐχ ἡδὺ τοῖς πολλοῖς ἐπί λυπον δέ ἄχθονται γὰρ ἀποτυγχάνοντες τῶν ἡδέων διὸ δεῖ νόμους τετάχθαι προστάττοντας τὴν ἀγωγὴν εὐθὺς ἐκ βρέφους τὴν ἐπιτήδεια ποιήσουσαν τὰ ἤθη αὐτῶν μὴ δυσχεραίνειν ἐν ταῖς τῶν φαύλων ἡδονῶν ἀποτυχίαις εἰ δὲ τοῦτο δεῖ ἀναγκαῖόν ἐστι πολιτείας ἐκδοῦναι καὶ νόμους εἰπὼν δὲ διὸ νόμους χρὴ τετάχθαι ἐπήγαγεν οὐκ ἔσται γὰρ λυπηρὰ συνήθη γινόμενα ἀναγκαζομένων γὰρ ὑπὸ τῶν νόμων καὶ τῶν νομοφυλάκων πράττειν τὰ καλὰ καὶ ἀντέχειν πρὸς τὰς ἡδονάς οὐκ ἔσται τὸ καρτερεῖν αὐτοῖς ἐπίλυπον ἤδη ἐθισθεῖσι φέρειν γενναίως οὐδὲν γὰρ σύνηθες λυπηρόν Οὐχ ἱκανὸν δ ἴσως νέους ὄντας τροφῆς καὶ ἐπιμελείας τυχεῖν Ὃ λέγει τοιοῦτόν ἐστιν οὐ χρεία	Aristotle	Michael of Ephesus	Ethica Nicomachea	In Ethica Nicomachea IX-X	
tlg0086.tlg010	1/#48	ancient_classical	4034.001	/469#3	11th_12th	0.0517	13	13	οἴεται δικαιότερον εἶναι τάξαι τοῦ ἐπιτρέψαντος τὰ πολλὰ γὰρ οὐ τοῦ ἴσου τιμῶσιν οἱ ἔχοντες καὶ οἱ βουλόμενοι λαβεῖν τὰ γὰρ οἰκεῖα καὶ ἃ διδόασιν	προτρέπομαι ὁρίσαι καὶ τάξαι τὴν ἀντίδοσιν τὰ πολλὰ γὰρ οὐ τοῦ ἴσου τιμῶσιν οἱ ἔχοντες καὶ οἱ βουλόμενοι λαβεῖν καὶ τοῦτο ἐκ τῶν εἰωθότων ὡς ἐπὶ τὸ πλεῖ στον γίνεσθαι τυγχάνει ὡς ἐπὶ τὸ πολὺ γὰρ οἱ ἔχοντες ἅπερ ἔχουσιν πολλῆς φασι τιμῆς	Aristotle	Michael of Ephesus	Ethica Nicomachea	In Ethica Nicomachea IX-X	
tlg0086.tlg010	1/#49	ancient_classical	4034.001	/530#3	11th_12th	0.0532	8	22	συνῳκειῶσθαι τῷ γένει ἡμῶν διὸ παιδεύουσι τοὺς νέους οἰακίζοντες ἡδονῇ καὶ λύπῃ δοκεῖ δὲ καὶ πρὸς τὴν τοῦ ἤθους ἀρετὴν μέγιστον εἶναι τὸ χαίρειν οἷς δεῖ καὶ μισεῖν ἃ δεῖ διατείνει γὰρ ταῦτα διὰ παντὸς τοῦ	οἰκείωσιν καὶ ἀγάπην αὐτῆς παιδεύειν σπεύδομεν τοὺς νέους οἰακίζοντες ἡδονῇ καὶ λύπῃ ἔστι δὲ τὸ οἰακίζοντες ταὐτὸν τῷ ἀπευθύνοντες καὶ κυβερνῶντες ὡς γὰρ διὰ τῶν οἰάκων τὰ πλοῖα πρὸς τοὺς λιμένας τοιωσδὶ περιαγόμενα καὶ οὑτωσὶ διευθυνόμενα διασώζεται οὕτως καὶ οἱ νέοι ὥσπερ ἐν λιμένι ταῖς ἀρεταῖς δι ἡδονῆς τὸ γὰρ ἐθίζειν αὐτοὺς ἥδεσθαι οἷς δεῖ χαίρειν καὶ λυπεῖσθαι μὴ πράττοντας ἃ δεῖ πράττειν κυβέρνησίς ἐστι πρὸς λιμένα τὴν ἀρετήν ὥσπερ δὴ πρὸς κακίαν ὁδός ἐστι τὸ χαίρειν καὶ λυπεῖσθαι οἷς οὐ δεῖ μέγιστον δή φησίν καὶ πρὸς τὴν τοῦ ἤθους ἀρετὴν τὸ χαίρειν οἷς δεῖ ἤθους ἀρετὴν εἰπὼν αὐτὴν τὴν ἀρετήν ὡς εἰ ἔλεγε δοκεῖ δὲ καὶ πρὸς τὴν τῆς ἠθικῆς ἀρετῆς κτῆσιν μέγιστα συντελεῖν τὸ χαίρειν οἷς δεῖ καὶ φεύγειν ἃ δεῖ καὶ δέδεικται τοῦτο	Aristotle	Michael of Ephesus	Ethica Nicomachea	In Ethica Nicomachea IX-X	
tlg0086.tlg010	2/#33	ancient_classical	4034.001	/471#3	11th_12th	0.0936	9	14	τὸν λυσάμενον ἀντιλυτρωτέον κἂν ὁστισοῦν ᾖ ἢ μὴ ἑαλωκότι ἀπαιτοῦντι δὲ ἀποδοτέον ἢ τὸν πατέρα λυτρωτέον δόξειε γὰρ ἂν καὶ ἑαυτοῦ μᾶλλον τὸν πατέρα ὅπερ οὖν εἴρηται καθόλου μὲν τὸ ὀφείλημα ἀποδοτέον	οὖν λέγει ταῦτά ἐστι τὸ δὲ ἢ μὴ ἑαλωκότι ἀπαιτοῦντι δὲ τοιοῦτόν ἐστιν ἆρά γε κἂν ἑάλω ὁ λυ τρωσάμενος Ἀντισθένης κἂν μὴ ἑάλω ἀπαιτῇ δὲ τὸ ὄφλημα ἀποδοῦναι δεῖ τὸν Πολέμαρχον καταφρονήσαντα τοῦ πατρός Ὅπερ οὖν εἴρηται καθόλου μὲν τὸ ὀφείλημα ἀπο δοτέον Τὸ καθόλου ἀντὶ τοῦ	Aristotle	Michael of Ephesus	Ethica Nicomachea	In Ethica Nicomachea IX-X	
tlg0086.tlg010	2/#34	ancient_classical	4034.001	/472#2	11th_12th	0.0397	13	13	δέ οὐκ ἂν δόξαιεν ἄτοπα ποιεῖν ὅπερ οὖν πολλάκις εἴρηται οἱ περὶ τὰ πάθη καὶ τὰς πράξεις λόγοι ὁμοίως ἔχουσι τὸ ὡρισμένον τοῖς περὶ ἅ εἰσιν	εὔπορον καὶ ὄργανα κα κουργίας ἔχειν ὅπερ οὖν πολλάκις εἶπε οἱ περὶ τὰ πάθη καὶ τὰς πράξεις λόγοι ὁμοίως ἔχουσι πάθη λέγει θάρρη καὶ φόβους ἐπιθυ	Aristotle	Michael of Ephesus	Ethica Nicomachea	In Ethica Nicomachea IX-X	
tlg0086.tlg010	5/#38	ancient_classical	4034.001	/563#4	11th_12th	0.1274	15	15	καθάπερ καὶ ἐπὶ τῶν ἀγωνιστῶν εἴπομεν ὅθεν δοκοῦσι καὶ τῷ εἴδει διαφέρειν τὰ γὰρ ἕτερα τῷ εἴδει ὑφ ἑτέρων οἰόμεθα τελειοῦσθαι οὕτω γὰρ φαίνεται καὶ τὰ φυσικὰ	ἡδονῆς οὔθ ἡ ἡδονὴ τού των ὅθεν δοκοῦσι καὶ τῷ εἴδει διαφέρειν τὰ γὰρ ἕτερα τῷ εἴδει ὑφ ἑτέρων οἰόμεθα τελειοῦσθαι τῶν ἐνεργειῶν ἑτέρων τῷ εἴδει οὐσῶν	Aristotle	Michael of Ephesus	Ethica Nicomachea	In Ethica Nicomachea IX-X	
tlg0086.tlg010	7/#44	ancient_classical	4034.001	/588#2	11th_12th	0.0582	8	18	δυναστείας καὶ τιμὰς ἢ τήν γε εὐδαιμονίαν αὑτῷ καὶ τοῖς πολίταις ἑτέραν οὖσαν τῆς πολιτικῆς ἣν καὶ ζητοῦμεν δῆλον ὡς ἑτέραν οὖσαν εἰ δὴ τῶν μὲν κατὰ τὰς ἀρετὰς πράξεων αἱ πολιτικαὶ καὶ πολεμικαὶ κάλλει καὶ μεγέθει προέχουσιν αὗται δ	τῶν πέριξ πόλεων καὶ τιμᾶσθαι καὶ αὐτὸν καὶ τοὺς πολίτας πρὸς ἁπάντων ἐν ἀφθονίᾳ τε τυγχάνειν πάντων τῶν πρὸς ζωήν πῶς ἂν τὸν οὕτως ἔχοντα φήσειεν ἄν τις ἄσχολον εἶναι ἡ μὲν διά νοια τῶν προκειμένων συλλαβῶν αὕτη τὴν δὲ λέξιν τὴν ἑτέραν τῆς πολιτικῆς ἣν καὶ ζητοῦμεν ὑπερβατῶς ἀναγνωστέον ἑτέραν οὖσαν ἣν καὶ ζητοῦμεν τῆς πολιτικῆς λέγει δὲ ὅτι ὁ εὐδαίμων ἑαυτῷ καὶ τοῖς πολίταις δυναστείας περιποιούμενος καὶ ἡ τοιαύτη εὐδαιμονία ἑτέρα ἐστὶ τῆς θεωρητικῆς εὐδαιμονίας ἣν θεωρητικὴν εὐδαιμονίαν ζητοῦμεν νῦν ὁ δὲ καὶ σύνδεσμος ἐκ περιττοῦ κεῖται νῦν ἔστι γὰρ τὸ ὀρθὸν τοιοῦτον ἑτέραν οὖσαν ἣν ζητοῦμεν τῆς πολιτικῆς Εἰ δὴ τῶν κατὰ τὰς ἀρετὰς πράξεων αἱ πολιτικαὶ καὶ πολεμικαί Ταῦτα οἷον συμπέρασμά εἰσι τῶν περὶ	Aristotle	Michael of Ephesus	Ethica Nicomachea	In Ethica Nicomachea IX-X	
tlg0086.tlg010	7/#46	ancient_classical	4034.001	/592#1	11th_12th	0.0529	10	10	αὑτοῦ βίον αἱροῖτο ἀλλά τινος ἄλλου τὸ λεχθέν τε πρότερον ἁρμόσει καὶ νῦν τὸ γὰρ οἰκεῖον ἑκάστῳ τῇ φύσει κράτιστον καὶ ἥδιστόν	τὸν τοῦ πολιτικοῦ ἢ τοῦ ἀπολαυστικοῦ τὸ λεχθέν τε πρότερον ἁρμόσει καὶ νῦν τὸ γὰρ οἰκεῖον τῇ φύσει κράτιστον	Aristotle	Michael of Ephesus	Ethica Nicomachea	In Ethica Nicomachea IX-X	
tlg0086.tlg010	8/#36	ancient_classical	4034.001	/502#2	11th_12th	0.0717	13	18	πρὸς αὑτόν καὶ τὰ λοιπὰ δὴ πάνθ οἷς ὁ φίλος ὁρίζεται εἴρηται γὰρ ὅτι ἀπ αὐτοῦ πάντα τὰ φιλικὰ καὶ πρὸς τοὺς ἄλλους διήκει καὶ αἱ παροιμίαι δὲ πᾶσαι ὁμογνωμονοῦσιν	καὶ ἑαυτῶν ἕνεκα καὶ τὸ λοιπὰ πάντα οἷς ὁ φίλος ὁρίζεται μάλιστα ἑαυτοῖς ὑπάρχειν βούλονται εἰσὶ δὲ τὰ λοιπὰ πάντα ἀπὸ τῶν παροιμιῶν δηλούμενα ἃ μετ ὀλίγον ῥηθήσεται τὸ δὲ εἴρηται γάρ ὅτι ἀπ αὐτοῦ πάντα τὰ φιλικὰ καὶ πρὸς τοὺς ἄλλους διήκει τοιοῦτόν ἐστιν αἱ φιλίαι ταύτας γὰρ εἶπε φιλικά καὶ πρὸς τοὺς ἄλλους διήκουσιν ὅταν φιλῶσι τοὺς φίλους ὡς	Aristotle	Michael of Ephesus	Ethica Nicomachea	In Ethica Nicomachea IX-X	
tlg0086.tlg010	8/#39	ancient_classical	4034.001	/505#3	11th_12th	0.0465	9	14	γὰρ αὐτὸς ὀνήσεται τὰ καλὰ πράττων καὶ τοὺς ἄλλους ὠφελήσει τὸν δὲ μοχθηρὸν οὐ δεῖ βλάψει γὰρ καὶ ἑαυτὸν καὶ τοὺς πέλας φαύλοις πάθεσιν ἑπόμενος τῷ μοχθηρῷ μὲν	ἑαυτοῦ ἕνεκα καὶ πράττων αὐτὸς ὀνήσεται καὶ τοὺς ἄλλους ὠφελήσει τὸν δὲ μοχθηρὸν οὐ δεῖ φίλαυτον εἶναι ὑπολαμ βάνων γὰρ ὁ μοχθηρὸς ἑαυτὸν εἶναι οὐ τὸν ἐν ἡμῖν νοῦν ἀλλὰ τὸ σῶμα τοῦτο καὶ τὴν σὺν αὐτῷ φθειρομένην ἀλόγιστον ζωήν θεραπεύει οἰόμενος δὲ διὰ ταύτην τὴν ἡμαρτημένην ὑπόληψιν οἰκειότατον ἀγαθὸν ἀνθρώπῳ εἶναι τρυφὴν καὶ πᾶσαν σωματικὴν ἡδονήν ταῦτα διώξει καὶ αἱρήσεται ὥστε καὶ ἔσται διὰ τοῦτο ἄδικος καὶ πλεονέκτης πόθεν γὰρ ἂν εὐποροίη πληροῦν τετρημένον πίθον μὴ ἀδικῶν καὶ ἁρπάζων ἀδικῶν δὲ βλάψει καὶ ἑαυτὸν καὶ τοὺς πέλας πράξει γὰρ ἐξ ἀνάγκης ἃ οἴεται	Aristotle	Michael of Ephesus	Ethica Nicomachea	In Ethica Nicomachea IX-X	
tlg0086.tlg010	9/#30	ancient_classical	4034.001	/509#2	11th_12th	0.0915	10	20	πεισομένων δεήσεται ὁ σπουδαῖος διὸ καὶ ἐπιζητεῖται πότερον ἐν εὐτυχίαις μᾶλλον δεῖ φίλων ἢ ἐν ἀτυχίαις ὡς καὶ τοῦ ἀτυχοῦντος δεομένου τῶν εὐεργετησόντων καὶ τῶν εὐτυχούντων οὓς εὖ ποιήσουσιν ἄτοπον δ ἴσως καὶ τὸ μονώτην ποιεῖν τὸν μακάριον οὐδεὶς γὰρ ἕλοιτ ἂν καθ αὑτὸν	χοῦντες δὲ ἵνα τυγχάνωμεν ἐπικουρίας εἰκότως ἐζητεῖτο πότερον ἐν εὐτυχίαις μᾶλλον δεῖ φίλων ἢ ἐν ἀτυχίαις καὶ δῆλον ὅτι ἐπίσης ἐν ἀμφοτέραις ἢ εἴπερ μᾶλλον ἐν δυστυχίαις ἄτοπον δ ἴσως καὶ τὸ μονώτην ποιεῖν τὸν μακάριον τὸ ἴσως πρόσκειται διὰ τὸν εὐδαί	Aristotle	Michael of Ephesus	Ethica Nicomachea	In Ethica Nicomachea IX-X	
tlg0086.tlg010	9/#31	ancient_classical	4034.001	/511#4	11th_12th	0.0869	10	18	ὑπάρχει ὥσπερ κτῆμά τι εἰ δὲ τὸ εὐδαιμονεῖν ἐστὶν ἐν τῷ ζῆν καὶ ἐνεργεῖν τοῦ δ ἀγαθοῦ ἡ ἐνέργεια σπουδαία καὶ ἡδεῖα καθ αὑτήν καθάπερ ἐν ἀρχῇ εἴρηται ἔστι δὲ	ἂν εἴη εἰ τὸ εὐδαιμονεῖν φησίν ἐστὶν ἐν τῷ ζῆν καὶ ἐνεργεῖν τουτέστιν εἰ τὸ εὐδαιμονεῖν ἐστι ζωὴ καὶ ἐνεργεία σαφηνίζων δὲ τίς ἡ τοιαύτη ζωή ἐπήγαγε τοῦ δ ἀγαθοῦ ἡ ἐνέργεια σπουδαία καὶ ἡδεῖα καθ αὑτήν δυνάμει λέγων ὅταν εἴπω ὅτι τὸ εὐδαιμονεῖν ἐστιν ἐν τῷ ζῆν καὶ ἐνεργεῖν οὐδὲν ἕτερον λέγων ἢ ὅτι τὸ	Aristotle	Michael of Ephesus	Ethica Nicomachea	In Ethica Nicomachea IX-X	
tlg0086.tlg010	1/#49	ancient_classical	4034.001	/530#2	11th_12th	0.0731	8	18	ἄξιον ἀλλ ὅσου πρὶν ἔχειν ἐτίμα μετὰ δὲ ταῦτα περὶ ἡδονῆς ἴσως ἕπεται διελθεῖν μάλιστα γὰρ δοκεῖ συνῳκειῶσθαι τῷ γένει ἡμῶν διὸ παιδεύουσι τοὺς νέους οἰακίζοντες ἡδονῇ καὶ λύπῃ δοκεῖ δὲ καὶ πρὸς τὴν	ἐστιν ἀλλά τι τῶν συμβαινόντων αὐτῇ μάλιστα γὰρ δοκεῖ συνῳκειῶσθαι τῷ γένει ἡμῶν διὰ τούτων φαίνεται ὅτι δι εὐλάβειαν τὸ ἴσως τέθεικεν εἰπεῖν γὰρ ἔδει μετὰ δὲ ταῦτα περὶ ἡδονῆς ἀναγκαῖόν ἐστιν ηὐλαβήθη δὲ τὴν τῶν πολλῶν νέμεσιν καὶ διὰ ταύτην τὴν εὐλάβειαν ἀντὶ τοῦ ἀνάγκη τὸ ἴσως τέθεικεν ὅτι δὲ ἀνάγκη τῷ περὶ τῶν ἀρετῶν ἀμφοτέρων τῶν τε τοῦ ἀλόγου μέρους τῆς ψυχῆς καὶ τῶν τοῦ λογικοῦ λέγοντι περὶ ἡδονῆς εἰπεῖν δῆλον τοῖς προσέχουσι τοῖς λεγομένοις εἰ γὰρ οἰκεία τῇ φύσει ἡμῶν ἐστι καὶ ὡς οἰκείαν ἅπαντες αἱρούμεθα καὶ διώκομεν οὐκ ἴσως ἀλλ ἀνάγκη γινώσκειν τί πότ ἐστι τοῦτο ὃ συνῳκείωται τῷ γένει ἡμῶν καὶ οὕτως οἰκειότατόν ἐστιν ὡς πλέον τῶν ἄλλων τῶν συνῳκειωμένων ἡμῖν ἐπιδιώκεσθαι παρ ἡμῶν καὶ ἀγα πᾶσθαι δι ἣν οἰκείωσιν καὶ ἀγάπην αὐτῆς παιδεύειν σπεύδομεν τοὺς νέους οἰακίζοντες ἡδονῇ καὶ	Aristotle	Michael of Ephesus	Ethica Nicomachea	In Ethica Nicomachea IX-X	
tlg0086.tlg010	3/#41	ancient_classical	4034.001	/474#2	11th_12th	0.0655	8	15	ταχεῖα φιλίας γίνεται φιλία δ οὔ ἔχει δ ἀπορίαν καὶ περὶ τοῦ διαλύεσθαι τὰς φιλίας ἢ μὴ πρὸς τοὺς μὴ διαμένοντας ἢ πρὸς μὲν τοὺς διὰ τὸ	δὲ πειρατέον κρίνειν τὸ ἑκάστοις οἰκεῖον Ἔχει δ ἀπορίαν καὶ περὶ τοῦ διαλύεσθαι τὰς φι λίας ἢ μὴ πρὸς τοὺς μὴ διαμένοντας Καὶ τὸ διαλύεσθαι τὰς φιλίας καὶ τὸ μὴ κακὸν ἐδόκει τοῖς	Aristotle	Michael of Ephesus	Ethica Nicomachea	In Ethica Nicomachea IX-X	
tlg0086.tlg010	4/#29	ancient_classical	4034.001	/482#3	11th_12th	0.0305	8	13	φιλία ἀφείσθω ἐπὶ τοῦ παρόντος δόξειε δ ἂν ταύτῃ εἶναι φιλία ᾗ ἐστὶ δύο ἢ πλείω ἐκ τῶν εἰρημένων καὶ ὅτι ἡ ὑπερβολὴ τῆς φιλίας τῇ πρὸς αὑτὸν ὁμοιοῦται φαίνεται δὲ τὰ εἰρημένα καὶ τοῖς πολλοῖς ὑπάρχειν καίπερ οὖσι φαύλοις ἆρ οὖν ᾗ	φέρεται καὶ ἄλλη γραφή ἔχουσα οὕτω δόξειε δ ἂν ταύτῃ εἶναι φι λία ᾗ οὐκ ἔστι δύο τὰ αὐτὰ καὶ διὰ τῆς γραφῆς ταύτης λέγων εἰ γὰρ καὶ δύο ἐστὶ τὸ λογικὸν καὶ τὸ ἄλογον ἀλλ οὖν φιλία τότε ἐστὶ πρὸς ἑαυτόν ὅταν ταῦτα ἓν ὦσι τοῦτό τε οὖν οὕτως ἔχει καὶ ὅτι ἡ πρὸς τὸν φίλον τοῦ φιλοῦντος ὑπερβάλλουσα φιλία ὁμοία ἐστὶ τῇ πρὸς ἑαυτὸν τὸν φιλοῦντα ὁ γὰρ φιλῶν τινα ὡς ἑαυτὸν ὑπερβαλλόντως φιλεῖ φαίνεται δὴ τὰ εἰρημένα καὶ τοῖς πολλοῖς ὑπάρχειν εἰρημένα λέγει τὸ βούλεσθαι τὸν σπουδαῖον	Aristotle	Michael of Ephesus	Ethica Nicomachea	In Ethica Nicomachea IX-X	
tlg0086.tlg010	4/#35	ancient_classical	4034.001	/556#3	11th_12th	0.061	14	21	πρὸς τὸ σπουδαιότατον τῶν ὑπ αὐτήν τελειοῖ δὲ τὴν ἐνέργειαν ἡ ἡδονή οὐ τὸν αὐτὸν δὲ τρόπον ἥ τε ἡδονὴ τελειοῖ καὶ τὸ αἰσθητόν τε καὶ ἡ αἴσθησις σπουδαῖα ὄντα ὥσπερ οὐδ ἡ ὑγίεια καὶ ὁ ἰατρὸς ὁμοίως αἰτία ἐστὶ τοῦ ὑγιαίνειν καθ ἑκάστην δ αἴσθησιν ὅτι γίνεται ἡδονή δῆλον φαμὲν γὰρ ὁράματα καὶ ἀκούσματα εἶναι ἡδέα δῆλον δὲ καὶ ὅτι μάλιστα ἐπειδὰν ἥ τε αἴσθησις ᾖ κρατίστη καὶ πρὸς τοιοῦτον ἐνεργῇ τοιούτων δ ὄντων τοῦ τε αἰσθητοῦ καὶ τοῦ αἰσθανομένου ἀεὶ ἔσται ἡδονὴ ὑπάρχοντός γε τοῦ τε ποιήσοντος καὶ τοῦ πεισομένου τελειοῖ δὲ τὴν ἐνέργειαν ἡ ἡδονὴ οὐχ ὡς ἡ ἕξις ἐνυπάρχουσα ἀλλ ὡς	καὶ εἴη ἂν τὸ πλῆρες τοιοῦτον οὐ τὸν αὐτὸν δὲ τρόπον τελειοῖ τὴν ἐνέργειαν ἡ ἡδονὴ καὶ τὴν αἴσθησιν τὸ αἰσθητὸν καὶ ἡ αἴσθησις μήποτε δὲ χρὴ ἀντὶ τοῦ καὶ ἡ αἴσθησις γράφειν τὴν αἴσθησιν ἵν ᾖ ἡ λέξις τοιαύτη τελειοῖ δὲ τὴν ἐνέργειαν ἡ ἡδονή οὐ τὸν αὐτὸν δὲ τρόπον ἥ τε ἡδονὴ καὶ τὸ αἰσθητὸν τὴν αἴσθησιν κἂν	Aristotle	Michael of Ephesus	Ethica Nicomachea	In Ethica Nicomachea IX-X	
tlg0086.tlg010	7/#41	ancient_classical	4034.001	/579#2	11th_12th	0.0637	13	13	αὕτη δ ἂν εἴη τοῦ ἀρίστου εἴτε δὴ νοῦς τοῦτο εἴτε ἄλλο τι ὃ δὴ κατὰ φύσιν δοκεῖ ἄρχειν καὶ ἡγεῖσθαι καὶ ἔννοιαν ἔχειν περὶ	καὶ ὁ ὄντως καὶ ἀληθινὸς ἄνθρωπος εἴτε δὴ νοῦς τοῦτο εἴτε ἄλλο τι ὃ δὴ κατὰ φύσιν δοκεῖ ἄρχειν ἐπὶ μὲν τῶν φαύλων καὶ ἀκολασίαις χαιρόντων ἄρχει παρὰ φύσιν τὸ χεῖρον τοῦ κρείττονος ἐπὶ δὲ τῶν σπουδαίων ἄρχει τὸ κρεῖττον ὁ λόγος τοῦ χείρονος τῆς ἀλόγου ζωῆς εἰπὼν δὲ τὴν κατὰ νοῦν εὐδαιμονίαν ἐνέργειαν εἶναι τοῦ ἐν ἡμῖν ἀρίστου καὶ πεφυκότος ἄρχειν καὶ κρατεῖν τοῦ ἐν ἡμῖν δήμου τοῦ ἀλόγου μέρους τῆς ψυχῆς ἐπήγαγεν εἴτε δὴ νοῦς ἐστι τοῦτο ἐν ἡμῖν ἄριστον δυνάμει λέγων εἴτε δὴ νοῦν αὐτὸ χρὴ καλεῖν ὡς ἐγὼ αὐτὸ ὀνομάζω	Aristotle	Michael of Ephesus	Ethica Nicomachea	In Ethica Nicomachea IX-X	
tlg0086.tlg010	7/#42	ancient_classical	4034.001	/579#3	11th_12th	0.0477	10	10	θείων εἴτε θεῖον ὂν καὶ αὐτὸ εἴτε τῶν ἐν ἡμῖν τὸ θειότατον ἡ τούτου ἐνέργεια κατὰ τὴν οἰκείαν ἀρετὴν εἴη ἂν ἡ	ὡς καὶ τοῦθ ὁ Πλάτων λέγει εἴτε τῶν ἐν ἡμῖν τὸ θειότατον ἡ τούτου ἐνέργεια κατ ἀρετήν τὴν νοερὰν δηλονότι ζωήν εἴη	Aristotle	Michael of Ephesus	Ethica Nicomachea	In Ethica Nicomachea IX-X	
tlg0086.tlg010	7/#46	ancient_classical	4034.001	/592#2	11th_12th	0.0729	10	17	αὑτοῦ βίον αἱροῖτο ἀλλά τινος ἄλλου τὸ λεχθέν τε πρότερον ἁρμόσει καὶ νῦν τὸ γὰρ οἰκεῖον ἑκάστῳ τῇ φύσει κράτιστον καὶ ἥδιστόν ἐστιν ἑκάστῳ καὶ τῷ ἀνθρώπῳ δὴ ὁ	τὸν τοῦ πολιτικοῦ ἢ τοῦ ἀπολαυστικοῦ τὸ λεχθέν τε πρότερον ἁρμόσει καὶ νῦν τὸ γὰρ οἰκεῖον τῇ φύσει κράτιστον ὅτι τὸ ᾠκειωμένον ἑκάστου τῇ φύσει κράτιστον καὶ ἄριστον καὶ ἥδιστόν ἐστιν ἐκείνῃ εἴρηται πρότερον ὅτε περὶ ἡδονῆς	Aristotle	Michael of Ephesus	Ethica Nicomachea	In Ethica Nicomachea IX-X	
tlg0086.tlg010	8/#41	ancient_classical	4034.001	/593#3	11th_12th	0.1736	17	21	ταῦτα δ εἶναι φαίνεται πάντα ἀνθρωπικά ἔνια δὲ καὶ συμβαίνειν ἀπὸ τοῦ σώματος δοκεῖ καὶ πολλὰ συνῳκειῶσθαι τοῖς πάθεσιν ἡ τοῦ ἤθους ἀρετή συνέζευκται δὲ καὶ ἡ φρόνησις τῇ τοῦ ἤθους ἀρετῇ καὶ αὕτη	πάθη ὡς εἴρηται τοῦ συνθέτου εἰσίν Ἔνια δὲ καὶ συμβαίνειν ἀπὸ τοῦ σώματος δοκεῖ καὶ πολλὰ συνῳκειῶσθαι τοῖς πάθεσιν ἡ τοῦ ἤθους ἀρετή Καὶ διὰ τούτων τὸ αὐτὸ δεικνύει λέγω δὴ τὸ τὰς ἠθικὰς ἀρετὰς καὶ τὰς κατ αὐτὰς ἐνεργείας ἀνθρωπικὰς εἶναι εἰσὶ γάρ φησί τινὲς φύσει σώφρονες καὶ ἀνδρεῖοι καὶ δίκαιοι τοῦτο δ αὐτοῖς ὑπάρχει ἀπὸ τοῦ σώ ματος ἤτοι ἀπὸ τῆς ποιᾶς τοῦ σώματος κράσεως καὶ τῆς τῶν στοιχείων τοῦ σώματος συνδρομῆς καὶ συμπήξεως ὥστε τοῦ συνθέτου εἰσὶ καὶ αἱ ἀπ αὐτῶν ἐνέργειαι εἰπὼν δὲ ἔνια δὲ καὶ συμβαίνειν ἀπὸ τοῦ σώματος δοκεῖ ἐπήγαγε καὶ πολλὰ συνῳκειῶσθαι τοῖς πάθεσιν ἡ τοῦ ἤθους ἀρετή ὥσπερ γὰρ οὐ πᾶσα ἡδονή ὡς	Aristotle	Michael of Ephesus	Ethica Nicomachea	In Ethica Nicomachea IX-X	
tlg0086.tlg010	8/#42	ancient_classical	4034.001	/595#1	11th_12th	0.0529	9	14	ἀρχαὶ κατὰ τὰς ἠθικάς εἰσιν ἀρετάς τὸ δ ὀρθὸν τῶν ἠθικῶν κατὰ τὴν φρόνησιν συνηρτημέναι δ αὗται καὶ τοῖς πάθεσι περὶ τὸ σύνθετον ἂν εἶεν αἱ	διὰ τὸ ἐλλιπὲς εἶναι ἡ λέγουσα τὸ δ ὀρθὸν τῶν ἠθικῶν κατὰ τὴν φρόνησιν εἴη δ ἂν τὸ πλῆρες τοιοῦτον τὸ δ ὀρθὸν τέλος ὅπερ ἡμῖν ὅτι ὀρθὸν καὶ ἀγαθὸν γνώριμόν ἐστιν ἀπὸ τῆς ἠθικῆς ἀρετῆς ἀπὸ γὰρ ταύτης γνωρίζομεν ὅτι ὀρθόν ἐστι τοῦτο δὲ τὸ ὀρθὸν τέλος κατὰ τὴν φρόνησιν τουτέστιν ἀπὸ τῆς φρονήσεως ἐπικτώμεθα ἡ φρό νησις γὰρ ἡμῖν δεικνύει τὰ πρὸς ἐκεῖνο φέροντα ἀλλὰ καὶ τὸ τῆς λέξεως τὸ συνηρτημέναι δὲ αὐταῖς καὶ τοῖς πάθεσι τοιοῦτόν ἐστι συνε ζευγμέναι οὖσαι αἱ	Aristotle	Michael of Ephesus	Ethica Nicomachea	In Ethica Nicomachea IX-X	
tlg0086.tlg010	8/#42	ancient_classical	4034.001	/593#3	11th_12th	0.1478	14	18	συμβαίνειν ἀπὸ τοῦ σώματος δοκεῖ καὶ πολλὰ συνῳκειῶσθαι τοῖς πάθεσιν ἡ τοῦ ἤθους ἀρετή συνέζευκται δὲ καὶ ἡ φρόνησις τῇ τοῦ ἤθους ἀρετῇ καὶ αὕτη τῇ φρονήσει εἴπερ αἱ μὲν	τοῦ συνθέτου εἰσίν Ἔνια δὲ καὶ συμβαίνειν ἀπὸ τοῦ σώματος δοκεῖ καὶ πολλὰ συνῳκειῶσθαι τοῖς πάθεσιν ἡ τοῦ ἤθους ἀρετή Καὶ διὰ τούτων τὸ αὐτὸ δεικνύει λέγω δὴ τὸ τὰς ἠθικὰς ἀρετὰς καὶ τὰς κατ αὐτὰς ἐνεργείας ἀνθρωπικὰς εἶναι εἰσὶ γάρ φησί τινὲς φύσει σώφρονες καὶ ἀνδρεῖοι καὶ δίκαιοι τοῦτο δ αὐτοῖς ὑπάρχει ἀπὸ τοῦ σώ ματος ἤτοι ἀπὸ τῆς ποιᾶς τοῦ σώματος κράσεως καὶ τῆς τῶν στοιχείων τοῦ σώματος συνδρομῆς καὶ συμπήξεως ὥστε τοῦ συνθέτου εἰσὶ καὶ αἱ ἀπ αὐτῶν ἐνέργειαι εἰπὼν δὲ ἔνια δὲ καὶ συμβαίνειν ἀπὸ τοῦ σώματος δοκεῖ ἐπήγαγε καὶ πολλὰ συνῳκειῶσθαι τοῖς πάθεσιν ἡ τοῦ ἤθους ἀρετή ὥσπερ γὰρ οὐ πᾶσα ἡδονή ὡς	Aristotle	Michael of Ephesus	Ethica Nicomachea	In Ethica Nicomachea IX-X	
tlg0086.tlg010	9/#34	ancient_classical	4034.001	/516#1	11th_12th	0.0399	8	15	τὸ δὲ τῇ φύσει ἀγαθὸν καὶ τῷ ἐπιεικεῖ διόπερ ἔοικε πᾶσιν ἡδὺ εἶναι οὐ δεῖ δὲ λαμβάνειν μοχθηρὰν ζωὴν καὶ διεφθαρμένην οὐδ ἐν λύπαις ἀόριστος γὰρ ἡ	ἀγα θῶν καὶ ἡδέων ἐστίν ἐπήγαγε τὸ δὲ τῇ φύσει ἀγαθὸν καὶ τῷ ἐπι εικεῖ ἀγαθόν ἐστι καὶ ἡδύ αἱρήσεται ἄρα ὁ ἀγαθὸς τὸ ζῆν τὸ κατ ἐνέργειαν δηλονότι ὥστε καὶ φίλον ἔχειν μεθ οὗ συνεχῶς μᾶλλον ἐνερ γεῖν δύναται ἤπερ μόνος ὤν οὐ δεῖ δὲ λαμβάνειν μοχθηρὰν ζωὴν καὶ διεφθαρμένην δῆλον διὰ τούτου πεποίηκεν ὁπηνίκα ἔλεγεν	Aristotle	Michael of Ephesus	Ethica Nicomachea	In Ethica Nicomachea IX-X	
tlg0086.tlg010	9/#40	ancient_classical	4034.001	/608#1	11th_12th	0.1079	12	16	τοιαύτας γίνεσθαι τὰς λύπας αἳ μάλιστ ἐναντιοῦνται ταῖς ἀγαπωμέναις ἡδοναῖς εἰ δ οὖν καθάπερ εἴρηται τὸν ἐσόμενον ἀγαθὸν τραφῆναι καλῶς δεῖ καὶ ἐθισθῆναι εἶθ οὕτως ἐν ἐπιτηδεύμασιν ἐπιεικέσι	καὶ λυπεῖν τοὺς φαύλους λύπας αἳ ἐναντιοῦνται ταῖς ἀγαπωμέναις ἡδοναῖς τὰ γὰρ ἐναντία τῶν ἐναντίων ἰάματα οἷον εἴ τις χαίρει ὑβρίζων μὴ λυπεῖν αὐτὸν ζημίᾳ ἀλλὰ τῷ κωλύειν μὴ ὑβρίζειν ὁμοίως καὶ τὸν ταῖς μέθαις χαίροντα τῷ ἀπείρ γειν οἴνου Εἰ δ οὖν καθάπερ εἴρηται τὸν ἐσόμενον ἀγαθὸν τραφῆναι καλῶς δεῖ Καὶ ταῦτα περὶ τοῦ δεῖν νόμους κεῖσθαι	Aristotle	Michael of Ephesus	Ethica Nicomachea	In Ethica Nicomachea IX-X	
tlg0086.tlg010	9/#48	ancient_classical	4034.001	/619#2	11th_12th	0.1168	14	14	ἡ περὶ τὰ ἀνθρώπεια φιλοσοφία τελειωθῇ πρῶτον μὲν οὖν εἴ τι κατὰ μέρος εἴρηται καλῶς ὑπὸ τῶν προγενεστέρων πειραθῶμεν ἐπελθεῖν εἶτα ἐκ τῶν συνηγμένων πολιτειῶν θεωρῆσαι	τοὺς πρὸ ἐμοῦ ἧκον ἀτελές ἐστι Πρῶτον μὲν οὖν εἴ τι κατὰ μέρος εἴρηται καλῶς ὑπὸ τῶν προγενεστέρων πειραθῶμεν ἐπελθεῖν Ὁρᾷς ὅπως τῇ παρούσῃ πραγματείᾳ περὶ	Aristotle	Michael of Ephesus	Ethica Nicomachea	In Ethica Nicomachea IX-X	
tlg0086.tlg010	10/#23	ancient_classical	4034.001	/519#2	11th_12th	0.1148	9	18	ἀσθενὴς ὁ ἄρχων καὶ ἑκάστῳ ἐξουσία ἆρ οὖν ὡς πλείστους φίλους ποιητέον ἢ καθάπερ ἐπὶ τῆς ξενίας ἐμμελῶς εἰρῆσθαι δοκεῖ μήτε πολύξεινος μήτ ἄξεινος καὶ ἐπὶ τῆς φιλίας ἁρμόσει μήτ ἄφιλον εἶναι μήτ αὖ πολύφιλον	καλλίστων πράξεων καὶ λόγων καὶ διανοημάτων Ἆρ οὖν ὡς πλείστους φίλους ποιητέον ἢ καθάπερ ἐπὶ ξενίας ἐμμελῶς εἰρῆσθαι δοκεῖ τὸ μήτε πολύξεινος μήτε ἄξει νος καλεοίμην καὶ ἐπὶ τῆς φιλίας ἁρμόσει Δείξας ὅτι χρῄζει φίλων ὁ εὐδαίμων	Aristotle	Michael of Ephesus	Ethica Nicomachea	In Ethica Nicomachea IX-X	
tlg0086.tlg010	11/#19	ancient_classical	4034.001	/524#3	11th_12th	0.0618	11	11	ἡδύ ἄλλως τε καὶ ἀτυχοῦντι καὶ γίνεταί τις ἐπικουρία πρὸς τὸ μὴ λυπεῖσθαι παραμυθητικὸν γὰρ ὁ φίλος καὶ τῇ ὄψει καὶ τῷ λόγῳ ἐὰν	ἡδὺ καὶ μάλιστα ἐν ταῖς ἀτυχίαις γίνεται γὰρ ἐπικουρία πρὸς τὸ μὴ λυπεῖσθαι παραμυθητικὸς γὰρ ὁ φίλος καὶ ὁρώμενος καὶ λαλῶν καὶ μάλιστα ἐὰν	Aristotle	Michael of Ephesus	Ethica Nicomachea	In Ethica Nicomachea IX-X	
tlg0086.tlg010	1/#49	ancient_classical	4034.001	/530#4	11th_12th	0.046	8	20	τοὺς νέους οἰακίζοντες ἡδονῇ καὶ λύπῃ δοκεῖ δὲ καὶ πρὸς τὴν τοῦ ἤθους ἀρετὴν μέγιστον εἶναι τὸ χαίρειν οἷς δεῖ καὶ μισεῖν ἃ δεῖ διατείνει γὰρ ταῦτα διὰ παντὸς τοῦ βίου ῥοπὴν ἔχοντα καὶ δύναμιν πρὸς ἀρετήν	ὡς εἰ ἔλεγε δοκεῖ δὲ καὶ πρὸς τὴν τῆς ἠθικῆς ἀρετῆς κτῆσιν μέγιστα συντελεῖν τὸ χαίρειν οἷς δεῖ καὶ φεύγειν ἃ δεῖ καὶ δέδεικται τοῦτο πρόσθεν τὸ δὲ διατείνει γὰρ ταῦτα διὰ παντὸς τοῦ βίου ἴσον ἐστὶ τῷ ταῦτα ἡ ἡδονὴ	Aristotle	Michael of Ephesus	Ethica Nicomachea	In Ethica Nicomachea IX-X	
tlg0086.tlg010	2/#33	ancient_classical	4034.001	/471#1	11th_12th	0.1186	8	13	τῷ καλῷ καὶ ἀναγκαίῳ ὅτι δ οὐ πάντα τῷ αὐτῷ ἀποδοτέον οὐκ ἄδηλον καὶ τὰς μὲν εὐεργεσίας ἀνταποδοτέον ὡς ἐπὶ τὸ πολὺ μᾶλλον ἢ χαριστέον ἑταίροις ὥσπερ καὶ	δέ φησί τέως ἐστὶ δῆλον ὅτι οὐ πάντα τῷ αὐτῷ ἀποδοτέον οἷον καὶ τιμὴν καὶ χρήματα καὶ τὰ ὅμοια ἀλλὰ τῷ μὲν ταδί τῷ δὲ ταδί οἷον τῷ μὲν ἄπαιδι καὶ μονώτῃ μᾶλλον τιμήν τῷ δὲ παῖδας ἔχοντι καὶ πολλῶν δεομένῳ μᾶλλον χρήματα καὶ τῷ μᾶλλον ἀδικουμένῳ μᾶλλον βοηθητέον ἧττον δὲ τῷ ἧττον ἢν δέ ποτε συμβαίη πολλὰ γὰρ καὶ σχεδὸν ἀπεριήγητα τὰ συμπίπτοντα τῷ μὲν μονώτῃ δοτέον χρήματα τῷ δὲ παίδας ἔχοντι μὴ δοτέον καὶ τὰς εὐερ γεσίας ἀνταποδοτέον ὡς ἐπὶ τὸ πολὺ ἢ χαριστέον ἑταίρῳ ἐνίοτε δὲ χαριστέον	Aristotle	Michael of Ephesus	Ethica Nicomachea	In Ethica Nicomachea IX-X	
tlg0086.tlg010	2/#38	ancient_classical	4034.001	/535#2	11th_12th	0.0787	9	15	ἀγαθὸν αὑτῷ ἔοικε δὴ οὗτός γε ὁ λόγος τῶν ἀγαθῶν αὐτὴν ἀποφαίνειν καὶ οὐδὲν μᾶλλον ἑτέρου πᾶν γὰρ μεθ ἑτέρου ἀγαθοῦ αἱρετώτερον ἢ μονούμενον τοιούτῳ δὴ λόγῳ καὶ Πλάτων ἀναιρεῖ ὅτι	τοῦ πᾶν εἴληπται Ἔοικε δ οὗτος ὁ λόγος τῶν ἀγαθῶν αὐτὴν ἀποφαίνειν Ὁ λόγος φησίν ὁ λέγων ὅτι ἡδονὴ προςτιθεμένη τινί οἷον τῇ σωφρο σύνῃ αἱρετωτέραν ποιεῖ τῆς δίχα ἡδονῆς σωφροσύνην οὐχ ὃ βούλεται συνάγειν ἐκεῖνο διαπεραίνεται ἀλλά τι ἄλλο οὐ γὰρ συνάγει ὅτι ἡ ἡδονὴ τἀγαθόν ἐστιν ἀλλ ὅτι τῶν ἀγαθῶν ἐστι τουτέστι ὅτι καὶ αὐτὴ ἕν τι τῶν ἀγαθῶν καὶ τῆς τῶν ἀγαθῶν φύσεώς ἐστι καὶ ὁμοφυὴς αὐτοῖς ἐστιν οὐ μὴν ὅτι ἰδέα καὶ πηγὴ καὶ κέντρον τῶν ἀγαθῶν τυγχάνει τὸ οὖν πᾶν γὰρ μεθ ἑτέρου ἀγαθοῦ αἱρετώτερον ἢ μονούμενον τοιοῦτόν	Aristotle	Michael of Ephesus	Ethica Nicomachea	In Ethica Nicomachea IX-X	
tlg0086.tlg010	2/#38	ancient_classical	4034.001	/536#2	11th_12th	0.116	8	15	ἢ μονούμενον τοιούτῳ δὴ λόγῳ καὶ Πλάτων ἀναιρεῖ ὅτι οὐκ ἔστιν ἡδονὴ τἀγαθόν αἱρετώτερον γὰρ εἶναι τὸν ἡδὺν βίον μετὰ φρονήσεως ἢ χωρίς εἰ δὲ τὸ μικτὸν	καὶ ὁ Πλάτων ἀναιρεῖ ὅτι οὐκ ἔστιν ἡδονὴ τἀγαθόν ᾧ λόγῳ συνελο γίζοντο ὡς οἱ περὶ Εὔδοξον ὅτι ἡδονὴ τἀγαθόν ἐστι τούτῳ χρώμενος ὁ Πλάτων δείκνυσιν αὐτὴν μὴ οὖσαν τἀγαθόν ὥστε οὐ συνῆγεν ὁ Εὔδοξος ὅτι ἡ ἡδονὴ τἀγαθόν ἐστιν ἀλλ ὅτι ἀγαθόν τι καὶ εἴη ἂν ὁ λόγος τοι οῦτος ἡ ἡδονὴ ᾧ ἂν τῶν ἀγαθῶν προςτεθῇ τὸ ἐξ ἀμφοῖν αἱρετώτερον ποιεῖ τἀγαθὸν οὐδενὶ τῶν ἀγαθῶν προςτεθὲν τὸ ἐξ ἀμφοῖν αἱρετώτερον ποιεῖ ἡ ἡδονὴ ἄρα οὐκ ἔστι τἀγαθόν καὶ τὴν μὲν λέγουσαν πρότασιν ἡ ἡδονὴ ᾧ ἂν τῶν ἀγαθῶν προςτεθῇ τὸ ὅλον αἱρετώτερον ποιεῖ ἐδήλωσε διὰ τοῦ αἱρετώτερον γὰρ εἶναι τὸν ἡδὺν βίον μετὰ φρονήσεως ὅπερ ταὐτόν ἐστι τῷ αἱρετωτέρα γάρ	Aristotle	Michael of Ephesus	Ethica Nicomachea	In Ethica Nicomachea IX-X	
tlg0086.tlg010	4/#28	ancient_classical	4034.001	/482#1	11th_12th	0.0188	9	16	γὰρ ὡς εἰπεῖν τῷ δὴ πρὸς αὑτὸν ἕκαστα τούτων ὑπάρχειν τῷ ἐπιεικεῖ πρὸς δὲ τὸν φίλον ἔχειν ὥσπερ πρὸς αὑτόν ἔστι γὰρ ὁ φίλος ἄλλος αὐτός καὶ ἡ φιλία τούτων εἶναί τι δοκεῖ καὶ φίλοι οἷς ταῦθ ὑπάρχει πρὸς αὑτὸν δὲ πότερον ἔστιν ἢ οὐκ ἔστι φιλία ἀφείσθω ἐπὶ	δοκοῦντα πράξειεν ἄν πρὸς μὲν οὖν ἑαυτὸν ἕκαστον τούτων ὑπάρχει τῷ ἐπιεικεῖ λέγων ἕκαστον τὸ συνήδεσθαι τὸ συναλγεῖν ἑαυτῷ τὸ ἐλπίζειν ἀγαθά τὸ χαίρειν ἐπὶ τοῖς πεπραγμένοις εἰ δὲ ἕκαστον τού των πρὸς ἑαυτὸν ὑπάρχει τῷ ἐπιεικεῖ πρὸς δὲ τὸν φίλον ἔχει καὶ διάκει ται ὥσπερ πρὸς ἑαυτόν ὁ γὰρ φιλῶν ἐστιν ἄλλος ὁ φιλούμενος βουλή σεται δηλονότι καὶ τῷ φίλῳ συνδιάγειν καὶ συνήδεσθαι καὶ συλλυπεῖσθαι τούτου γὰρ δεῖ προσυπακούειν Πρὸς αὑτὸν δὲ πότερον ἔστι φιλία ἢ οὐκ ἔστιν ἀφείσθω Εἴρηται	Aristotle	Michael of Ephesus	Ethica Nicomachea	In Ethica Nicomachea IX-X	
tlg0086.tlg010	5/#38	ancient_classical	4034.001	/564#2	11th_12th	0.041	9	14	εἶδος καὶ αἱ τελειοῦσαι δὴ ἡδοναί φανείη δ ἂν τοῦτο καὶ ἐκ τοῦ συνῳκειῶσθαι τῶν ἡδονῶν ἑκάστην τῇ ἐνεργείᾳ ἣν τελειοῖ συναύξει γὰρ τὴν ἐνέργειαν ἡ οἰκεία	καὶ ἑτέρα τῆς κατ ἐνέργειαν αἰσθήσεως Φανείη δ ἂν τοῦτο καὶ ἐκ τοῦ συνῳκειῶσθαι τῶν ἡδο νῶν ἑκάστην τῇ ἐνεργείᾳ ἣν τελειοῖ Τὸ μὴ ὁμοειδεῖς εἶναι πάσας τὰς	Aristotle	Michael of Ephesus	Ethica Nicomachea	In Ethica Nicomachea IX-X	
tlg0086.tlg010	5/#39	ancient_classical	4034.001	/565#2	11th_12th	0.0306	10	10	λόγον ἐνέργειαν φθείρει ὁμοίως δὲ τοῦτο καὶ ἐπὶ τῶν ἄλλων συμβαίνει ὅταν ἅμα περὶ δύο ἐνεργῇ ἡ	ὡς οὔκ εἰσιν ὁμοειδεῖς ὁμοίως δὲ καὶ ἐπὶ τῶν ἄλλων συμβαίνει ὅταν ἅμα περὶ δύο ἐνεργῇ καὶ ὁ ἀκούων αὐλοῦντος καὶ	Aristotle	Michael of Ephesus	Ethica Nicomachea	In Ethica Nicomachea IX-X	
tlg0086.tlg010	5/#40	ancient_classical	4034.001	/566#2	11th_12th	0.1056	14	14	ἀγωνιζόμενοι ὦσι τότε μάλιστ αὐτὸ δρῶσιν ἐπεὶ δ ἡ μὲν οἰκεία ἡδονὴ ἐξακριβοῖ τὰς ἐνεργείας καὶ χρονιωτέρας καὶ βελτίους ποιεῖ αἱ δ ἀλλότριαι λυμαίνονται δῆλον ὡς	τραγηματίζουσιν ὅταν ὦσιν οἱ ἀγωνιζόμενοι φαῦλοι Ἐπεὶ δ ἡ μὲν οἰκεία ἡδονὴ ἐξακριβοῖ τὰς ἐνεργείας καὶ χρονιωτέρας καὶ βελτίους ποιεῖ Δῆλον διὰ τούτου πεποίηκε τί δηλοῖ	Aristotle	Michael of Ephesus	Ethica Nicomachea	In Ethica Nicomachea IX-X	
tlg0086.tlg010	8/#39	ancient_classical	4034.001	/506#2	11th_12th	0.0364	10	16	δὲ μοχθηρὸν οὐ δεῖ βλάψει γὰρ καὶ ἑαυτὸν καὶ τοὺς πέλας φαύλοις πάθεσιν ἑπόμενος τῷ μοχθηρῷ μὲν οὖν διαφωνεῖ ἃ δεῖ πράττειν καὶ ἃ πράττει ὁ δ ἐπιεικής ἃ δεῖ ταῦτα καὶ πράττει πᾶς γὰρ νοῦς αἱρεῖται τὸ βέλτιστον ἑαυτῷ ὁ δ ἐπιεικὴς πειθαρχεῖ τῷ νῷ ἀληθὲς δὲ περὶ τοῦ σπουδαίου καὶ τὸ τῶν φίλων ἕνεκα πολλὰ πράττειν καὶ τῆς πατρίδος κἂν δέῃ ὑπεραποθνήσκειν προήσεται	ἀλόγους ὀρέξεις τὰ βέλτιστα καὶ ἑαυτῷ καὶ τοῖς πέλας αἱρήσεται καὶ πράξει Ἀληθὲς δὲ τὸ περὶ τοῦ σπουδαίου καὶ τὸ τῶν φίλων ἕνεκα πολλὰ πράττειν Οὐ πάντα πράξει ἕνεκα τοῦ φίλου οἷον ὅσα ἐκείνῳ αἰσχύνην προξενεῖ ἢ ζημίαν ψυχῆς ἀλλ ὅσα εἰς τιμὴν καὶ ὠφέλειαν τοῦ ἀληθινοῦ ἀνθρώ που τείνει εὐλόγως οὖν οὐκ εἶπεν ὅτι πάντα πράξει ἀλλ ὅτι πολλά ἐπειδὴ γὰρ πολλὰ τὰ καλὰ καὶ συμφέροντα ἑαυτοῦ ἕνεκα πράττει ὁ δὲ φίλος αὐτοῦ ἄλλος αὐτός ἐστι καὶ τοῦ φίλου ἕνεκα πολλὰ πράξει καὶ ἐπεὶ ὅλος ταῖς ἀρεταῖς κατακώχιμός ἐστι καὶ κεκοσμημένος καὶ νοερῶς διαζῇ πᾶς δὲ νοῦς ὡς εἴρηται τὰ βέλτιστα αἱρεῖται ἐν τούτῳ γὰρ αὐτοῦ τοῦ νοῦ τὸ εἶναι καὶ τοῦτό ἐστιν ὡς εἰπεῖν ἡ φύσις αὐτοῦ τὰ βέλτιστα καὶ συμφέροντα ἑαυτῷ αἱρεῖσθαι ἐπεὶ οὖν τοιοῦτός ἐστιν ὁ σπου δαῖος καὶ τῆς πατρίδος ἕνεκα πολλὰ πράξει κἂν δέῃ	Aristotle	Michael of Ephesus	Ethica Nicomachea	In Ethica Nicomachea IX-X	
tlg0086.tlg010	8/#39	ancient_classical	4034.001	/505#2	11th_12th	0.0402	9	9	γὰρ αὐτὸς ὀνήσεται τὰ καλὰ πράττων καὶ τοὺς ἄλλους ὠφελήσει τὸν δὲ μοχθηρὸν οὐ δεῖ βλάψει γὰρ καὶ ἑαυτὸν καὶ τοὺς	ἑαυτοῦ ἕνεκα καὶ πράττων αὐτὸς ὀνήσεται καὶ τοὺς ἄλλους ὠφελήσει τὸν δὲ μοχθηρὸν οὐ δεῖ φίλαυτον εἶναι	Aristotle	Michael of Ephesus	Ethica Nicomachea	In Ethica Nicomachea IX-X	
tlg0086.tlg010	9/#33	ancient_classical	4034.001	/515#2	11th_12th	0.0476	9	15	εἶναι κυρίως τὸ αἰσθάνεσθαι ἢ νοεῖν τὸ δὲ ζῆν τῶν καθ αὑτὸ ἀγαθῶν καὶ ἡδέων ὡρισμένον γάρ τὸ δ ὡρισμένον τῆς τἀγαθοῦ φύσεως τὸ δὲ τῇ φύσει	ἢ ἐμὲ ὑβρίζει εἰπὼν δὲ ὅτι τὸ δὲ ζῆν τῶν καθ αὑτὸ ἀγαθῶν καὶ ἡδέων δεικνὺς ὅτι μὴ πᾶσαν ζωὴν ἐνέργειαν καὶ ἡδεῖαν καὶ ἀγαθὴν λέγει ἀλλὰ τὴν κατ ἀρετήν ἐπήγαγεν ὡρισμένον γάρ τὸ δ ὡρισμένον τῆς τοῦ ἀγαθοῦ φύσεως ἴσμεν δὲ ὅτι	Aristotle	Michael of Ephesus	Ethica Nicomachea	In Ethica Nicomachea IX-X	
tlg0086.tlg010	9/#33	ancient_classical	4034.001	/513#2	11th_12th	0.1199	12	12	τοῖς ἀγαθοῖς καθάπερ καὶ Θέογνίς φησιν φυσικώτερον δ ἐπισκοποῦσιν ἔοικεν ὁ σπουδαῖος φίλος τῷ σπουδαίῳ τῇ φύσει αἱρετὸς εἶναι τὸ γὰρ τῇ φύσει ἀγαθὸν εἴρηται	καὶ ἐπιδιδόναι δύναται ὡς μετ ἄλλων Φυσικώτερον δὲ ἐπισκοποῦσιν ἔοικεν ὁ σπουδαῖος φίλος τῷ σπουδαίῳ τῇ φύσει αἱρετὸς εἶναι Αἱ προειρημέναι ἐπιχειρήσεις ἦσαν ἀπὸ τῆς	Aristotle	Michael of Ephesus	Ethica Nicomachea	In Ethica Nicomachea IX-X	
tlg0086.tlg010	1/#46	ancient_classical	4034.001	/465#1	11th_12th	0.0675	11	21	ἑκάτερος τοῦτο ἐβούλετο ἱκανῶς ἂν εἶχεν εἰ δ ὃ μὲν τέρψιν ὃ δὲ κέρδος καὶ ὃ μὲν ἔχει ὃ δὲ μή οὐκ ἂν εἴη τὰ κατὰ τὴν κοινωνίαν καλῶς ὧν γὰρ δεόμενος τυγχάνει τούτοις καὶ προσέχει κἀκείνου γε χάριν ταῦτα δώσει τὴν ἀξίαν δὲ ποτέρου τάξαι ἐστί τοῦ προϊεμένου ἢ τοῦ προλαβόντος ὁ γὰρ προϊέμενος ἔοικ ἐπιτρέπειν ἐκείνῳ	ἦν ἔγ κλημα οὐδὲ διαφορά τις εἰ δ ὁ μὲν κιθαρῳδὸς κέρδους ὁ δὲ τέρψεως καὶ ὁ μὲν ἔχει τὴν τέρψιν ὁ δὲ κιθαρίσας οὐκ ἔχει τὸ κέρδος εἰκότως ὁ ἐπαγγειλάμενος ἐγκαλεῖται ὧν γὰρ χρῄζομεν ἅπαντες τούτοις προσέ χοντες καὶ εἰς ταῦτα ἀποβλέποντες ἃ ἔχομεν διδόαμεν χρῄζων γάρ τις ἱματίου εἰς τὸ ἱμάτιον ὃ οὐκ ἔχει ἀποβλέπων δίδωσιν ὃ ἔχει οἷον τὸ νόμισμα ἢ ἄλλο τι τὰ μὲν δὴ λεγόμενα τοιαῦτά ἐστιν ἐν δὲ τῇ λέξει τῇ τὰ αὐτὰ δίδωσι τὸ τὰ αὐτὰ ταὐτόν ἐστι τῷ ἃ ἔχει δίδωσι τὴν ἀξίαν δὲ ποτέρου τάξαι ἐστί τοῦ προϊεμένου ἢ τοῦ προλαβόν τος οὐχ ὁμοίως ἅπασαι αἱ ἀνταλλαγαὶ	Aristotle	Michael of Ephesus	Ethica Nicomachea	In Ethica Nicomachea IX-X	
tlg0086.tlg010	2/#35	ancient_classical	4034.001	/473#1	11th_12th	0.1276	10	18	τὸ ὡρισμένον τοῖς περὶ ἅ εἰσιν ὅτι μὲν οὖν οὐ ταὐτὰ πᾶσιν ἀποδοτέον οὐδὲ τῷ πατρὶ πάντα καθάπερ οὐδὲ τῷ Διὶ θύεται οὐκ ἄδηλον ἐπεὶ δ ἕτερα γονεῦσι καὶ ἀδελφοῖς	Ὅτι μὲν οὖν οὐ ταὐτὰ πᾶσιν δοτέον οὐδὲ τῷ πατρὶ τὰ πάντα καθάπερ οὐδὲ τῷ Διὶ θύεται οὐκ ἄδηλον Ὥσπερ φησίν οὐ πάντα θύεται τῷ Διὶ ἦσαν γάρ τινα ἃ οὐ θεμιτὸν ἐδόκει τοῖς Ἕλλησι θύειν τῷ Διί κύνας γὰρ καὶ ὄφεις καὶ ἄλλ ἄττα πολλὰ ἀνόσιον ἐδόκει θυσίαν προσφέρειν τῷ Διὶ πατρὶ καθ Ἕλληνας ὄντι ἀνδρῶν τε θεῶν τε οὕτως οὐδὲ τῷ πατρὶ πάντα ἀποδοτέον οὔτε γὰρ εἰ πρὸς ἄρνησιν ἡμᾶς ἐγκαλεῖται	Aristotle	Michael of Ephesus	Ethica Nicomachea	In Ethica Nicomachea IX-X	
tlg0086.tlg010	3/#46	ancient_classical	4034.001	/544#2	11th_12th	0.1127	12	12	ἡ λύπη φθορά καὶ λέγουσι δὲ τὴν μὲν λύπην ἔνδειαν τοῦ κατὰ φύσιν εἶναι τὴν δ ἡδονὴν ἀναπλήρωσιν ταῦτα δὲ σωματικά ἐστι τὰ πάθη	ἡ ἡδονὴ καὶ φθείρουσι Καὶ λέγουσι τὴν μὲν λύπην ἔνδειαν τοῦ κατὰ φύσιν εἶναι τὴν δ ἡδονὴν ἀναπλήσωσιν Καὶ διὰ τούτων τὴν ἡδονὴν γένεσιν	Aristotle	Michael of Ephesus	Ethica Nicomachea	In Ethica Nicomachea IX-X	
tlg0086.tlg010	3/#47	ancient_classical	4034.001	/545#3	11th_12th	0.2062	12	12	ἥδοιτ ἄν τις καὶ τεμνόμενοσ λυποῖτο ἡ δόξα δ αὕτη δοκεῖ γεγενῆσθαι ἐκ τῶν περὶ τὴν τροφὴν λυπῶν καὶ ἡδονῶν ἐνδεεῖς γὰρ γενομένους καὶ	γένεσις τὸ γὰρ ἀναπληροῦσθαι γίνεσθαί ἐστιν Ἡ δόξα δ αὕτη δοκεῖ γεγενῆσθαι ἐκ τῶν περὶ τὴν τροφὴν λυπῶν Τὸ δοξάζειν φησί τὴν ἡδονὴν ἀναπλήρωσιν ἐπῆλθεν αὐτοῖς ἐκ τῶν περὶ τὴν τροφὴν λυπῶν διὰ γὰρ τὸ ἕπεσθαι τῇ τῆς	Aristotle	Michael of Ephesus	Ethica Nicomachea	In Ethica Nicomachea IX-X	
tlg0086.tlg010	4/#34	ancient_classical	4034.001	/554#2	11th_12th	0.0591	12	19	δὲ πάσης πρὸς τὸ αἰσθητὸν ἐνεργούσης τελείως δὲ τῆς εὖ διακειμένης πρὸς τὸ κάλλιστον τῶν ὑπὸ τὴν αἴσθησιν τοιοῦτον γὰρ μάλιστ εἶναι δοκεῖ ἡ τελεία ἐνέργεια αὐτὴν δὲ λέγειν ἐνεργεῖν ἢ ἐν ᾧ ἐστί μηθὲν διαφερέτω καθ ἑκάστην δὴ βελτίστη ἐστὶν ἡ ἐνέργεια τοῦ ἄριστα διακειμένου πρὸς τὸ κράτιστον τῶν ὑπ αὐτήν αὕτη δ ἂν τελειοτάτη εἴη καὶ	αὕτη μᾶλλον συνᾴδουσα οἷς ἐφεξῆς ἐπάγει Τελείως δὲ τῆς εὖ διακειμένης πρὸς τὸ κάλλιστον τῶν ὑπὸ τὴν αἴσθησιν κειμένων Οὐ πάντα τὰ ὁρατὰ ἐπίσης	Aristotle	Michael of Ephesus	Ethica Nicomachea	In Ethica Nicomachea IX-X	
tlg0086.tlg010	4/#37	ancient_classical	4034.001	/561#4	11th_12th	0.0987	16	16	ἐστί καὶ ἕκαστος περὶ ταῦτα καὶ τούτοις ἐνεργεῖ ἃ καὶ μάλιστ ἀγαπᾷ οἷον ὁ μὲν μουσικὸς τῇ ἀκοῇ περὶ τὰ μέλη ὁ δὲ φιλομαθὴς τῇ διανοίᾳ περὶ τὰ θεωρήματα	σεμνάς καὶ περὶ ταῦτα καὶ ἐν τούτοις ἐνεργεῖ ἃ καὶ μάλιστα ἀγαπᾷ οἶον ὁ μὲν μουσικὸς τῇ ἀκοῇ περὶ τὰ μέλη λέγει δὲ μουσικὸν	Aristotle	Michael of Ephesus	Ethica Nicomachea	In Ethica Nicomachea IX-X	
tlg0086.tlg010	5/#37	ancient_classical	4034.001	/489#1	11th_12th	0.137	10	18	εἰς συνήθειαν ἀφικνουμένην γίνεσθαι φιλίαν οὐ τὴν διὰ τὸ χρήσιμον οὐδὲ τὴν διὰ τὸ ἡδύ οὐδὲ γὰρ εὔνοια ἐπὶ τούτοις γίνεται ὁ μὲν γὰρ εὐεργετηθεὶς ἀνθ ὧν πέπονθεν ἀπονέμει τὴν εὔνοιαν τὰ δίκαια δρῶν ὁ δὲ βουλόμενός τιν εὐπραγεῖν ἐλπίδα ἔχων εὐπορίας δι ἐκείνου	Ὁ μὲν εὐεργετηθεὶς ἀνθ ὧν πέπονθεν ἀπονέμει τὴν εὔνοιαν τὰ δίκαια δρῶν Δείξας ὅτι ἡ εὔνοια οὐκ ἔστι φιλία χωρίζει αὐτὴν καὶ ἀπὸ τῆς ἀν τευποιίας δοκεῖ γὰρ οὐκ αὐτῷ ἀλλὰ τοῖς πολλοῖς ἡ εὔνοια ἀντευποιία καὶ αὖ ἡ ἀντευποιία εὔνοια καὶ καλοῦσι τοὺς ἀντευποιοῦντας εὔνους οὐκ ὀλίγοι δι ὃ καὶ ὁ Ἀριστοτέλης ἀντὶ τοῦ εἰπεῖν ἀνθ ὧν πέπονθεν ἀπονέμει τὴν εὔνοιαν ὁ μὲν δὴ ἀντιδιδοὺς καὶ ἀντευποιῶν τὸν εὖ δράσαντα εὔνους μὲν οὐκ ἂν ῥηθείη οἱ γὰρ εὖνοι βούλονται εὖ ἔχειν ἢ εὖ πάσχειν οἷς εἰσιν εὖνοι οὐ μὴν καὶ εὖ δρῶσιν εἰς αὐτούς ὥστε εὔνους μὲν οὐκ ἂν ῥηθείη διότι εὖ δρᾷ δίκαιος δέ δίκαιον γὰρ τὸ τὰ ἴσα ἀπονέμειν χωρίσας οὖν τὴν εὔνοιαν ἀπὸ τῆς ἀντευποιίας χωρίζει αὐτὴν καὶ ἀπὸ τῆς διὰ τὸ χρήσιμον φιλίας ὁ δὲ βουλόμενός τινα εὖ πράττειν ἐλπίζων ὠφέλειάν τινα ἀπὸ	Aristotle	Michael of Ephesus	Ethica Nicomachea	In Ethica Nicomachea IX-X	
tlg0086.tlg010	6/#34	ancient_classical	4034.001	/571#2	11th_12th	0.0673	16	16	δὲ μὴ βουλομένους τὰ δίκαια ποιεῖν εἰρημένων δὲ τῶν περὶ τὰς ἀρετάς τε καὶ φιλίας καὶ ἡδονάς λοιπὸν περὶ εὐδαιμονίας τύπῳ διελθεῖν ἐπειδὴ τέλος αὐτὴν τίθεμεν τῶν ἀνθρωπίνων	ἀνθρώπου ἐνέργεια ὥστε καὶ ἡ ἡδονή Εἰρημένων δὴ τῶν περὶ τὰς ἀρετάς τε καὶ φιλίας καὶ ἡδονάς λοιπὸν περὶ εὐδαιμονίας τύπῳ διελθεῖν Τὸ	Aristotle	Michael of Ephesus	Ethica Nicomachea	In Ethica Nicomachea IX-X	
tlg0086.tlg010	6/#34	ancient_classical	4034.001	/571#3	11th_12th	0.0768	16	16	δὲ μὴ βουλομένους τὰ δίκαια ποιεῖν εἰρημένων δὲ τῶν περὶ τὰς ἀρετάς τε καὶ φιλίας καὶ ἡδονάς λοιπὸν περὶ εὐδαιμονίας τύπῳ διελθεῖν ἐπειδὴ τέλος αὐτὴν τίθεμεν τῶν ἀνθρωπίνων	ἀνθρώπου ἐνέργεια ὥστε καὶ ἡ ἡδονή Εἰρημένων δὴ τῶν περὶ τὰς ἀρετάς τε καὶ φιλίας καὶ ἡδονάς λοιπὸν περὶ εὐδαιμονίας τύπῳ διελθεῖν Τὸ τύπῳ ἴσον ἐστὶν τῷ οὐ	Aristotle	Michael of Ephesus	Ethica Nicomachea	In Ethica Nicomachea IX-X	
tlg0086.tlg010	6/#34	ancient_classical	4034.001	/572#3	11th_12th	0.0479	9	13	προειρημένα συντομώτερος ἂν εἴη ὁ λόγος εἴπομεν δὴ ὅτι οὐκ ἔστιν ἕξις καὶ γὰρ τῷ καθεύδοντι διὰ βίου ὑπάρχοι ἄν φυτῶν ζῶντι βίον καὶ τῷ δυστυχοῦντι	αὐτῷ μέλ λουσιν εἰς τὸ προκείμενον Εἴπομεν δὴ ὅτι οὐκ ἔστιν ἕξις καὶ γὰρ τῷ καθεύ δοντι διὰ βίου ὑπάρχοι ἄν Εἴρηκεν ἐν τῷ πρώτῳ πάντες ἄνθρωποι	Aristotle	Michael of Ephesus	Ethica Nicomachea	In Ethica Nicomachea IX-X	
tlg0086.tlg010	7/#41	ancient_classical	4034.001	/578#1	11th_12th	0.0518	9	17	τοῦτο καὶ τοῖς εὐεργέταις οἰκεῖον εἶναι εἰ δ ἐστὶν ἡ εὐδαιμονία κατ ἀρετὴν ἐνέργεια εὔλογον κατὰ τὴν κρατίστην αὕτη δ ἂν εἴη τοῦ ἀρίστου εἴτε δὴ νοῦς τοῦτο εἴτε ἄλλο	καὶ οὐ ταῖς τῶν φαύλων διαγωγαῖς Εἰ δ ἐστὶν ἡ εὐδαιμονία κατ ἀρετὴν ἐνέργεια εὔ λογον ὅτι κατὰ τὴν κρατίστην αὕτη δ ἂν εἴη τοῦ ἀρίστου Τὸ κράτιστον σημαίνει τὸ ἀκρότατον λέγει	Aristotle	Michael of Ephesus	Ethica Nicomachea	In Ethica Nicomachea IX-X	
tlg0086.tlg010	8/#35	ancient_classical	4034.001	/500#1	11th_12th	0.0366	11	11	καὶ ὡς ἐν αἰσχρῷ φιλαύτους ἀποκαλοῦσι δοκεῖ τε ὁ μὲν φαῦλος ἑαυτοῦ χάριν πάντα πράττειν καὶ ὅσῳ ἂν μοχθηρότερος ᾖ τοσούτῳ μᾶλλον ἐγκαλοῦσι δὴ	συνάγει τοῦτο δυνάμει συλλογιζόμενος οὕτως ὁ φίλαυτος ἑαυτοῦ χάριν πάντα πράττει ὁ ἑαυτοῦ χάριν πράττων φαῦλος ὁ φίλαυτος ἄρα φαῦλος καὶ τὴν μὲν μείζονα πρότασιν τὴν λέγουσαν ὁ χάριν ἑαυτοῦ πάντα πράττων ἐδήλωσε διὰ τοῦτο δοκεῖ δ ὁ μὲν φαῦλος ἑαυτοῦ χάριν πάντα πράττειν καὶ ὅσῳ ἂν	Aristotle	Michael of Ephesus	Ethica Nicomachea	In Ethica Nicomachea IX-X	
tlg0086.tlg010	8/#39	ancient_classical	4034.001	/506#1	11th_12th	0.0465	10	26	δὲ μοχθηρὸν οὐ δεῖ βλάψει γὰρ καὶ ἑαυτὸν καὶ τοὺς πέλας φαύλοις πάθεσιν ἑπόμενος τῷ μοχθηρῷ μὲν οὖν διαφωνεῖ ἃ δεῖ πράττειν καὶ ἃ πράττει ὁ δ ἐπιεικής ἃ δεῖ ταῦτα καὶ πράττει πᾶς γὰρ νοῦς αἱρεῖται τὸ βέλτιστον ἑαυτῷ ὁ δ ἐπιεικὴς πειθαρχεῖ τῷ νῷ ἀληθὲς δὲ περὶ τοῦ σπουδαίου καὶ τὸ τῶν φίλων ἕνεκα πολλὰ πράττειν καὶ τῆς πατρίδος κἂν δέῃ ὑπεραποθνήσκειν	βουλόμενος λαμβανέτω τὰς πίστεις τοῦ πάντα νοῦν αἱρεῖσθαι τὸ βέλτιστον ἑαυτῷ ὥστε καὶ ὁ ἐπιεικής ἐπειδὴ πειθαρχεῖ τῷ νῷ ἀποσείεται δὲ τὰς ἀλόγους ὀρέξεις τὰ βέλτιστα καὶ ἑαυτῷ καὶ τοῖς πέλας αἱρήσεται καὶ πράξει Ἀληθὲς δὲ τὸ περὶ τοῦ σπουδαίου καὶ τὸ τῶν φίλων ἕνεκα πολλὰ πράττειν	Aristotle	Michael of Ephesus	Ethica Nicomachea	In Ethica Nicomachea IX-X	
tlg0086.tlg010	8/#42	ancient_classical	4034.001	/594#1	11th_12th	0.0475	13	13	τοῖς πάθεσιν ἡ τοῦ ἤθους ἀρετή συνέζευκται δὲ καὶ ἡ φρόνησις τῇ τοῦ ἤθους ἀρετῇ καὶ αὕτη τῇ φρονήσει εἴπερ αἱ μὲν τῆς φρονήσεως ἀρχαὶ	εἰσὶ καὶ οὐ τοῦ ὄντως ἀνθρώπου Συνέζευκται δὲ καὶ ἡ φρόνησις τῇ τοῦ ἤθους ἀρετῇ καὶ αὕτη τῇ φρονήσει Δείξας τὰς ἠθικὰς ἀρετὰς ἀνθρωπικὰς οὔσας	Aristotle	Michael of Ephesus	Ethica Nicomachea	In Ethica Nicomachea IX-X	
tlg0086.tlg010	8/#44	ancient_classical	4034.001	/597#1	11th_12th	0.0629	8	16	τὴν ἀρετὴν πράττειν δεήσεται οὖν τῶν τοιούτων πρὸς τὸ ἀνθρωπεύεσθαι ἡ δὲ τελεία εὐδαιμονία ὅτι θεωρητική τις ἐστὶν ἐνέργεια καὶ ἐντεῦθεν ἂν φανείη τοὺς θεοὺς γὰρ μάλιστα ὑπειλήφαμεν μακαρίους	σῶμα καὶ ἀνθρώποις συζῇ δεήσεται καὶ τούτων πρὸς τὸ ἀνθρωπεύεσθαι ἤτοι τὰ καθήκοντα πράττειν πρὸς τοὺς φοι τῶντας εἰς αὐτόν Ἡ δὲ τελεία εὐδαιμονία ὅτι θεωρητική τίς ἐστιν ἐνέρ γεια καὶ ἐντεῦθεν ἂν φανείη Καὶ ταῦτα δεικτικά ἐστι τοῦ ὅτι	Aristotle	Michael of Ephesus	Ethica Nicomachea	In Ethica Nicomachea IX-X	
tlg0086.tlg010	9/#44	ancient_classical	4034.001	/615#3	11th_12th	0.0922	8	12	ὧν ἔστιν ἐπιμέλειά τις καὶ φρόνησις ἆρ οὖν μετὰ τοῦτο ἐπισκεπτέον πόθεν ἢ πῶς νομοθετικὸς γένοιτ ἄν τις ἢ καθάπερ ἐπὶ τῶν ἄλλων παρὰ τῶν πολιτικῶν μόριον γὰρ ἐδόκει	καὶ ἀγαθοὺς ποιεῖν δύναται ὁ νομοθετικός Ἆρ οὖν μετὰ τοῦτο ἐπισκεπτέον πόθεν ἢ πῶς νομο θετικὸς γένοιτ ἄν Τὸ ἆρ οὖν ἀποφαντικόν ἐστι λέγει δέ ὅτι ἐπεὶ τοῦ νομοθετικοῦ ἐστι τὸ καλοὺς κἀγαθοὺς ἀποτελεῖν πολίτας δεῖ ἰδεῖν τίσι διδασκάλοις χρη στέον εἰς τὸ νομοθετικοὺς γενέσθαι καὶ πῶς ἤτοι ἐκ ποίων ἐπιτηδευμά των γενοίμεθα ἂν νομοθετικοί καὶ τοῦτο ἐπήγαγεν εἰπών ὅτι καθάπερ ἐπὶ τῶν ἄλλων οὕτως ἕξει καὶ ἐπὶ τῆς νομοθετικῆς	Aristotle	Michael of Ephesus	Ethica Nicomachea	In Ethica Nicomachea IX-X	
tlg0086.tlg010	9/#46	ancient_classical	4034.001	/618#1	11th_12th	0.029	9	9	οἱ γὰρ ἔμπειροι περὶ ἕκαστα κρίνουσιν ὀρθῶς τὰ ἔργα καὶ δι ὧν ἢ πῶς ἐπιτελεῖται συνιᾶσιν καὶ ποῖα ποίοις συνᾴδει τοῖς	θῶς τὰ ἔργα καὶ δι ὧν ἢ πῶς ἐπιτελεῖται ὁ γὰρ ὢν ἰατρὸς οἶδε τί	Aristotle	Michael of Ephesus	Ethica Nicomachea	In Ethica Nicomachea IX-X	
tlg0086.tlg010	10/#23	ancient_classical	4034.001	/520#1	11th_12th	0.0914	11	15	εἶναι μήτ αὖ πολύφιλον καθ ὑπερβολήν τοῖς μὲν δὴ πρὸς χρῆσιν κἂν πάνυ δόξειεν ἁρμόζειν τὸ λεχθέν πολλοῖς γὰρ ἀνθυπηρετεῖν ἐπίπονον καὶ οὐχ ἱκανὸς ὁ βίος αὐτὸ τοῦτο πράττειν οἱ πλείους δὴ τῶν πρὸς τὸν οἰκεῖον βίον ἱκανῶν περίεργοι καὶ ἐμπόδιοι πρὸς τὸ καλῶς ζῆν οὐθὲν οὖν δεῖ αὐτῶν καὶ οἱ	τὸ ἀντευποιεῖν καὶ ἀντιπάσχειν φι λοῦσι τοῖς μὲν δὴ πρὸς χρῆσιν καὶ πάνυ δόξειεν ἁρμόζειν τὸ λεχθέν λεχθὲν λέγει τὸ μὴ ἔχειν φίλους πολλούς ἁρμόσει γὰρ καὶ τοῖς διὰ τὸ ἡδὺ καὶ ἦθος φιλοῦσι μὴ ὡς πλείστους ἔχειν φίλους ἀλλὰ μάλιστα τὸ λεχθὲν ἁρμόζει τοῖς διὰ τὸ χρήσιμον βίος γὰρ ἑνὸς καὶ περιουσία οὐχ ἱκανὴ οὕτω πολλοῖς ὑπηρετεῖν καὶ μάλισθ ὅτι πρὸς τῷ περιέργους εἶναι τοὺς τοιούτους καὶ ἐμπόδιοί εἰσι πρὸς τὸ καλῶς ζῆν ἤτοι δίχα πολλοῦ καὶ ὄχλου καὶ	Aristotle	Michael of Ephesus	Ethica Nicomachea	In Ethica Nicomachea IX-X	
tlg0086.tlg010	10/#25	ancient_classical	4034.001	/522#3	11th_12th	0.0899	11	11	αἱ δ ὑμνούμεναι ἐν δυσὶ λέγονται οἱ δὲ πολύφιλοι καὶ πᾶσιν οἰκείως ἐντυγχάνοντες οὐδενὶ δοκοῦσιν εἶναι φίλοι πλὴν πολιτικῶς οὓς καὶ καλοῦσιν ἀρέσκους	Ὀρέστου ἡ τοῦ Θησέως καὶ Πειρίθου οἱ δὲ πολύφιλοι καὶ πᾶσιν οἰκείως ἐντυγχάνοντες οὐδενὶ δοκοῦσιν εἶναι φίλοι διὰ τὸ μὴ ἐνδέχεσθαι πολλοῖς εἶναί	Aristotle	Michael of Ephesus	Ethica Nicomachea	In Ethica Nicomachea IX-X	
tlg0086.tlg010	11/#19	ancient_classical	4034.001	/524#2	11th_12th	0.0545	8	13	ἡ ἔννοια τοῦ συναλγεῖν ἐλάττω τὴν λύπην ποιεῖ εἰ μὲν οὖν διὰ ταῦτα ἢ δι ἄλλο τι κουφίζονται ἀφείσθω συμβαίνειν δ οὖν φαίνεται τὸ λεχθέν ἔοικε δ ἡ παρουσία μικτή τις αὐτῶν εἶναι αὐτὸ μὲν γὰρ τὸ ὁρᾶν τοὺς	Πλάτωνι ἐναντίῳ ἐναντίον τὸ ἡδὺ τῷ λυπηρῷ ἐπήγαγεν εἰ μὲν οὖν διὰ τὸ ἐναντίως ἔχειν πρὸς ἄλληλα τὸ ἡδὺ καὶ λυπηρὸν κου φίζονται ἢ καὶ δι ἄλλο τι ἤτοι διὰ μέγεθος καὶ μικρότητα ὡς καὶ ἐπὶ τῶν δύο πόνων εἶπεν ὁ Ἱπποκράτης ἀφείσθω οὐ γὰρ τοῦτο πρόκειται σκοπεῖν ἀλλ ὅτι ἡ τοῦ φίλου παρουσία ἀναγκαία καθέστηκεν ἐν ταῖς ἀτυ χίαις ὅτι ἐπιδήλως κουφίζει τὰς τῶν δυστυχούντων λύπας Ἔοικε δ ἡ παρουσία μικτή τις αὐτῶν εἶναι Ἡ τοῦ φίλου φησί παρουσία μικτὴ	Aristotle	Michael of Ephesus	Ethica Nicomachea	In Ethica Nicomachea IX-X	
tlg0086.tlg010	1/#47	ancient_classical	4034.001	/467#1	11th_12th	0.0719	8	14	μὴ ποιοῦντες εἰκότως ἐν ἐγκλήμασίν εἰσιν ἐν οἷς δὲ μὴ γίνεται διομολογία τῆς ὑπουργίας οἱ μὲν δι αὐτοὺς προϊέμενοι εἴρηται ὅτι ἀνέγκλητοι τοιαύτη γὰρ ἡ κατ ἀρετὴν	μὴ πληροῦντες εἰς εὐ θύνας ἕλκονται ἐν οἷς δὲ μὴ γίνεται διομολογία τῆς ὑπουργίας λέγει δ ὑπουργίαν τὴν εὐποιΐαν ἣν δέδρακεν ὁ προδεδωκὼς πρὸς τὸν προλαβόντα οἱ μὲν δι ἑαυτοὺς προϊέμενοι τουτέστι οἱ διὰ τὰ αὑτῶν ἤθη καὶ τὰς	Aristotle	Michael of Ephesus	Ethica Nicomachea	In Ethica Nicomachea IX-X	
tlg0086.tlg010	3/#43	ancient_classical	4034.001	/477#1	11th_12th	0.0354	8	8	μήτ ἀρεσκόμενοι τοῖς αὐτοῖς μήτε χαίροντες καὶ λυπούμενοι οὐδὲ γὰρ περὶ ἀλλήλους ταῦθ ὑπάρξει αὐτοῖς ἄνευ δὲ τούτων οὐκ ἦν φίλους	αὐτοῖς χαίροντες μήτε τὰ αὐτὰ ἀποστρεφόμενοι καὶ μισοῦντες οὐδὲ γὰρ περὶ ἀλλήλους ταῦθ ὑπάρχει αὐτοῖς ἤτοι οὐδὲ γὰρ δυνατόν ἐστιν ὃ	Aristotle	Michael of Ephesus	Ethica Nicomachea	In Ethica Nicomachea IX-X	
tlg0086.tlg010	3/#46	ancient_classical	4034.001	/541#3	11th_12th	0.0516	11	11	οἰκεῖον εἶναι δοκεῖ τάχος καὶ βραδυτής καὶ εἰ μὴ καθ αὑτήν οἷον τῇ τοῦ κόσμου πρὸς ἄλλο τῇ δ ἡδονῇ τούτων οὐδέτερον ὑπάρχει	οἰκεῖον εἶναι τάχος καὶ βραδυτής ἐπήγαγε καὶ εἰ μὴ καθ αὑτὴν οἷον τὸ τοῦ κόσμου πρὸς ἄλλο ὃ δὲ λέγει ἐστίν εἰ μὴ	Aristotle	Michael of Ephesus	Ethica Nicomachea	In Ethica Nicomachea IX-X	
tlg0086.tlg010	3/#49	ancient_classical	4034.001	/548#1	11th_12th	0.0435	10	10	ὁμοίως δὲ καὶ ἐπὶ τῶν ἄλλων ἐμφανίζειν δὲ δοκεῖ καὶ ὁ φίλος ἕτερος ὢν τοῦ κόλακος οὐκ οὖσαν ἀγαθὸν τὴν ἡδονὴν ἢ	Ἐμφανίζειν δὲ δοκεῖ καὶ ὁ φίλος ἕτερος ὢν τοῦ κόλακος Καὶ ἀπὸ τοῦ κόλακος συνάγειν ἐπειρῶντο	Aristotle	Michael of Ephesus	Ethica Nicomachea	In Ethica Nicomachea IX-X	
tlg0086.tlg010	4/#33	ancient_classical	4034.001	/552#3	11th_12th	0.0709	12	12	οὖν περὶ κινήσεως ἐν ἄλλοις εἴρηται ἔοικε δ οὐκ ἐν ἅπαντι χρόνῳ τελεία εἶναι ἀλλ αἱ πολλαὶ ἀτελεῖς καὶ διαφέρουσαι τῷ εἴδει εἴπερ τὸ	ἡδονῇ ἡ κατὰ φύσιν ἀνεμπόδιστος ἐνέργεια Ἔοικε δ οὐκ ἐν ἅπαντι χρόνῳ τελεία εἶναι ἀλλ αἱ πολλαὶ ἀτελεῖς Τὸ πολλαὶ πρόσκειται διὰ τὰς κυκλοφορίας	Aristotle	Michael of Ephesus	Ethica Nicomachea	In Ethica Nicomachea IX-X	
tlg0086.tlg010	4/#37	ancient_classical	4034.001	/561#1	11th_12th	0.0712	12	17	οὐ τοιαύτη ἡ ἐνέργεια ἀλλὰ παρημελημένη διὸ καὶ ἡ ἡδονὴ ἀμαυροῦται ὀρέγεσθαι δὲ τῆς ἡδονῆς οἰηθείη τις ἂν ἅπαντας ὅτι καὶ τοῦ ζῆν ἅπαντες ἐφίενται ἡ δὲ ζωὴ ἐνέργειά	ληψιν ἔχοντες τῶν πραγμάτων διὸ καὶ ἡ ἡδονὴ ἀμαυροῦται εἴρη ται γὰρ ὅτι ὁποῖαι ἂν ὦσιν αἱ ἐνέργειαι τοιαῦται καὶ αἱ ἐπ αὐταῖς ἡδοναί Ὀρέγεσθαι δὲ τῆς ἡδονῆς οἰηθείη τις ἂν ἅπαντα ὅτι καὶ τοῦ ζῆν Ἐπεὶ ἡ ἡδονὴ χωρὶς ἐνεργείας εἶναι	Aristotle	Michael of Ephesus	Ethica Nicomachea	In Ethica Nicomachea IX-X	
tlg0086.tlg010	5/#41	ancient_classical	4034.001	/568#1	11th_12th	0.0503	10	10	καλῶν ἐπαινεταί τῶν δ αἰσχρῶν ψεκταί οἰκειότεραι δὲ ταῖς ἐνεργείαις αἱ ἐν αὐταῖς ἡδοναὶ τῶν ὀρέξεων αἳ μὲν γὰρ διωρισμέναι εἰσὶ καὶ	τὸ αἱρετὸν καὶ φευκτὸν ἀνομοειδὲς ὑπάρχει Οἰκειότεραι δὲ ταῖς ἐνεργείαις αἱ ἐν αὐταῖς ἡδοναὶ τῶν ὀρέξεων Δείξας ὅτι οὐ πᾶσα ἡδονὴ πάσῃ	Aristotle	Michael of Ephesus	Ethica Nicomachea	In Ethica Nicomachea IX-X	
tlg0086.tlg010	7/#40	ancient_classical	4034.001	/496#2	11th_12th	0.0507	12	12	τῷ δὲ παθόντι τὸ χρήσιμον παροίχεται ἥ τε μνήμη τῶν μὲν καλῶν ἡδεῖα τῶν δὲ χρησίμων οὐ πάνυ ἢ ἧττον ἡ προσδοκία δ ἀνάπαλιν	οὐ φιλεῖ δι ἃς εἴπομεν αἰτίας Ἥ τε μνήμη τῶν μὲν καλῶν ἡδεία τῶν δὲ χρησίμων οὐ πάνυ Τὴν παροῦσαν λέξιν δύναταί τις νοεῖν καὶ ὡς ἁπλῶς οὕτω ῥηθεῖσαν εἰς διάκρισιν τῆς διαφορᾶς ᾗ διαφέρουσι τὰ παρεληλυθότα καλὰ καὶ χρή σιμα τῶν μελλόντων καλῶν καὶ χρησίμων δύναται καὶ ὡς λύσιν ἐπινοεῖν τινος ἀπορεῖσθαι δυναμένου πρὸς τὰ παρόντα καὶ κατὰ μὲν τὴν προτέραν λέγοι ἄν ὅτι τῶν μὲν καλῶν ἡ μνήμη μᾶλλον ἡδεῖα τῶν δὲ χρησίμων ἧττον ἐπὶ δὲ τοῦ μέλλοντος ἔμπαλιν	Aristotle	Michael of Ephesus	Ethica Nicomachea	In Ethica Nicomachea IX-X	
tlg0086.tlg010	7/#44	ancient_classical	4034.001	/587#1	11th_12th	0.042	13	14	σχολάζωμεν καὶ πολεμοῦμεν ἵν εἰρήνην ἄγωμεν τῶν μὲν οὖν πρακτικῶν ἀρετῶν ἐν τοῖς πολιτικοῖς ἢ ἐν τοῖς πολεμικοῖς ἡ ἐνέργεια αἱ δὲ περὶ ταῦτα πράξεις δοκοῦσιν	Τῶν μὲν οὖν πρακτικῶν ἀρετῶν ἐν τοῖς πολιτικοῖς ἢ ἐν τοῖς πολεμικοῖς αἱ ἐνέργειαι Εἰπὼν ὅτι ἐν σχολῇ δοκεῖ εἶναι ἡ εὐδαιμονία δείκνυσι διὰ τούτων ὅτι οὐδεμία ἄλλη τις ἐνέργεια οὔτε πολεμικὴ οὔτε πολιτικὴ οὔθ ἡ πολι τικὴ αὐτὴ εὐδαιμονία ἐν σχολῇ ἐστιν ἀλλὰ μόνη ἡ κατὰ νοῦν ἐνέργεια ἡ θεωρητικὴ εὐδαιμονία τοῦτο δεικνὺς λέγει ὅτι τῶν μὲν πρακτικῶν ἀρετῶν ἤτοι τῶν ἠθικῶν αἱ ἐνέργειαι ἢ ἐν τοῖς πολιτικοῖς πράγμασίν εἰσιν ἢ ἐν τοῖς πολεμικοῖς αἵτινες καὶ αἱ κατὰ τὸν πόλεμον	Aristotle	Michael of Ephesus	Ethica Nicomachea	In Ethica Nicomachea IX-X	
tlg0086.tlg010	8/#46	ancient_classical	4034.001	/601#1	11th_12th	0.056	8	8	εἴη ἂν ἡ εὐδαιμονία θεωρία τις δεήσει δὲ καὶ τῆς ἐκτὸς εὐημερίας ἀνθρώπῳ ὄντι οὐ γὰρ αὐτάρκης ἡ φύσις πρὸς	Δεήσει δὲ καὶ τῆς ἐκτὸς εὐημερίας ἀνθρώπῳ ὄντι Πολλάκις ἐπισημαίνεται τοῦτο διά τε τὸν	Aristotle	Michael of Ephesus	Ethica Nicomachea	In Ethica Nicomachea IX-X	
tlg0086.tlg010	8/#47	ancient_classical	4034.001	/602#1	11th_12th	0.0548	11	11	γὰρ μέτρια κεκτημένους πράττειν ἃ δεῖ ἔοικε δὲ καὶ Ἀναξαγόρας οὐ πλούσιον οὐδὲ δυνάστην ὑπολαβεῖν τὸν εὐδαίμονα εἰπὼν ὅτι οὐκ ἂν θαυμάσειεν εἴ	Ἔοικε δὲ καὶ Ἀναξαγόρας οὐ πλούσιον οὐδὲ δυναστὴν ὑπολαμβάνειν τὸν εὐδαίμονα Ἔθος Ἀριστοτέλει μετὰ τὰς ἀποδείξεις εἰς	Aristotle	Michael of Ephesus	Ethica Nicomachea	In Ethica Nicomachea IX-X	
tlg0086.tlg010	9/#35	ancient_classical	4034.001	/518#1	11th_12th	0.1403	8	12	γὰρ εἶναι ἦν αἰσθάνεσθαι ἢ νοεῖν τὸ δ αἰσθάνεσθαι ὅτι ζῇ τῶν ἡδέων καθ αὑτό φύσει γὰρ ἀγαθὸν ζωή τὸ δ ἀγαθὸν ὑπάρχον ἐν ἑαυτῷ αἰσθάνεσθαι ἡδύ αἱρετὸν δὲ τὸ ζῆν καὶ μάλιστα	ἐστι τῷ εἶναι ἡμᾶς καὶ ζῆν τὸ δ αἰσθάνεσθαι ὅτι ζῶμεν ἀγαθὸν καὶ ἡδύ καθ αὑτὸ ἄρα τὸ εἶναι καὶ ζῆν ἀγαθὸν καὶ ἡδύ εἰπὼν δὲ ὅτι φύσει ἀγαθὸν ἡ ζωή δεικνὺς ὅτι ἀγαθὴν ζωὴν τὴν κατ ἀρετὴν λέγει ἐπήγαγεν τὸ δ ἀγαθὸν ὑπάρχειν ἐν ἑαυτῷ αἰσθάνεσθαι ἡδύ τουτέστιν ἡδύτατόν ἐστι τὸ αἰσθάνεσθαι ὅτι	Aristotle	Michael of Ephesus	Ethica Nicomachea	In Ethica Nicomachea IX-X	
tlg0086.tlg010	9/#37	ancient_classical	4034.001	/605#2	11th_12th	0.0757	9	9	χρῆσθαι πειρατέον ἢ εἴ πως ἄλλως ἀγαθοὶ γινόμεθα εἰ μὲν οὖν ἦσαν οἱ λόγοι αὐτάρκεις πρὸς τὸ ποιῆσαι ἐπιεικεῖς πολλοὺς ἂν	πάντως δὲ χρηστέον ἐκείνοις δι ὧν ἀγαθοὶ ἐσόμεθα Εἰ μὲν οὖν ἦσαν οἱ λόγοι αὐτάρκεις ποιῆσαι ἐπιεικεῖς Εἰ μὲν οὖν ἤρκει	Aristotle	Michael of Ephesus	Ethica Nicomachea	In Ethica Nicomachea IX-X	
tlg0086.tlg010	9/#42	ancient_classical	4034.001	/611#3	11th_12th	0.0605	18	18	ἢ γυμναστικῆς καὶ τῶν ἄλλων ἐπιτηδευμάτων ὥσπερ γὰρ ἐν ταῖς πόλεσιν ἐνισχύει τὰ νόμιμα καὶ τὰ ἤθη οὕτω καὶ ἐν οἰκίαις οἱ πατρικοὶ λόγοι καὶ τὰ ἔθη καὶ ἔτι μᾶλλον	δύ ναται καὶ πολλούς καὶ ἔμπαλιν ὥσπερ γὰρ ἐν ταῖς πόλεσιν ἰσχύει τὰ νόμιμα καὶ τὰ ἔθη οὕτω καὶ ἐν οἰκίαις οἱ πατρικοὶ λόγοι ζητητέον πῶς πρὸ ὀλίγου εἰπὼν μηδὲν	Aristotle	Michael of Ephesus	Ethica Nicomachea	In Ethica Nicomachea IX-X	
tlg0086.tlg010	9/#45	ancient_classical	4034.001	/616#2	11th_12th	0.0721	10	10	ἐνεργοῦντες ἀπ αὐτῶν οἷον ἰατροὶ γραφεῖς τὰ δὲ πολιτικὰ ἐπαγγέλλονται μὲν διδάσκειν οἱ σοφισταί πράττει δ αὐτῶν οὐδείς ἀλλ οἱ πολιτευόμενοι οἳ	οἶδε καὶ ἐνεργεῖ κατὰ τὴν τέχνην τὰ δὲ πολιτικὰ ἐπαγγέλλονται μὲν διδάσκειν οἱ σοφισταί πράττουσι δ οὐδαμῶς ὥστε ἀγνοοῦσιν εἰ γὰρ ᾔδεσαν	Aristotle	Michael of Ephesus	Ethica Nicomachea	In Ethica Nicomachea IX-X	
tlg0086.tlg010	9/#45	ancient_classical	4034.001	/617#1	11th_12th	0.1044	8	15	τοιαύτης δυνάμεως οὐδὲ δὴ τοῖς φιλτάτοις οὐ μὴν μικρόν γε ἔοικεν ἡ ἐμπειρία συμβάλλεσθαι οὐδὲ γὰρ ἐγίνοντ ἂν διὰ τῆς πολιτικῆς συνηθείας πολιτικοί	οὐ διδά σκουσι δέ ἀγνοοῦσιν ἄρα Οὐ μὴν μικρόν γε ἔοικεν ἡ ἐμπειρία συμβάλλεσθαι Τὸ μὲν κυριώτατον τοῦ κυβερνᾶσθαι καλῶς πάντα τὰ τῆς πόλεως παρὰ τῶν προϊσταμένων τὸ ἔχειν ἐστὶ τὴν πολιτικὴν ἐπιστήμην ὅμως ἡ ἐμπειρία μεγάλα συμβάλλεται ὡς καὶ ἐπὶ ἰατρικῆς καὶ τῶν ἄλλων ὧν τὸ τέλος οὐκ ἔστι γνῶσις ψιλή ἀλλὰ τὸ ἔργον αὐτῶν ἀποτελεῖται διὰ λό γου καὶ πράξεως εἰπὼν δὲ μεγάλα συμβάλλεσθαι τὴν ἐμπειρίαν τὴν αἰ τίαν τούτου ἐπήγαγεν εἰπὼν οὐ γὰρ ἐγίνοντο ἂν διὰ τῆς πολιτικῆς συνηθείας μᾶλλον ἔστι δὲ τὸ λεγόμενον τοιοῦτον εἰ μὴ συνεβάλλετο πρὸς τὰς πολιτικὰς πράξεις ἡ ἐμπειρία οὐκ ἂν ἐγίνοντο διὰ τῆς πολιτικῆς συνηθείας μᾶλλον πολιτικοί	Aristotle	Michael of Ephesus	Ethica Nicomachea	In Ethica Nicomachea IX-X	
tlg0086.tlg010	9/#46	ancient_classical	4034.001	/617#1	11th_12th	0.1019	8	15	τοιαύτης δυνάμεως οὐδὲ δὴ τοῖς φιλτάτοις οὐ μὴν μικρόν γε ἔοικεν ἡ ἐμπειρία συμβάλλεσθαι οὐδὲ γὰρ ἐγίνοντ ἂν διὰ τῆς πολιτικῆς συνηθείας πολιτικοί διὸ τοῖς ἐφιεμένοις περὶ πολιτικῆς	οὐ διδά σκουσι δέ ἀγνοοῦσιν ἄρα Οὐ μὴν μικρόν γε ἔοικεν ἡ ἐμπειρία συμβάλλεσθαι Τὸ μὲν κυριώτατον τοῦ κυβερνᾶσθαι καλῶς πάντα τὰ τῆς πόλεως παρὰ τῶν προϊσταμένων τὸ ἔχειν ἐστὶ τὴν πολιτικὴν ἐπιστήμην ὅμως ἡ ἐμπειρία μεγάλα συμβάλλεται ὡς καὶ ἐπὶ ἰατρικῆς καὶ τῶν ἄλλων ὧν τὸ τέλος οὐκ ἔστι γνῶσις ψιλή ἀλλὰ τὸ ἔργον αὐτῶν ἀποτελεῖται διὰ λό γου καὶ πράξεως εἰπὼν δὲ μεγάλα συμβάλλεσθαι τὴν ἐμπειρίαν τὴν αἰ τίαν τούτου ἐπήγαγεν εἰπὼν οὐ γὰρ ἐγίνοντο ἂν διὰ τῆς πολιτικῆς συνηθείας μᾶλλον ἔστι δὲ τὸ λεγόμενον τοιοῦτον εἰ μὴ συνεβάλλετο πρὸς τὰς πολιτικὰς πράξεις ἡ ἐμπειρία οὐκ ἂν ἐγίνοντο διὰ τῆς πολιτικῆς συνηθείας μᾶλλον πολιτικοί	Aristotle	Michael of Ephesus	Ethica Nicomachea	In Ethica Nicomachea IX-X	
tlg0086.tlg010	10/#22	ancient_classical	4034.001	/519#2	11th_12th	0.0808	9	13	ἀσθενὴς ὁ ἄρχων καὶ ἑκάστῳ ἐξουσία ἆρ οὖν ὡς πλείστους φίλους ποιητέον ἢ καθάπερ ἐπὶ τῆς ξενίας ἐμμελῶς εἰρῆσθαι δοκεῖ μήτε	καλλίστων πράξεων καὶ λόγων καὶ διανοημάτων Ἆρ οὖν ὡς πλείστους φίλους ποιητέον ἢ καθάπερ ἐπὶ ξενίας ἐμμελῶς εἰρῆσθαι δοκεῖ τὸ μήτε πολύξεινος μήτε ἄξει νος	Aristotle	Michael of Ephesus	Ethica Nicomachea	In Ethica Nicomachea IX-X	
tlg0086.tlg010	10/#24	ancient_classical	4034.001	/521#2	11th_12th	0.0677	9	9	συζῆν τοῦτο γὰρ ἐδόκει φιλικώτατον εἶναι ὅτι δ οὐχ οἷόν τε πολλοῖς συζῆν καὶ διανέμειν ἑαυτόν οὐκ ἄδηλον ἔτι δὲ κἀκείνους	φευκτέον τὸν τοσοῦτον τῶν φίλων ἀριθμόν Ὅτι δ οὐχ οἷόν τε πολλοῖς συζῆν καὶ διανέμειν ἑαυ τόν οὐκ ἄδηλον Ὃ λέγει	Aristotle	Michael of Ephesus	Ethica Nicomachea	In Ethica Nicomachea IX-X	
tlg0086.tlg010	1/#44	ancient_classical	4034.001	/463#3	11th_12th	0.0351	10	10	δὴ πάντα ἀναφέρεται καὶ τούτῳ μετρεῖται ἐν δὲ τῇ ἐρωτικῇ ἐνίοτε μὲν ὁ ἐραστὴς ἐγκαλεῖ ὅτι ὑπερφιλῶν οὐκ ἀντιφιλεῖται οὐδὲν ἔχων φιλητόν	ἀλλήλους ἀνταλλάττονται εἰ δὲ μή διαλύονται Ἐν δὲ τῇ ἐρωτικῇ ἐνίοτε μὲν ὁ ἐραστὴς ἐγκαλεῖ Οἱ μὲν διὰ τὸ χρήσιμον φιλοῦντες ἦσαν	Aristotle	Michael of Ephesus	Ethica Nicomachea	In Ethica Nicomachea IX-X	
tlg0086.tlg010	1/#44	ancient_classical	4034.001	/462#1	11th_12th	0.0954	15	15	εἴδει εἴρηται δ ὑπὲρ αὐτῶν ἔμπροσθεν ἐν πάσαις δὲ ταῖς ἀνομοιοειδέσι φιλίαις τὸ ἀνάλογον ἰσάζει καὶ σῴζει τὴν φιλίαν καθάπερ εἴρηται οἷον καὶ ἐν τῇ πολιτικῇ τῷ	τὰ λείποντα τοῖς περὶ φιλίας ἐκτίθεται Ἐν ἁπάσαις δὲ ταῖς ἀνομοειδέσι φιλίαις τὸ ἀνάλογον ἰσάζει καὶ σώζει τὴν φιλίαν καθάπερ εἴρηται Ἀναμιμνήσκει τῶν ἐν τῷ πρὸ τούτου	Aristotle	Michael of Ephesus	Ethica Nicomachea	In Ethica Nicomachea IX-X	
tlg0086.tlg010	2/#33	ancient_classical	4034.001	/471#2	11th_12th	0.0969	8	12	πάντα τῷ αὐτῷ ἀποδοτέον οὐκ ἄδηλον καὶ τὰς μὲν εὐεργεσίας ἀνταποδοτέον ὡς ἐπὶ τὸ πολὺ μᾶλλον ἢ χαριστέον ἑταίροις ὥσπερ καὶ δάνειον ᾧ ὀφείλει ἀποδοτέον μᾶλλον ἢ ἑταίρῳ δοτέον ἴσως δ οὐδὲ τοῦτ ἀεί οἷον τῷ λυτρωθέντι παρὰ λῃστῶν πότερα τὸν	ἔχοντι μὴ δοτέον καὶ τὰς εὐερ γεσίας ἀνταποδοτέον ὡς ἐπὶ τὸ πολὺ ἢ χαριστέον ἑταίρῳ ἐνίοτε δὲ χαριστέον ἑταίρῳ ἢ ἀνταποδοτέον τῷ εὐεργέτῃ εἰ γὰρ ἐπὶ θάνατον ὁ ἑταῖρος ἕλκεται διὰ χρήματα τούτῳ δεῖ χαρίσασθαι ἢ τῷ εὐεργέτῃ ἐν οὐδενὶ κινδύνῳ καθεστηκότι ἀλλὰ καὶ τὸ δάνειον μᾶλλον ἀποδοτέον τῷ δανείσαντι ἢ ἑταίρῳ χαριστέον ἀλλ οὐδὲ τοῦτο ἀεί οἷον ἐλήφθη ὁ Πολέμαρχος ὑπὸ πολεμίων ἐξωνήσατο	Aristotle	Michael of Ephesus	Ethica Nicomachea	In Ethica Nicomachea IX-X	
tlg0086.tlg010	2/#38	ancient_classical	4034.001	/535#3	11th_12th	0.0712	9	9	αὐτὴν ἀποφαίνειν καὶ οὐδὲν μᾶλλον ἑτέρου πᾶν γὰρ μεθ ἑτέρου ἀγαθοῦ αἱρετώτερον ἢ μονούμενον τοιούτῳ δὴ λόγῳ καὶ Πλάτων ἀναιρεῖ ὅτι	κέντρον τῶν ἀγαθῶν τυγχάνει τὸ οὖν πᾶν γὰρ μεθ ἑτέρου ἀγαθοῦ αἱρετώτερον ἢ μονούμενον τοιοῦτόν ἐστιν εἰ πᾶν ἀγαθὸν ὁποῖον ἂν	Aristotle	Michael of Ephesus	Ethica Nicomachea	In Ethica Nicomachea IX-X	
tlg0086.tlg010	2/#39	ancient_classical	4034.001	/538#3	11th_12th	0.042	9	9	αὑτά ὃ ἐφίεται τοῦ οἰκείου ἀγαθοῦ οὐκ ἔοικε δὲ οὐδὲ περὶ τοῦ ἐναντίου καλῶς λέγεσθαι οὐ γάρ φασιν εἰ ἡ λύπη	πραγματείαις καὶ ἐκεῖθεν ὁ φερέπονος ἀναλεγέσθω Οὐκ ἔοικε δὲ οὐδὲ περὶ τοῦ ἐναντίου καλῶς λέγεσθαι Ὁ ἐκ τοῦ ἐναντίου συνιστῶν τὴν	Aristotle	Michael of Ephesus	Ethica Nicomachea	In Ethica Nicomachea IX-X	
tlg0086.tlg010	3/#43	ancient_classical	4034.001	/476#4	11th_12th	0.0755	14	14	ἦν ἀλλοιωθέντα οὖν ἀδυνατῶν ἀνασῶσαι ἀφίσταται εἰ δ ὃ μὲν διαμένοι ὃ δ ἐπιεικέστερος γίνοιτο καὶ πολὺ διαλλάττοι τῇ ἀρετῇ ἆρα χρηστέον φίλῳ ἢ οὐκ ἐνδέχεται	ἀλλ ὃν οὐκ ἐφίλει τοῦτον ἀποφεύγει Εἰ δ ὁ μὲν διαμένοι ὁ δ ἐπιεικέστερος γένοιτο καὶ πολὺ διαλλάττοι τῇ ἀρετῇ Εἰπὼν ὅτι διαλυτέον τὴν φιλίαν θατέρου	Aristotle	Michael of Ephesus	Ethica Nicomachea	In Ethica Nicomachea IX-X	
tlg0086.tlg010	3/#46	ancient_classical	4034.001	/542#3	11th_12th	0.036	12	12	οὐκ ἔστι ταχέως λέγω δ ἥδεσθαι γένεσίς τε πῶς ἂν εἴη δοκεῖ γὰρ οὐκ ἐκ τοῦ τυχόντος τὸ τυχὸν γίνεσθαι ἀλλ ἐξ οὗ γίνεται	ταῦτα ἡ ἡδονὴ οὐκ ἂν εἴη Γένεσίς τε πῶς ἂν εἴη δοκεῖ γὰρ οὐκ ἐκ τοῦ τυχόν τος τὸ τυχὸν γίνεσθαι Εἰπὼν ὅθεν ὁρμηθεὶς	Aristotle	Michael of Ephesus	Ethica Nicomachea	In Ethica Nicomachea IX-X	
tlg0086.tlg010	5/#36	ancient_classical	4034.001	/488#1	11th_12th	0.0228	8	8	γὰρ προησθεὶς τῇ ἰδέᾳ οὐδεὶς ἐρᾷ ὁ δὲ χαίρων τῷ εἴδει οὐδὲν μᾶλλον ἐρᾷ ἀλλ	τῇ ἰδέᾳ καὶ τῷ κάλλει ἐπήγαγεν ὁ δὲ χαίρων τῷ εἴδει οὐθὲν μᾶλλον ἐρᾷ ὃ δὲ λέγει τοιοῦτον ἂν εἴη	Aristotle	Michael of Ephesus	Ethica Nicomachea	In Ethica Nicomachea IX-X	
tlg0086.tlg010	5/#37	ancient_classical	4034.001	/488#1	11th_12th	0.0241	8	8	γὰρ προησθεὶς τῇ ἰδέᾳ οὐδεὶς ἐρᾷ ὁ δὲ χαίρων τῷ εἴδει οὐδὲν μᾶλλον ἐρᾷ ἀλλ ὅταν καὶ ἀπόντα ποθῇ καὶ	τῇ ἰδέᾳ καὶ τῷ κάλλει ἐπήγαγεν ὁ δὲ χαίρων τῷ εἴδει οὐθὲν μᾶλλον ἐρᾷ ὃ δὲ λέγει τοιοῦτον ἂν εἴη	Aristotle	Michael of Ephesus	Ethica Nicomachea	In Ethica Nicomachea IX-X	
tlg0086.tlg010	5/#42	ancient_classical	4034.001	/568#1	11th_12th	0.0322	9	9	δὲ ταῖς ἐνεργείαις αἱ ἐν αὐταῖς ἡδοναὶ τῶν ὀρέξεων αἳ μὲν γὰρ διωρισμέναι εἰσὶ καὶ	αἱρετὸν καὶ φευκτὸν ἀνομοειδὲς ὑπάρχει Οἰκειότεραι δὲ ταῖς ἐνεργείαις αἱ ἐν αὐταῖς ἡδοναὶ τῶν ὀρέξεων Δείξας ὅτι οὐ πᾶσα ἡδονὴ πάσῃ	Aristotle	Michael of Ephesus	Ethica Nicomachea	In Ethica Nicomachea IX-X	
tlg0086.tlg010	7/#38	ancient_classical	4034.001	/492#3	11th_12th	0.0373	12	12	μᾶλλον εὖ πάσχειν ἢ ποιεῖν ἐφίενται δόξειε δ ἂν φυσικώτερον εἶναι τὸ αἴτιον καὶ οὐδ ὅμοιον τὸ περὶ τοὺς δανείσαντας οὐ γάρ ἐστι φίλησις	οὐ βούλονται διὰ τοῦτο οὐδὲ φιλοῦσι δόξειε δ ἂν φυσικώτερον εἶναι τὸ αἴτιον καὶ οὐχ ὅμοιον τῷ περὶ	Aristotle	Michael of Ephesus	Ethica Nicomachea	In Ethica Nicomachea IX-X	
tlg0086.tlg010	7/#41	ancient_classical	4034.001	/497#2	11th_12th	0.0375	11	11	ἡ προσδοκία δ ἀνάπαλιν ἔχειν ἔοικεν καὶ ἡ μὲν φίλησις ποιήσει ἔοικεν τὸ φιλεῖσθαι δὲ τῷ πάσχειν τοῖς ὑπερέχουσι δὲ περὶ τὴν πρᾶξιν	αἰτίας εὐποροῦσι νῦν καὶ εὖ ἔχουσι Καὶ ἡ μὲν φίλησις ποιήσει ἔοικε τὸ φιλεῖσθαι δὲ τῷ πάσχειν Εἰ τὸ ὑπερέχειν μᾶλλον καὶ οἷον	Aristotle	Michael of Ephesus	Ethica Nicomachea	In Ethica Nicomachea IX-X	
tlg0086.tlg010	7/#43	ancient_classical	4034.001	/583#2	11th_12th	0.0562	8	13	περὶ τὴν θεωρητικὴν μάλιστ ἂν εἴη τῶν μὲν γὰρ πρὸς τὸ ζῆν ἀναγκαίων καὶ σοφὸς καὶ δίκαιος καὶ οἱ λοιποὶ δέονται τοῖς δὲ τοιούτοις ἱκανῶς κεχορηγημένων ὁ	ἔχουσα συνεχής ἐστι καὶ ἐπ ἄπειρον τῶν μὲν γὰρ πρὸς τὸ ζῆν ἀναγκαίων καὶ ὁ σοφὸς καὶ ὁ δίκαιος καὶ οἱ λοιποὶ δεόνται εἰπὼν τὸν θεωρητικὸν βίον ἀνεν δεῆ	Aristotle	Michael of Ephesus	Ethica Nicomachea	In Ethica Nicomachea IX-X	
tlg0086.tlg010	7/#45	ancient_classical	4034.001	/589#3	11th_12th	0.0941	11	11	δὴ εὐδαιμονία αὕτη ἂν εἴη ἀνθρώπου λαβοῦσα μῆκος βίου τέλειον οὐδὲν γὰρ ἀτελές ἐστι τῶν τῆς εὐδαιμονίας ὁ δὲ τοιοῦτος ἂν εἴη βίος	καὶ πράξεσιν ὡς ὁ θεωρίᾳ σχολάζων Λαβοῦσα μῆκος βίου τέλειον οὐδὲν γὰρ ἀτελές ἐστι τῶν τῆς εὐδαιμονίας Εἰ τὸ ἀίδιον τέλειον τὸ ἐγγύτερον τῷ ἀιδίῳ τελειότερον τοῦ πορρω τέρου ἐγγύτερος δὲ ὁ μακρότερος χρόνος τοῦ βραχυτέρου ὥστε καὶ ἡ πολυχρονιωτέρα εὐδαιμονία τῆς βραχυχρονιωτέρας τελειοτέρα εἰπὼν δὲ ὅτι τὸ ὄντως καὶ μάλιστα καὶ πρώτως ἀνθρώπῳ τὸ παντέλειον τῆς εὐδαι μονίας ἡ κατὰ νοῦν ἐστι ζωή ἐπήγαγε λαβοῦσα μῆκος βίου τέλειον ἀκόλουθα λέγων οἷς αὐτὸς ἀρέσκεται βούλεται	Aristotle	Michael of Ephesus	Ethica Nicomachea	In Ethica Nicomachea IX-X	
tlg0086.tlg010	8/#35	ancient_classical	4034.001	/501#1	11th_12th	0.0334	9	9	φίλου ἕνεκα τὸ δ αὑτοῦ παρίησιν τοῖς λόγοις δὲ τούτοις τὰ ἔργα διαφωνεῖ οὐκ ἀλόγως φασὶ γὰρ δεῖν φιλεῖν μάλιστα τὸν	Τοῖς λόγοις δὲ τούτοις τὰ ἔργα διαφωνεῖ οὐκ ἀλόγως Τοῖς λέγουσι λόγοις ὅτι ὁ χάριν	Aristotle	Michael of Ephesus	Ethica Nicomachea	In Ethica Nicomachea IX-X	
tlg0086.tlg010	8/#40	ancient_classical	4034.001	/506#1	11th_12th	0.0318	10	15	ἐπιεικὴς πειθαρχεῖ τῷ νῷ ἀληθὲς δὲ περὶ τοῦ σπουδαίου καὶ τὸ τῶν φίλων ἕνεκα πολλὰ πράττειν καὶ τῆς πατρίδος κἂν δέῃ ὑπεραποθνήσκειν	βέλτιστον ἑαυτῷ ὥστε καὶ ὁ ἐπιεικής ἐπειδὴ πειθαρχεῖ τῷ νῷ ἀποσείεται δὲ τὰς ἀλόγους ὀρέξεις τὰ βέλτιστα καὶ ἑαυτῷ καὶ τοῖς πέλας αἱρήσεται καὶ πράξει Ἀληθὲς δὲ τὸ περὶ τοῦ σπουδαίου καὶ τὸ τῶν φίλων ἕνεκα πολλὰ πράττειν	Aristotle	Michael of Ephesus	Ethica Nicomachea	In Ethica Nicomachea IX-X	
tlg0086.tlg010	8/#40	ancient_classical	4034.001	/506#2	11th_12th	0.0307	10	11	ἐπιεικὴς πειθαρχεῖ τῷ νῷ ἀληθὲς δὲ περὶ τοῦ σπουδαίου καὶ τὸ τῶν φίλων ἕνεκα πολλὰ πράττειν καὶ τῆς πατρίδος κἂν δέῃ ὑπεραποθνήσκειν προήσεται	αἱρήσεται καὶ πράξει Ἀληθὲς δὲ τὸ περὶ τοῦ σπουδαίου καὶ τὸ τῶν φίλων ἕνεκα πολλὰ πράττειν Οὐ πάντα πράξει ἕνεκα τοῦ φίλου οἷον ὅσα ἐκείνῳ αἰσχύνην προξενεῖ ἢ ζημίαν ψυχῆς ἀλλ ὅσα εἰς τιμὴν καὶ ὠφέλειαν τοῦ ἀληθινοῦ ἀνθρώ που τείνει εὐλόγως οὖν οὐκ εἶπεν ὅτι πάντα πράξει ἀλλ ὅτι πολλά ἐπειδὴ γὰρ πολλὰ τὰ καλὰ καὶ συμφέροντα ἑαυτοῦ ἕνεκα πράττει ὁ δὲ φίλος αὐτοῦ ἄλλος αὐτός ἐστι καὶ τοῦ φίλου ἕνεκα πολλὰ πράξει καὶ ἐπεὶ ὅλος ταῖς ἀρεταῖς κατακώχιμός ἐστι καὶ κεκοσμημένος καὶ νοερῶς διαζῇ πᾶς δὲ νοῦς ὡς εἴρηται τὰ βέλτιστα αἱρεῖται ἐν τούτῳ γὰρ αὐτοῦ τοῦ νοῦ τὸ εἶναι καὶ τοῦτό ἐστιν ὡς εἰπεῖν ἡ φύσις αὐτοῦ τὰ βέλτιστα καὶ συμφέροντα ἑαυτῷ αἱρεῖσθαι ἐπεὶ οὖν τοιοῦτός ἐστιν ὁ σπου δαῖος καὶ τῆς πατρίδος ἕνεκα πολλὰ πράξει κἂν δέῃ	Aristotle	Michael of Ephesus	Ethica Nicomachea	In Ethica Nicomachea IX-X	
tlg0086.tlg010	8/#41	ancient_classical	4034.001	/592#3	11th_12th	0.0594	10	10	αἱ γὰρ κατὰ ταύτην ἐνέργειαι ἀνθρωπικαί δίκαια γὰρ καὶ ἀνδρεῖα καὶ τὰ ἄλλα τὰ κατὰ τὰς ἀρετὰς πρὸς ἀλλήλους πράττομεν ἐν συναλλάγμασι	ἀνθρωπικαί εἰσι καὶ τοῦ πολιτικοῦ εὐδαίμονος Δίκαια γὰρ καὶ ἀνδρεῖα καὶ τὰ ἄλλα τὰ κατὰ τὰς ἀρε τὰς πρὸς ἀλλήλους πράττομεν Εἰπὼν	Aristotle	Michael of Ephesus	Ethica Nicomachea	In Ethica Nicomachea IX-X	
tlg0086.tlg010	8/#43	ancient_classical	4034.001	/596#3	11th_12th	0.0873	11	11	ἢ οὗτος ἢ τῶν ἄλλων τις ἀμφισβητεῖταί τε πότερον κυριώτερον τῆς ἀρετῆς ἡ προαίρεσις ἢ αἱ πράξεις ὡς ἐν ἀμφοῖν οὔσης τὸ δὴ	δῆλός ἐστιν εἰ σώφρων ὄντως ἐστίν Ἀμφισβητεῖται δὲ πότερον κυριώτερον τῆς ἀρετῆς ἡ προαίρεσις ἢ αἱ πράξεις Εἰπὼν ὅτι ἀπὸ τῶν πράξεων γνωρίζονται	Aristotle	Michael of Ephesus	Ethica Nicomachea	In Ethica Nicomachea IX-X	
tlg0086.tlg010	8/#47	ancient_classical	4034.001	/602#2	11th_12th	0.0389	8	8	λόγοις ἐοίκασιν αἱ τῶν σοφῶν δόξαι πίστιν μὲν οὖν καὶ τὰ τοιαῦτα ἔχει τινά τὸ δ ἀληθὲς ἐν τοῖς πρακτικοῖς	ἀπὸ τῆς ὅλης ἀρετῆς χαρακτηρίζειν αὐτόν πίστιν μὲν οὖν καὶ τὰ τοιαῦτα ἔχει τινά τοιαῦτα λέγει τούς τε κατασκευάζοντας λόγους	Aristotle	Michael of Ephesus	Ethica Nicomachea	In Ethica Nicomachea IX-X	
tlg0086.tlg010	9/#36	ancient_classical	4034.001	/604#1	11th_12th	0.0563	11	15	δεήσει ἄρα τῷ εὐδαιμονήσοντι φίλων σπουδαίων ἆρ οὖν εἰ περί τε τούτων καὶ τῶν ἀρετῶν ἔτι δὲ καὶ φιλίας καὶ ἡδονῆς ἱκανῶς εἴρηται τοῖς τύποις τέλος ἔχειν οἰητέον τὴν	ὁ δὲ θεωρητικὸς θεοφιλέστατος καὶ εὐδαιμονέστατος Ἆρ οὖν εἰ περὶ τούτων καὶ τῶν ἀρετῶν ἔτι δὲ περὶ φιλίας καὶ ἡδονῆς ἱκανῶς εἴρηται Πληρώσας τὸν περὶ τὰς ἠθικὰς καὶ	Aristotle	Michael of Ephesus	Ethica Nicomachea	In Ethica Nicomachea IX-X	
tlg0086.tlg010	9/#39	ancient_classical	4034.001	/607#1	11th_12th	0.0508	8	12	λόγῳ ὑπείκειν τὸ πάθος ἀλλὰ βίᾳ δεῖ δὴ τὸ ἦθος προϋπάρχειν πως οἰκεῖον τῆς ἀρετῆς στέργον τὸ καλὸν καὶ δυσχεραῖνον τὸ αἰσχρόν ἐκ νέου δ ἀγωγῆς ὀρθῆς τυχεῖν πρὸς ἀρετὴν χαλεπὸν μὴ ὑπὸ τοιούτοις τραφέντα νόμοις τὸ γὰρ σωφρόνως καὶ καρτερικῶς ζῆν οὐχ ἡδὺ τοῖς πολλοῖς ἄλλως τε καὶ νέοις διὸ νόμοις	ἂν οἱ πολῖται διάγοντες ἀγαθοὶ γένοιντο δεῖ δὴ τὸ ἦθος προϋπάρχειν πως οἰκεῖον ταῖς ἀρεταῖς ἤτοι ἐπιτήδειον δέξασθαι τοὺς τῶν ἀρετῶν λόγους καὶ δεξάμενον τηρῆσαι ὥσπερ τις προειργασμένη γῆ καὶ καρπὸν πολὺν ἀνενεγκεῖν ἔσται δὲ τοιοῦτον τὸ ἦθος ἐκ τῆς ὀρθῆς ἀγωγῆς ὀρθῶς δ ἀχθῆναι χαλεπόν ἐστι τὸν μὴ ὑπὸ νόμοις ὀρθῶς ἔχουσι καὶ πολιτείᾳ τοιαύτῃ τραφέντα τὸ γὰρ σωφρό νως ζῆν μὴ ἡττᾶσθαί τε ἡδοναῖς αἷς μὴ δεῖ οὐχ ἡδὺ τοῖς πολλοῖς ἐπί λυπον δέ ἄχθονται γὰρ ἀποτυγχάνοντες	Aristotle	Michael of Ephesus	Ethica Nicomachea	In Ethica Nicomachea IX-X	
tlg0086.tlg010	9/#43	ancient_classical	4034.001	/613#1	11th_12th	0.0638	11	17	τῇ φύσει ἔτι δὲ καὶ διαφέρουσιν αἱ καθ ἕκαστον παιδεῖαι τῶν κοινῶν ὥσπερ ἐπ ἰατρικῆς καθόλου μὲν γὰρ τῷ πυρέττοντι συμφέρει ἡσυχία καὶ ἀσιτία τινὶ δ ἴσως οὔ ὅ τε πυκτικὸς ἴσως οὐ πᾶσι τὴν αὐτὴν μάχην περιτίθησιν ἐξακριβοῦσθαι δὴ δόξειεν ἂν μᾶλλον τὸ καθ ἕκαστον ἰδίας τῆς ἐπιμελείας γινομένης μᾶλλον γὰρ τοῦ προσφόρου τυγχάνει ἕκαστος	πεντήκοντα μὴ πλέον τούτων διαφέρουσιν οὖν αἱ καθ ἕκαστα παιδεῖαι τῶν κοινῶν καὶ δεῖ μὴ μόνον τὸ καθόλου γινώσκειν ὅτι συμφέρει παντὶ παιδὶ τόδε τι καὶ πάντα παῖδα διδακτέον τόδε τι ἀλλὰ καὶ τὸ πρέπον ἑκάστου φύσει καὶ πρὸς τί ἐπιτήδειοί εἰσι καὶ πρὸς ἐκεῖνο ἄγειν τὸν μὴ δυνάμενον κατὰ τὴν καθόλου τοῦ νόμου προστάξιν ἐκπαιδεύεσθαι τοῦτο δὲ τίς ἂν τοῦ πατρὸς μᾶλλον δυνήσεται ποιεῖν ὅτι δὲ οὐ πάντα ὑπὸ τὸ καθόλου τάττειν δεῖ δηλοῦσιν οἱ πυκτικοί οὐδὲ γὰρ ὁ πυκτικὸς πᾶσι τοῖς πυκτεύουσι τὴν αὐτὴν περιτίθησι μάχην ἀλλὰ τῷ μὲν μείζονα καὶ χαλεπωτέραν καὶ ἐν πλείονι χρόνῳ τῷ δὲ ἐλάττονα καὶ ἐν ἐλάττονι χρόνῳ Ἐξακριβοῦσθαι δὲ δόξειεν ἂν μάλιστα τὸ καθ ἕκαστον ἰδίας τῆς ἐπιμελείας γινομένης Τὸ καθ ἕκαστον ἀντὶ τοῦ εἷς	Aristotle	Michael of Ephesus	Ethica Nicomachea	In Ethica Nicomachea IX-X	
tlg0086.tlg010	1/#45	ancient_classical	4034.001	/464#3	11th_12th	0.0457	8	16	ὄντα διὸ τοιαῦται καὶ αἱ φιλίαι ἡ δὲ τῶν ἠθῶν καθ αὑτὴν οὖσα μένει καθάπερ εἴρηται διαφέρονται δ ὅταν ἕτερα γίνηται αὐτοῖς καὶ μὴ ὧν ὀρέγονται ὅμοιον γὰρ τῷ μηδὲν γίνεσθαι ὅταν	χρήσιμον φιλίαι οὐ μόνιμοί εἰσιν ἐπήγαγεν ἡ δὲ τῶν ἠθῶν καθ αὑτὴν οὖσα λέγει δὲ ἤθη τὰς ἀρετάς ἡ διὰ τὰ ἤθη φιλία καθ αὑτὴν καὶ κυρίως οὖσα μόνιμός ἐστιν δύναται τὰ καθ αὑτὴν οὖσα εἰρῆσθαι ἀντὶ τοῦ δι αὐτὰς καὶ οὐ διὰ τὰ αὐτῶν διαφέρονται δὲ καὶ ὅταν ἕτερα γένηται αὐτοῖς καὶ μὴ ὧν ὀρέγονται τινὲς τὸν Ἀλέξανδρον λέγουσιν εἶναι τὸν	Aristotle	Michael of Ephesus	Ethica Nicomachea	In Ethica Nicomachea IX-X	
tlg0086.tlg010	1/#46	ancient_classical	4034.001	/466#2	11th_12th	0.0255	8	13	τοσοῦτον ἐν τοῖς τοιούτοις δ ἐνίοις ἀρέσκει τὸ μισθὸς δ ἀνδρί οἱ δὲ προλαμβάνοντες τὸ ἀργύριον εἶτα μηδὲν ποιοῦντες ὧν ἔφασαν διὰ τὰς ὑπερβολὰς τῶν	καὶ ἀντευποιεῖν ἀναλόγως ἐν τοῖς τοιούτοις ἀρέσκει τὸ μισθὸς δ ἀνδρί τοιούτους ἢ τοὺς μὴ λαμβάνοντας πρὶν ἂν διδάξαιεν εἶπεν ἢ τοὺς προϊεμένους ἢ τάχα καὶ ἀμφοτέρους ἔστι δὲ τὸ μισθὸς ἀνδρὶ ἀπὸ τοῦ Ἡσιόδου μισθὸς δ ἀν δρὶ ἄρκιος εἴη φησὶν ἐκεῖνος ὃ δὲ λέγει τοιοῦτόν τί ἐστι δεῖ τὸν ἄνδρα μισθὸν λαμβάνειν δέοντα καὶ ἀνάλογον τῷ ἔργῳ ὃ εἰργάσατο ἢ τῇ πε πραγμένῃ παρ αὐτοῦ πράξει ἐν τοῖς τοιούτοις φησίν λέγοι δ ἂν τοι αῦτα τὰ ἔργα καὶ τὰς πράξεις οἷα ἀρέσκει τισὶ καὶ ζητοῦσι ἀνάλογον τῆς εὐποιΐας οὐκ εἶπε δὲ πᾶσιν ἀρέσκειν ἀλλ ἐνίοις εἰς τὴν ἀγοραίων ἀπιδὼν ἀπληστίαν οἱ γὰρ τοιοῦτοι πολλαπλασίως ἐπιζητοῦσιν εὖ παθεῖν ὧν ἐποί ησαν ἀλλ οὐ τὸ ἴσον Οἱ δὲ προλαβόντες τὸ ἀργύριον εἶτα μηθὲν ποιοῦν τες ὧν ἔφασαν Οἱ μὲν ἄνευ	Aristotle	Michael of Ephesus	Ethica Nicomachea	In Ethica Nicomachea IX-X	
tlg0086.tlg010	3/#44	ancient_classical	4034.001	/539#3	11th_12th	0.0425	15	15	μὴ δι ὑπερβολὴν μοχθηρίας διάλυσις γένηται οὐ μὴν οὐδ εἰ μὴ τῶν ποιοτήτων ἐστὶν ἡ ἡδονή διὰ τοῦτ οὐδὲ τῶν ἀγαθῶν οὐδὲ γὰρ αἱ τῆς ἀρετῆς ἐνέργειαι	τῶν οὐδετέρων ἔστιν ἄρα τῶν ἀγαθῶν οὐ μὴν οὐδ εἰ μὴ τῶν ποιοτήτων ἐστὶν ἡ ἡδονὴ διὰ τοῦτο οὐδὲ τῶν ἀγαθῶν ὁ συνάγων τὴν ἡδονὴν μὴ εἶναι ἀγαθὸν διὰ τὸ μὴ εἶναι ποιότητα ἐν δευτέρῳ σχήματι τοιοῦτός ἐστιν ἡ ἡδονὴ οὐκ ἔστι ποιότης πᾶν ἀγαθὸν ποιότης ἐστίν ἡ ἡδονὴ ἄρα οὐκ ἀγαθόν αἰτιᾶται δὲ τὴν	Aristotle	Michael of Ephesus	Ethica Nicomachea	In Ethica Nicomachea IX-X	
tlg0086.tlg010	3/#47	ancient_classical	4034.001	/544#2	11th_12th	0.2657	9	9	ἔνδειαν τοῦ κατὰ φύσιν εἶναι τὴν δ ἡδονὴν ἀναπλήρωσιν ταῦτα δὲ σωματικά ἐστι τὰ πάθη	φθείρουσι Καὶ λέγουσι τὴν μὲν λύπην ἔνδειαν τοῦ κατὰ φύσιν εἶναι τὴν δ ἡδονὴν ἀναπλήσωσιν Καὶ διὰ τούτων τὴν ἡδονὴν γένεσιν	Aristotle	Michael of Ephesus	Ethica Nicomachea	In Ethica Nicomachea IX-X	
tlg0086.tlg010	4/#34	ancient_classical	4034.001	/555#3	11th_12th	0.0316	9	9	μάλιστ εἶναι δοκεῖ ἡ τελεία ἐνέργεια αὐτὴν δὲ λέγειν ἐνεργεῖν ἢ ἐν ᾧ ἐστί μηθὲν διαφερέτω καθ ἑκάστην δὴ βελτίστη ἐστὶν	ἐν ᾧ χρόνῳ κατ αὐτὰς ἡδόμεθα Αὐτὴν δὲ λέγειν ἐνεργεῖν ἢ ἐν ᾧ ἐστι μηθὲν δια φερέτω Ἐπεὶ ἡ κατ ἐνέργειαν	Aristotle	Michael of Ephesus	Ethica Nicomachea	In Ethica Nicomachea IX-X	
tlg0086.tlg010	5/#36	ancient_classical	4034.001	/487#3	11th_12th	0.054	10	14	ἡδεῖ λέγεται γὰρ φιλότης ἰσότης μάλιστα δὲ τῇ τῶν ἀγαθῶν ταῦθ ὑπάρχει ἡ δ εὔνοια φιλικῷ μὲν ἔοικεν οὐ μὴν ἔστι γε φιλία γίνεται γὰρ εὔνοια καὶ πρὸς ἀγνῶτας καὶ λανθάνουσα φιλία δ οὔ καὶ πρότερον δὲ ταῦτ εἴρηται ἀλλ οὐδὲ φίλησίς ἐστιν οὐ γὰρ ἔχει διάτασιν οὐδ ὄρεξιν τῇ φιλήσει δὲ ταῦτ ἀκολουθεῖ καὶ ἡ μὲν φίλησις μετὰ συνηθείας ἡ δ εὔνοια καὶ ἐκ προσπαίου οἷον καὶ περὶ τοὺς ἀγωνιστὰς συμβαίνει εὖνοι γὰρ αὐτοῖς γίνονται καὶ συνθέλουσιν συμπράξαιεν δ ἂν οὐδέν	οὐκ ἂν εἴη ἡ εὔνοια φίλησις οἷον καὶ περὶ τοὺς ἀγωνιστὰς συμβαίνει εὖνοι γὰρ αὐτοῖς γίνονται δόξειε δὲ καὶ ταῦτα λέγειν περὶ τοῦ μὴ εἶναι τὴν εὔνοιαν φίλησιν οὐ λέγει δὲ τοῦτο ἀλλὰ λέγει ὅτι οὐκ ἔστιν ἡ εὔνοια φιλία φιλίας γάρ ἐστι τὸ συμπράττειν τῷ φίλῳ καὶ συνεργεῖν εἴς τε τὴν τῶν ἀγαθῶν τεῦξιν καὶ ἐπιτυχίαν καὶ εἰς τὴν	Aristotle	Michael of Ephesus	Ethica Nicomachea	In Ethica Nicomachea IX-X	
tlg0086.tlg010	6/#33	ancient_classical	4034.001	/490#2	11th_12th	0.1173	14	18	δ ἑκάτερος ἑαυτὸν βούληται ὥσπερ οἱ ἐν ταῖς Φοινίσσαις στασιάζουσιν οὐ γάρ ἐστιν ὁμονοεῖν τὸ αὐτὸ ἑκάτερον ἐννοεῖν ὁδήποτε ἀλλὰ τὸ ἐν τῷ αὐτῷ οἷον ὅταν καὶ ὁ δῆμος καὶ	βούλεται χωρὶς τοῦ ἑτέρου ἄρχειν ὥσπερ ἐν ταῖς Φοινίσσαις στασιάζουσιν εἰσὶ δὲ Φοίνισσαι δρᾶμα τοῦ Ἐυριπίδου ἡ δὲ τοῦ δράματος ὑπόθεσις δήλη τοῖς ἐντυγχάνουσιν ἐκείνῳ ἡ μὲν οὖν τῶν λεγομένων πρὸς Ἀριστοτέλους διάνοια αὕτη τις ἂν εἴη τὸ δὲ τῆς λέξεως τῆς οὐ γάρ ἐστιν ὁμονοεῖν τὸ αὐτὸ θάτερον ἐννοεῖν οἱονδήποτε ἀλλὰ τὸ ἐν τῷ αὐτῷ τοιοῦτόν ἐστιν οὐκ ἔστιν	Aristotle	Michael of Ephesus	Ethica Nicomachea	In Ethica Nicomachea IX-X	
tlg0086.tlg010	7/#40	ancient_classical	4034.001	/494#2	11th_12th	0.0122	11	11	δυνάμει τοῦτο ἐνεργείᾳ τὸ ἔργον μηνύει ἅμα δὲ καὶ τῷ μὲν εὐεργέτῃ καλὸν τὸ κατὰ τὴν πρᾶξιν ὥστε χαίρειν ἐν ᾧ τοῦτο τῷ	οὐδέ ἐστιν αὐτοῦ τι ἐν ἐκείνῳ ἅμα δὲ καὶ τῷ μὲν εὐεργετηκότι καλὸν τὸ κατὰ τὴν πρᾶξιν ὁ μὲν εὖ ποιήσας ἔπραξέ	Aristotle	Michael of Ephesus	Ethica Nicomachea	In Ethica Nicomachea IX-X	
tlg0086.tlg010	7/#45	ancient_classical	4034.001	/589#1	11th_12th	0.0504	9	14	αὗται δ ἄσχολοι καὶ τέλους τινὸς ἐφίενται καὶ οὐ δι αὑτὰς αἱρεταί εἰσιν ἡ δὲ τοῦ νοῦ ἐνέργεια σπουδῇ τε διαφέρειν δοκεῖ θεωρητικὴ οὖσα καὶ παρ αὑτὴν οὐδενὸς ἐφίεσθαι τέλους καὶ ἔχειν τὴν ἡδονὴν οἰκείαν αὕτη δὲ συναύξει τὴν ἐνέργειαν καὶ τὸ αὔταρκες δὴ καὶ σχολαστικὸν καὶ ἄτρυτον ὡς ἀνθρώπῳ καὶ ὅσα ἄλλα τῷ μακαρίῳ ἀπονέμεται τὰ κατὰ ταύτην τὴν ἐνέργειαν φαίνεται ὄντα ἡ τελεία δὴ εὐδαιμονία αὕτη ἂν εἴη ἀνθρώπου λαβοῦσα μῆκος βίου τέλειον οὐδὲν γὰρ ἀτελές ἐστι τῶν τῆς	ἀπόδοσίς ἐστιν ἐν τῷ ἡ τελεία εὐδαιμονία αὕτη ἂν εἴη ἀνθρώπῳ λαβοῦσα μῆκος βίου τέλειον τὰ δὲ λοιπὰ μεταξὺ παρεμβέβληται ἀνάμνησις ὄντα τῶν εἰρη μένων περὶ εὐδαιμονίας ἔπειτα ῥητέον ὅσον διαφέρει πόλις ἑνὸς ἀνδρός τοσοῦτον καὶ αἱ κατ ἀρετὴν πολιτικαὶ πράξεις ἅπασαι αἵτινές εἰσιν ἡ πολιτικὴ εὐδαιμονία διαφέρει μεγέθει καὶ κάλλει μιᾶς κατ ἀρετὴν πρά ξεως τὰ γὰρ ἀπὸ ἀρετῆς καὶ κατ ἀρετὴν πᾶσι τοῖς πολίταις προσόντα τε καὶ πραττόμενα μεγάλα καὶ καλὰ τυγχάνει καὶ πολὺ προύχουσι τῆς ἑνὸς ἀνδρὸς ἀρετῆς καὶ πράξεων ὁμοίως δὴ καὶ ἐπὶ τῶν πολεμικῶν ἔχει πράξεων πολὺ ὑπερέχουσιν αἱ τοῦ στρατεύματος ὅλου κατ ἀρετὴν πράξεις καὶ ἀνδραγαθίαι τῶν ἑνὸς στρατιώτου κατορθωμάτων ὅμως δ οὖν καίτοι μεγάλων καὶ καλῶν οὐσῶν τὸ σχολαστικὸν οὐ πάρεστιν αὐταῖς ἀλλὰ πρὸς τῷ ἀσχόλους εἶναι καὶ οὐ δι ἑαυτὰς ἀλλὰ δι ἄλλο	Aristotle	Michael of Ephesus	Ethica Nicomachea	In Ethica Nicomachea IX-X	
tlg0086.tlg010	8/#41	ancient_classical	4034.001	/594#2	11th_12th	0.04	11	11	τοῖς πάθεσιν ἡ τοῦ ἤθους ἀρετή συνέζευκται δὲ καὶ ἡ φρόνησις τῇ τοῦ ἤθους ἀρετῇ καὶ αὕτη	δεικται τὰς ἀρετὰς καὶ συνεζευγμένη ἐστὶν ἡ φρόνησις τῇ τοῦ ἤθους ἀρετῇ τουτέστιν τῇ ἠθικῇ ἀρετῇ καὶ ἡ ἠθικὴ ἀρετὴ τῇ φρονήσει καὶ ἀλλήλαις καὶ οὐκ ἐνδέχεται χωρίζεσθαι ἀπ ἀλλήλων εἰσὶ δὲ αἱ ἠθικαὶ ἀρεταὶ ἀνθρωπικαί εἴη ἂν καὶ ἡ φρόνησις τοῦ συνθέτου ἡ μὲν τῶν λε γομένων διάνοια αὕτη κατὰ δὲ τὴν λέξιν εἰπὼν ὅτι συνέζευκται δὲ καὶ ἡ φρόνησις τῇ τοῦ ἤθους ἀρετῇ καὶ αὕτη τῇ φρονήσει τὴν αἰτίαν τούτου ἐπήγαγεν	Aristotle	Michael of Ephesus	Ethica Nicomachea	In Ethica Nicomachea IX-X	
tlg0086.tlg010	8/#45	ancient_classical	4034.001	/598#2	11th_12th	0.0758	10	14	ἀνθρωπίνων δὴ ἡ ταύτῃ συγγενεστάτη εὐδαιμονικωτάτη σημεῖον δὲ καὶ τὸ μὴ μετέχειν τὰ λοιπὰ ζῷα εὐδαιμονίας τῆς τοιαύτης ἐνεργείας ἐστερημένα τελείως τοῖς μὲν γὰρ θεοῖς ἅπας	ἡ ἀνθρωπικὴ ἡ πολιτική Σημεῖον δὲ καὶ τὸ μὴ μετέχειν τὰ λοιπὰ ζῷα εὐδαιμο νίας τῆς τοιαύτης ἐνεργείας ἐστερημένα Τοιαύτην ἐνέργειαν τὴν θεωρίαν λέγει ἤτοι	Aristotle	Michael of Ephesus	Ethica Nicomachea	In Ethica Nicomachea IX-X	
tlg0086.tlg010	9/#45	ancient_classical	4034.001	/616#3	11th_12th	0.0466	8	8	πράττειν καὶ ἐμπειρίᾳ μᾶλλον ἢ διανοίᾳ οὔτε γὰρ γράφοντες οὔτε λέγοντες περὶ τῶν τοιούτων φαίνονται καίτοι κάλλιον ἦν ἴσως ἢ	καὶ οὐ διανοίᾳ καὶ τέχνῃ πολιτικῇ Οὔτε γὰρ γράφοντες οὔτε λέγοντες περὶ τῶν τοιούτων Εἰπὼν ὅτι οἱ νῦν πολιτευόμενοι πράττουσι	Aristotle	Michael of Ephesus	Ethica Nicomachea	In Ethica Nicomachea IX-X	
tlg0086.tlg010	10/#23	ancient_classical	4034.001	/520#3	11th_12th	0.1257	8	12	τροφῇ τὸ ἥδυσμα τοὺς δὲ σπουδαίους πότερον πλείστους κατ ἀριθμόν ἢ ἔστι τι μέτρον καὶ φιλικοῦ πλήθους ὥσπερ πόλεως οὔτε γὰρ ἐκ δέκα ἀνθρώπων γένοιτ ἂν πόλις οὔτ ἐκ δέκα μυριάδων ἔτι πόλις ἐστίν τὸ δὲ	πότερον πλείστους κατ ἀριθμόν ἢ ἔστι τι μέτρον φιλικοῦ πλήθους Καὶ ἐνταῦθα τὸ ἢ ἔστι μέτρον φιλικοῦ πλήθους ὡς λύσις ἐπῆκται ἐρωτήσας γὰρ περὶ τῶν σπουδαίων εἰ δεῖ τοὺς τοιούτους ἔτι πλείστους ἔχειν φίλους κατ ἀριθμόν ἀπεκρίθη λέγων ἢ ἔστι μέτρον φιλικοῦ πλήθους ὥσπερ καὶ πόλεως ὡς γὰρ πόλις οὔτε ἐκ δέκα ἀν δρῶν οἷόν τε γενέσθαι παντὶ	Aristotle	Michael of Ephesus	Ethica Nicomachea	In Ethica Nicomachea IX-X	
tlg0086.tlg010	11/#20	ancient_classical	4034.001	/525#2	11th_12th	0.0776	10	16	ὑπομένει ὅλως τε συνθρήνους οὐ προσίεται διὰ τὸ μηδ αὐτὸς εἶναι θρηνητικός γύναια δὲ καὶ οἱ τοιοῦτοι ἄνδρες τοῖς συστένουσι χαίρουσι καὶ φιλοῦσιν ὡς φίλους καὶ συναλγοῦντας μιμεῖσθαι δ ἐν ἅπασι δεῖ δῆλον ὅτι τὸν βελτίω ἡ δ ἐν ταῖς εὐτυχίαις τῶν φίλων παρουσία τήν τε διαγωγὴν ἡδεῖαν ἔχει καὶ τὴν ἔννοιαν ὅτι	εὐλαβεῖται συλλυ πούμενον ὁρᾶν αὐτοῦ καὶ διὰ τὸ μηδ αὐτὸν εἶναι θρηνητικόν φαύλων γὰρ καὶ ἀγεννῶν τὸ καθάπερ γυναῖκα κλαίειν καὶ ἀποδύρεσθαι διὰ τὰς δυστυχίας ἀλλ οὐ σπουδαίων καὶ διὰ τοῦτο συνθρήνους οὐ προσίενται σύνθρηνος γάρ ἐστι ὁ θρηνοῦντι συνθρηνῶν τῷ δὲ δυστυχοῦντι μὲν διὰ δὲ τὴν οἰκείαν ἀρετὴν γενναίως φέροντι τὴν τύχην καὶ μὴ θρηνοῦντι πῶς ἔσται ὁ συνθρηνῶν ἢ ὁ οὕτως ἔχων πῶς προσήσεται τὸν θρηνοῦντα γυ ναικῶν γὰρ ἢ καὶ γυναικωδῶν ἀνδρῶν ἐστι τὸ ζητεῖν ἔχειν τοὺς συστενά ζοντας καὶ συνθρηνοῦντας οὓς γυναικώδεις οὐ μιμεῖσθαι χρή ἀλλὰ καὶ εὐτυχοῦντας καὶ δυστυχοῦντας ἡμᾶς καὶ μέσως ἔχοντας πρὸς τοὺς βελτίονας ἀποβλέπειν χρὴ κἀκείνοις παρέπεσθαι ἡ δὲ ἐν ταῖς εὐτυχίαις τῶν φίλων παρουσία τήν τε διαγωγὴν ἔχει ἐν μὲν ταῖς ἀτυχίαις μικτή	Aristotle	Michael of Ephesus	Ethica Nicomachea	In Ethica Nicomachea IX-X	
tlg0086.tlg010	2/#34	ancient_classical	4034.001	/473#1	11th_12th	0.0664	10	14	τὸ ὡρισμένον τοῖς περὶ ἅ εἰσιν ὅτι μὲν οὖν οὐ ταὐτὰ πᾶσιν ἀποδοτέον οὐδὲ τῷ πατρὶ πάντα καθάπερ οὐδὲ τῷ	Ὅτι μὲν οὖν οὐ ταὐτὰ πᾶσιν δοτέον οὐδὲ τῷ πατρὶ τὰ πάντα καθάπερ οὐδὲ τῷ Διὶ θύεται οὐκ ἄδηλον Ὥσπερ φησίν οὐ πάντα θύεται τῷ Διὶ ἦσαν γάρ τινα ἃ οὐ θεμιτὸν ἐδόκει τοῖς Ἕλλησι θύειν τῷ Διί κύνας γὰρ καὶ ὄφεις καὶ ἄλλ ἄττα πολλὰ ἀνόσιον ἐδόκει θυσίαν προσφέρειν τῷ Διὶ πατρὶ καθ Ἕλληνας ὄντι ἀνδρῶν τε θεῶν τε οὕτως οὐδὲ τῷ πατρὶ πάντα ἀποδοτέον οὔτε γὰρ εἰ πρὸς ἄρνησιν ἡμᾶς ἐγκαλεῖται	Aristotle	Michael of Ephesus	Ethica Nicomachea	In Ethica Nicomachea IX-X	
tlg0086.tlg010	3/#48	ancient_classical	4034.001	/548#1	11th_12th	0.046	10	10	ὁμοίως δὲ καὶ ἐπὶ τῶν ἄλλων ἐμφανίζειν δὲ δοκεῖ καὶ ὁ φίλος ἕτερος ὢν τοῦ κόλακος οὐκ οὖσαν ἀγαθὸν τὴν ἡδονὴν ἢ	Ἐμφανίζειν δὲ δοκεῖ καὶ ὁ φίλος ἕτερος ὢν τοῦ κόλακος Καὶ ἀπὸ τοῦ κόλακος συνάγειν ἐπειρῶντο	Aristotle	Michael of Ephesus	Ethica Nicomachea	In Ethica Nicomachea IX-X	
tlg0086.tlg010	4/#31	ancient_classical	4034.001	/550#1	11th_12th	0.072	12	12	ἂν ἔχοι καὶ ἑτέρῳ φίλος γένοιτο τί δ ἐστὶν ἢ ποῖόν τι καταφανέστερον γένοιτ ἂν ἀπ ἀρχῆς ἀναλαβοῦσιν δοκεῖ γὰρ ἡ μὲν ὅρασις καθ	εἰσι πᾶσαι ὁμοειδεῖς δῆλον καὶ τοῦτο Τί δ ἐστὶν ἢ ποῖόν τι καταφανέστερον γένοιτ ἂν ἀπ ἀρχῆς ἀναλαβοῦσι Σαλεύσας τοὺς λέγοντας λόγους μὴ εἶναι	Aristotle	Michael of Ephesus	Ethica Nicomachea	In Ethica Nicomachea IX-X	
tlg0086.tlg010	5/#36	ancient_classical	4034.001	/486#2	11th_12th	0.0838	10	14	ἔστι γε φιλία γίνεται γὰρ εὔνοια καὶ πρὸς ἀγνῶτας καὶ λανθάνουσα φιλία δ οὔ καὶ πρότερον δὲ ταῦτ εἴρηται ἀλλ οὐδὲ φίλησίς ἐστιν οὐ γὰρ ἔχει διάτασιν οὐδ ὄρεξιν τῇ φιλήσει δὲ ταῦτ ἀκολουθεῖ καὶ	καὶ ἀντιφιλοῦνται ἡ δὲ εὔνοια γίνεται καὶ πρὸς ἀγνοοῦντας καὶ ἀγνῶτας οὐκ ἂν εἴη ἡ εὔνοια φιλία ἀλλ οὐδὲ φίλησίς ἐστιν οὐ γὰρ ἔχει διάτασιν οὐδ ὄρεξιν διάτασιν λέγει τὴν ἠπειγμένην βούλησιν καὶ ὁρμὴν καὶ θέλησιν πρὸς φιλίαν διὸ εἰπὼν οὐ γὰρ ἔχει διάτασιν ἐπή γαγεν οὐδ ὄρεξιν τῆς γὰρ	Aristotle	Michael of Ephesus	Ethica Nicomachea	In Ethica Nicomachea IX-X	
tlg0086.tlg010	5/#39	ancient_classical	4034.001	/565#3	11th_12th	0.0336	10	10	λόγον ἐνέργειαν φθείρει ὁμοίως δὲ τοῦτο καὶ ἐπὶ τῶν ἄλλων συμβαίνει ὅταν ἅμα περὶ δύο ἐνεργῇ ἡ	ὡς οὔκ εἰσιν ὁμοειδεῖς ὁμοίως δὲ καὶ ἐπὶ τῶν ἄλλων συμβαίνει ὅταν ἅμα περὶ δύο ἐνεργῇ καὶ ὁ ἀκούων αὐλοῦντος καὶ μυθολογοῦντος	Aristotle	Michael of Ephesus	Ethica Nicomachea	In Ethica Nicomachea IX-X	
tlg0086.tlg010	5/#40	ancient_classical	4034.001	/565#2	11th_12th	0.0302	10	10	λόγον ἐνέργειαν φθείρει ὁμοίως δὲ τοῦτο καὶ ἐπὶ τῶν ἄλλων συμβαίνει ὅταν ἅμα περὶ δύο ἐνεργῇ ἡ γὰρ ἡδίων τὴν ἑτέραν ἐκκρούει	ὡς οὔκ εἰσιν ὁμοειδεῖς ὁμοίως δὲ καὶ ἐπὶ τῶν ἄλλων συμβαίνει ὅταν ἅμα περὶ δύο ἐνεργῇ καὶ ὁ ἀκούων αὐλοῦντος καὶ	Aristotle	Michael of Ephesus	Ethica Nicomachea	In Ethica Nicomachea IX-X	
tlg0086.tlg010	5/#40	ancient_classical	4034.001	/565#3	11th_12th	0.0343	10	10	λόγον ἐνέργειαν φθείρει ὁμοίως δὲ τοῦτο καὶ ἐπὶ τῶν ἄλλων συμβαίνει ὅταν ἅμα περὶ δύο ἐνεργῇ ἡ γὰρ ἡδίων τὴν ἑτέραν ἐκκρούει	ὡς οὔκ εἰσιν ὁμοειδεῖς ὁμοίως δὲ καὶ ἐπὶ τῶν ἄλλων συμβαίνει ὅταν ἅμα περὶ δύο ἐνεργῇ καὶ ὁ ἀκούων αὐλοῦντος καὶ μυθολογοῦντος	Aristotle	Michael of Ephesus	Ethica Nicomachea	In Ethica Nicomachea IX-X	
tlg0086.tlg010	6/#38	ancient_classical	4034.001	/577#1	11th_12th	0.0816	8	8	τοῦ βελτίονος κρείττων καὶ εὐδαιμονικωτέρα ἤδη ἀπολαύσειέ τ ἂν τῶν σωματικῶν ἡδονῶν ὁ τυχὼν καὶ ἀνδράποδον οὐχ ἧττον τοῦ ἀρίστου	εὐδαιμονίαν λέγειν ἀλλ οὐ τὴν παιδιάν Ἀπολαύσειέ τ ἂν τῶν σωματικῶν ἡδονῶν ὁ τυχών Δέδεικται πολλάκις ὅτι ἡ εὐδαιμονία τέλος	Aristotle	Michael of Ephesus	Ethica Nicomachea	In Ethica Nicomachea IX-X	
tlg0086.tlg010	7/#44	ancient_classical	4034.001	/588#3	11th_12th	0.0424	8	8	ἑτέραν οὖσαν εἰ δὴ τῶν μὲν κατὰ τὰς ἀρετὰς πράξεων αἱ πολιτικαὶ καὶ πολεμικαὶ κάλλει καὶ μεγέθει προέχουσιν αὗται δ	πολιτικῆς Εἰ δὴ τῶν κατὰ τὰς ἀρετὰς πράξεων αἱ πολιτικαὶ καὶ πολεμικαί Ταῦτα οἷον συμπέρασμά εἰσι τῶν περὶ	Aristotle	Michael of Ephesus	Ethica Nicomachea	In Ethica Nicomachea IX-X	
tlg0086.tlg010	7/#45	ancient_classical	4034.001	/591#1	11th_12th	0.0098	8	8	ἐνέργεια τῆς κατὰ τὴν ἄλλην ἀρετήν εἰ δὴ θεῖον ὁ νοῦς πρὸς τὸν ἄνθρωπον καὶ	γὰρ ἀρετὴν τὴν πολιτικὴν εἶπεν εὐδαιμονίαν εἰ δὴ θεῖον ὁ νοῦς πρὸς τὸν ἄνθρωπον τουτέστιν εἰ ὁ ἄσχετος νοῦς καὶ	Aristotle	Michael of Ephesus	Ethica Nicomachea	In Ethica Nicomachea IX-X	
tlg0086.tlg010	8/#41	ancient_classical	4034.001	/594#3	11th_12th	0.0328	11	11	τοῖς πάθεσιν ἡ τοῦ ἤθους ἀρετή συνέζευκται δὲ καὶ ἡ φρόνησις τῇ τοῦ ἤθους ἀρετῇ καὶ αὕτη	συνέζευκται δὲ καὶ ἡ φρόνησις τῇ τοῦ ἤθους ἀρετῇ καὶ αὕτη τῇ φρονήσει τὴν αἰτίαν τούτου ἐπήγαγεν	Aristotle	Michael of Ephesus	Ethica Nicomachea	In Ethica Nicomachea IX-X	
tlg0086.tlg010	8/#41	ancient_classical	4034.001	/593#2	11th_12th	0.0424	10	10	ταῦτα δ εἶναι φαίνεται πάντα ἀνθρωπικά ἔνια δὲ καὶ συμβαίνειν ἀπὸ τοῦ σώματος δοκεῖ καὶ πολλὰ συνῳκειῶσθαι τοῖς πάθεσιν ἡ τοῦ ἤθους	πάθη ὡς εἴρηται τοῦ συνθέτου εἰσίν Ἔνια δὲ καὶ συμβαίνειν ἀπὸ τοῦ σώματος δοκεῖ καὶ πολλὰ	Aristotle	Michael of Ephesus	Ethica Nicomachea	In Ethica Nicomachea IX-X	
tlg0086.tlg010	9/#41	ancient_classical	4034.001	/608#1	11th_12th	0.0444	9	9	μὴ βασιλέως ὄντος ἤ τινος τοιούτου ὁ δὲ νόμος ἀναγκαστικὴν ἔχει δύναμιν λόγος ὢν ἀπό τινος φρονήσεως καὶ νοῦ καὶ τῶν	ἡ τοῦ λόγου ἀπόδοσις ἐν τῷ ὁ δὲ νόμος ἀναγκαστικὴν ἔχει δύναμιν λόγος ὢν ἀπὸ φρονήσεως καὶ νοῦ τὰ δ ἄλλα	Aristotle	Michael of Ephesus	Ethica Nicomachea	In Ethica Nicomachea IX-X	
tlg0086.tlg010	9/#43	ancient_classical	4034.001	/612#2	11th_12th	0.0342	10	10	γὰρ στέργοντες καὶ εὐπειθεῖς τῇ φύσει ἔτι δὲ καὶ διαφέρουσιν αἱ καθ ἕκαστον παιδεῖαι τῶν κοινῶν ὥσπερ ἐπ ἰατρικῆς καθόλου μὲν γὰρ	εἶναι παρὰ τῶν πατέρων ἡμῖν Ἔτι δὲ καὶ διαφέρουσιν αἱ καθ ἕκαστον παιδεῖαι τῶν κοινῶν Καὶ διὰ τούτων τοὺς πατέρας προτρέπει	Aristotle	Michael of Ephesus	Ethica Nicomachea	In Ethica Nicomachea IX-X	
tlg0086.tlg010	9/#43	ancient_classical	4034.001	/612#1	11th_12th	0.0344	10	10	γὰρ στέργοντες καὶ εὐπειθεῖς τῇ φύσει ἔτι δὲ καὶ διαφέρουσιν αἱ καθ ἕκαστον παιδεῖαι τῶν κοινῶν ὥσπερ ἐπ ἰατρικῆς καθόλου μὲν γὰρ	τὸ εἶναι παρὰ τῶν πατέρων ἡμῖν Ἔτι δὲ καὶ διαφέρουσιν αἱ καθ ἕκαστον παιδεῖαι τῶν κοινῶν Καὶ διὰ τούτων τοὺς πατέρας προτρέπει	Aristotle	Michael of Ephesus	Ethica Nicomachea	In Ethica Nicomachea IX-X	
tlg0086.tlg010	11/#20	ancient_classical	4034.001	/525#4	11th_12th	0.0486	8	12	αὑτοῦ ἀγαθοῖς διὸ δόξειεν ἂν δεῖν εἰς μὲν τὰς εὐτυχίας καλεῖν τοὺς φίλους προθύμως εὐεργετικὸν γὰρ εἶναι καλόν εἰς δὲ τὰς ἀτυχίας ὀκνοῦντα μεταδιδόναι γὰρ ὡς ἥκιστα δεῖ	φίλοις ἔνδοξόν ἐστι καὶ ἐντιμότατον εἰς μὲν τὰς εὐτυχίας καλεῖν τοὺς φίλους καὶ εὐεργετεῖν καλὸν γὰρ τὸ εὐεργετικὸν εἶναι εἰς δὲ τὰς δυστυχίας καλεῖν ὀκνηρῶς ἔχειν	Aristotle	Michael of Ephesus	Ethica Nicomachea	In Ethica Nicomachea IX-X	
tlg0086.tlg010	1/#47	ancient_classical	4034.001	/467#3	11th_12th	0.0464	9	9	θεοὺς καὶ πρὸς γονεῖς τὸ ἐνδεχόμενον μὴ τοιαύτης δ οὔσης τῆς δόσεως ἀλλ ἐπί τινι μάλιστα μὲν ἴσως δεῖ τὴν ἀνταπόδοσιν γίνεσθαι δοκοῦσαν	μεμαθηκότας εἰ δύ νανται ὡς τάχιστα Μὴ τοιαύτης δὲ οὔσης τῆς δόσεως ἀλλ ἐπί τινι Τῆς μὲν δόσεως οὔσης δι ἑαυτοὺς μέτρον ἐστίν	Aristotle	Michael of Ephesus	Ethica Nicomachea	In Ethica Nicomachea IX-X	
tlg0086.tlg010	1/#49	ancient_classical	4034.001	/530#1	11th_12th	0.0371	8	8	ταῦτα περὶ ἡδονῆς ἴσως ἕπεται διελθεῖν μάλιστα γὰρ δοκεῖ συνῳκειῶσθαι τῷ γένει ἡμῶν διὸ παιδεύουσι τοὺς νέους οἰακίζοντες ἡδονῇ καὶ	ἐστιν ἀλλά τι τῶν συμβαινόντων αὐτῇ μάλιστα γὰρ δοκεῖ συνῳκειῶσθαι τῷ γένει ἡμῶν διὰ τούτων φαίνεται ὅτι δι εὐλάβειαν τὸ	Aristotle	Michael of Ephesus	Ethica Nicomachea	In Ethica Nicomachea IX-X	
tlg0086.tlg010	2/#33	ancient_classical	4034.001	/470#3	11th_12th	0.0404	9	9	ἑταίρῳ προετέον ἐὰν ἄμφω μὴ ἐνδέχηται ἆρ οὖν πάντα τὰ τοιαῦτα ἀκριβῶς μὲν διορίσαι οὐ ῥᾴδιον πολλὰς γὰρ καὶ παντοίας ἔχει διαφορὰς	ἀμφοτέροις ἀνταποδιδόναι χάριν ταῦτα ζητήσας ἐπάγει Ἆρά γε πάντα τὰ τοιαῦτα ἀκριβῶς μὲν διορίσαι οὐ ῥᾴδιον σύμφωνα λέγων τοῖς ἐν τῷ πρώτῳ	Aristotle	Michael of Ephesus	Ethica Nicomachea	In Ethica Nicomachea IX-X	
tlg0086.tlg010	4/#35	ancient_classical	4034.001	/558#1	11th_12th	0.0372	8	15	πρὸς τὸ σπουδαιότατον τῶν ὑπ αὐτήν τελειοῖ δὲ τὴν ἐνέργειαν ἡ ἡδονή οὐ τὸν αὐτὸν δὲ τρόπον ἥ τε ἡδονὴ τελειοῖ καὶ τὸ αἰσθητόν τε καὶ ἡ αἴσθησις σπουδαῖα ὄντα ὥσπερ οὐδ ἡ ὑγίεια καὶ ὁ ἰατρὸς ὁμοίως αἰτία ἐστὶ τοῦ ὑγιαίνειν καθ ἑκάστην δ αἴσθησιν ὅτι γίνεται ἡδονή δῆλον φαμὲν γὰρ ὁράματα καὶ ἀκούσματα εἶναι ἡδέα δῆλον δὲ καὶ ὅτι μάλιστα ἐπειδὰν ἥ τε αἴσθησις ᾖ κρατίστη καὶ πρὸς τοιοῦτον ἐνεργῇ τοιούτων δ ὄντων τοῦ τε αἰσθητοῦ καὶ τοῦ αἰσθανομένου ἀεὶ ἔσται ἡδονὴ ὑπάρχοντός γε τοῦ τε ποιήσοντος καὶ τοῦ πεισομένου τελειοῖ δὲ τὴν ἐνέργειαν ἡ ἡδονὴ οὐχ ὡς ἡ ἕξις ἐνυπάρχουσα ἀλλ ὡς ἐπιγινόμενόν	καὶ τοῦτο τῶν μυριο λέκτων ἐστίν Τελειοῖ δὲ τὴν ἐνέργειαν ἡ ἡδονὴ οὐχ ὡς ἕξις ἐν υπάρχουσα Ἐνέργειαν λέγειν ἢ	Aristotle	Michael of Ephesus	Ethica Nicomachea	In Ethica Nicomachea IX-X	
tlg0086.tlg010	4/#36	ancient_classical	4034.001	/558#1	11th_12th	0.0308	8	12	τοῦ τε ποιήσοντος καὶ τοῦ πεισομένου τελειοῖ δὲ τὴν ἐνέργειαν ἡ ἡδονὴ οὐχ ὡς ἡ ἕξις ἐνυπάρχουσα ἀλλ ὡς ἐπιγινόμενόν τι τέλος οἷον τοῖς ἀκμαίοις ἡ ὥρα ἕως ἂν οὖν τό τε νοητὸν ἢ αἰσθητὸν ᾖ οἷον δεῖ καὶ τὸ κρῖνον ἢ θεωροῦν ἔσται ἐν τῇ ἐνεργείᾳ ἡ ἡδονή ὁμοίων γὰρ ὄντων καὶ πρὸς ἄλληλα	καὶ τοῦτο τῶν μυριο λέκτων ἐστίν Τελειοῖ δὲ τὴν ἐνέργειαν ἡ ἡδονὴ οὐχ ὡς ἕξις ἐν υπάρχουσα Ἐνέργειαν λέγειν ἢ	Aristotle	Michael of Ephesus	Ethica Nicomachea	In Ethica Nicomachea IX-X	
tlg0086.tlg010	6/#33	ancient_classical	4034.001	/490#3	11th_12th	0.0443	14	14	ὥσπερ οἱ ἐν ταῖς Φοινίσσαις στασιάζουσιν οὐ γάρ ἐστιν ὁμονοεῖν τὸ αὐτὸ ἑκάτερον ἐννοεῖν ὁδήποτε ἀλλὰ τὸ ἐν τῷ αὐτῷ οἷον ὅταν καὶ ὁ δῆμος καὶ	εἴη τὸ δὲ τῆς λέξεως τῆς οὐ γάρ ἐστιν ὁμονοεῖν τὸ αὐτὸ θάτερον ἐννοεῖν οἱονδήποτε ἀλλὰ τὸ ἐν τῷ αὐτῷ τοιοῦτόν ἐστιν οὐκ ἔστιν ἡ ὁμόνοια τὸ νοεῖν δύο τινὰς ἢ καὶ πλείους τὸ αὐτό ὃ δήποτέ ἐστιν ὃ νοοῦσιν εἴτε ἀρχή ἐστιν ὃ νοοῦσιν ἢ κτῆμα ἢ τιμὴ ἢ ὅτι ἂν εἴη περὶ ὃ δύο ἢ καὶ πλείω διανοοῦνται ὡς ἑκάστου καὶ οὐ πάντων ὁμοῦ γενέσθαι οὐκ ἔστιν οὖν ὁμόνοια τὸ ἐννοεῖν τὸν Ἐτεοκλέα χωρὶς τοῦ Πολυνείκους ἄρχειν ἢ τὸν Πολυνείκην χωρὶς τοῦ Ἐτεοκλέους ἀλλ ὁμόνοια καὶ ὁμονοεῖν ἐστι τὸ ἐν τῷ αὐτῷ τουτέστι περὶ τοῦ αὐτοῦ τὸ αὐτὸ	Aristotle	Michael of Ephesus	Ethica Nicomachea	In Ethica Nicomachea IX-X	
tlg0086.tlg010	8/#41	ancient_classical	4034.001	/594#1	11th_12th	0.0349	11	11	τοῖς πάθεσιν ἡ τοῦ ἤθους ἀρετή συνέζευκται δὲ καὶ ἡ φρόνησις τῇ τοῦ ἤθους ἀρετῇ καὶ αὕτη	εἰσὶ καὶ οὐ τοῦ ὄντως ἀνθρώπου Συνέζευκται δὲ καὶ ἡ φρόνησις τῇ τοῦ ἤθους ἀρετῇ καὶ αὕτη τῇ φρονήσει Δείξας τὰς ἠθικὰς ἀρετὰς	Aristotle	Michael of Ephesus	Ethica Nicomachea	In Ethica Nicomachea IX-X	
tlg0086.tlg010	9/#29	ancient_classical	4034.001	/508#2	11th_12th	0.0306	8	8	ὄντα πορίζειν ἃ δι αὑτοῦ ἀδυνατεῖ ὅθεν ὅταν ὁ δαίμων εὖ διδῷ τί δεῖ φίλων ἔοικε δ ἀτόπῳ τὸ πάντ ἀπονέμοντας	τῶν λόγων διάνοια τοιαύτη τὸ δ ὅταν δ ὁ δαίμων εὖ διδῷ τί δεῖ φίλων ἔστιν ἐκ τοῦ Ὀρέστου τοῦ Εὐριπίδου	Aristotle	Michael of Ephesus	Ethica Nicomachea	In Ethica Nicomachea IX-X	
tlg0086.tlg010	9/#42	ancient_classical	4034.001	/612#2	11th_12th	0.0345	10	10	γὰρ στέργοντες καὶ εὐπειθεῖς τῇ φύσει ἔτι δὲ καὶ διαφέρουσιν αἱ καθ ἕκαστον παιδεῖαι τῶν κοινῶν ὥσπερ ἐπ ἰατρικῆς καθόλου μὲν	εἶναι παρὰ τῶν πατέρων ἡμῖν Ἔτι δὲ καὶ διαφέρουσιν αἱ καθ ἕκαστον παιδεῖαι τῶν κοινῶν Καὶ διὰ τούτων τοὺς πατέρας προτρέπει	Aristotle	Michael of Ephesus	Ethica Nicomachea	In Ethica Nicomachea IX-X	
tlg0086.tlg010	1/#46	ancient_classical	4034.001	/466#3	11th_12th	0.0238	8	8	ἐνίοις ἀρέσκει τὸ μισθὸς δ ἀνδρί οἱ δὲ προλαμβάνοντες τὸ ἀργύριον εἶτα μηδὲν ποιοῦντες ὧν ἔφασαν διὰ τὰς ὑπερβολὰς τῶν	ἐποί ησαν ἀλλ οὐ τὸ ἴσον Οἱ δὲ προλαβόντες τὸ ἀργύριον εἶτα μηθὲν ποιοῦν τες ὧν ἔφασαν Οἱ μὲν ἄνευ	Aristotle	Michael of Ephesus	Ethica Nicomachea	In Ethica Nicomachea IX-X	
tlg0086.tlg010	3/#46	ancient_classical	4034.001	/542#2	11th_12th	0.0242	10	10	οὐκ ἔστι ταχέως λέγω δ ἥδεσθαι γένεσίς τε πῶς ἂν εἴη δοκεῖ γὰρ οὐκ ἐκ τοῦ τυχόντος τὸ τυχὸν γίνεσθαι ἀλλ ἐξ	ταῦτα ἡ ἡδονὴ οὐκ ἂν εἴη Γένεσίς τε πῶς ἂν εἴη δοκεῖ γὰρ οὐκ ἐκ τοῦ	Aristotle	Michael of Ephesus	Ethica Nicomachea	In Ethica Nicomachea IX-X	
tlg0086.tlg010	5/#36	ancient_classical	4034.001	/486#1	11th_12th	0.0239	8	8	δὲ τῇ τῶν ἀγαθῶν ταῦθ ὑπάρχει ἡ δ εὔνοια φιλικῷ μὲν ἔοικεν οὐ μὴν ἔστι γε φιλία γίνεται γὰρ εὔνοια καὶ	Ἡ δὲ εὔνοια φιλίᾳ μὲν ἔοικεν οὐ μὴν ἔστι φιλία Τῷ περὶ φιλίας λέγοντι ἀκόλουθόν ἐστι καὶ περὶ εὐνοίας δοκούσης εἶναι φιλίας ἐπισκέψασθαι πότερον φιλία ἐστὶ καθάπερ δοκεῖ ἢ φιλία μὲν οὐκ ἔστι φιλίας δέ τι ἔστι δὲ ὡς δόξει οὐ φιλία ἀρχὴ δὲ φιλίας οὐκ ἔστι δὲ ταὐτὸν ἡ ἀρχὴ τῷ οὗ ἐστιν ἀρχή λέγει δὴ ὅτι ἡ εὔνοια φιλίᾳ μὲν ἔοικεν οὐκ ἔστι δέ ἡ φιλία μὲν γὰρ	Aristotle	Michael of Ephesus	Ethica Nicomachea	In Ethica Nicomachea IX-X	
tlg0086.tlg010	7/#45	ancient_classical	4034.001	/590#3	11th_12th	0.0277	10	10	γὰρ ἀτελές ἐστι τῶν τῆς εὐδαιμονίας ὁ δὲ τοιοῦτος ἂν εἴη βίος κρείττων ἢ κατ ἄνθρωπον οὐ γὰρ ᾗ ἄνθρωπός ἐστιν οὕτω	ἵνα μὴ κατὰ τοῦτον ἀτελὴς ὑπάρχῃ Ὁ δὲ τοιοῦτος ἂν εἴη βίος κρείττων ἢ κατὰ ἄνθρωπον Ἄνθρωπον νῦν τὸν σύνθετον λέγει τὸν	Aristotle	Michael of Ephesus	Ethica Nicomachea	In Ethica Nicomachea IX-X	
tlg0086.tlg010	7/#46	ancient_classical	4034.001	/591#3	11th_12th	0.0196	9	9	τῶν ἐν αὑτῷ εἰ γὰρ καὶ τῷ ὄγκῳ μικρόν ἐστι δυνάμει καὶ τιμιότητι πολὺ μᾶλλον πάντων ὑπερέχει δόξειε δ ἂν καὶ	πρὸς τὸ σῶμα ῥοπῆς εἰ γὰρ τῷ ὄγκῳ σμικρόν ἐστι δυνάμει καὶ τελειότητι πολὺ μᾶλλον ὑπερ έχει τὸ σμικρὸν τῷ ὄγκῳ	Aristotle	Michael of Ephesus	Ethica Nicomachea	In Ethica Nicomachea IX-X	
tlg0086.tlg010	9/#29	ancient_classical	4034.001	/508#1	11th_12th	0.0251	8	8	αἱ τοιαῦται φιλίαι ταῖς τοιαύταις κοινωνίαις ἀμφισβητεῖται δὲ καὶ περὶ τὸν εὐδαίμονα εἰ δεήσεται φίλων ἢ μή οὐθὲν γάρ φασι	τοῖς πολλοῖς δοκεῖ ἀλλὰ πλεονεξία ἐστίν Ἀμφισβητεῖται δὲ καὶ περὶ τὸν εὐδαίμονα εἰ δεήσε ται φίλων ἢ μή Ἐζητεῖτο τότε	Aristotle	Michael of Ephesus	Ethica Nicomachea	In Ethica Nicomachea IX-X	
tlg0086.tlg010	9/#43	ancient_classical	4034.001	/613#2	11th_12th	0.0335	8	8	αὐτὴν μάχην περιτίθησιν ἐξακριβοῦσθαι δὴ δόξειεν ἂν μᾶλλον τὸ καθ ἕκαστον ἰδίας τῆς ἐπιμελείας γινομένης μᾶλλον γὰρ τοῦ προσφόρου τυγχάνει ἕκαστος	ἂν μάλιστα τὸ καθ ἕκαστον ἰδίας τῆς ἐπιμελείας γινομένης Τὸ καθ ἕκαστον ἀντὶ τοῦ εἷς	Aristotle	Michael of Ephesus	Ethica Nicomachea	In Ethica Nicomachea IX-X	
tlg0086.tlg010	12/#19	ancient_classical	4034.001	/517#1	11th_12th	0.0118	8	8	κοινωνία γὰρ ἡ φιλία καὶ ὡς πρὸς ἑαυτὸν ἔχει οὕτω καὶ πρὸς τὸν φίλον περὶ αὑτὸν δ ἡ αἴσθησις ὅτι	ἡδὺ καὶ καλόν ἐστι ὡς δὲ πρὸς ἑαυτὸν ἔχει οὕτω καὶ πρὸς τὸν φίλον φύσει αἱρεῖται παρεῖναι φίλον αὐτῷ ὅπως	Aristotle	Michael of Ephesus	Ethica Nicomachea	In Ethica Nicomachea IX-X	
tlg0086.tlg010	1/#44	ancient_classical	4034.001	/463#1	11th_12th	0.0531	8	8	καὶ τῷ ὑφάντῃ καὶ τοῖς λοιποῖς ἐνταῦθα μὲν οὖν πεπόρισται κοινὸν μέτρον τὸ νόμισμα καὶ πρὸς τοῦτο δὴ πάντα ἀναφέρεται	ἡ τῆς ἐρωμένης πρὸς τὸν ἐραστήν ἐνταῦθα μὲν οὖν πεπόρισται κοινὸν μέτρον τὸ νόμισμα ὅπως δὲ μέτρον γίνεται τὸ νόμισμα	Aristotle	Michael of Ephesus	Ethica Nicomachea	In Ethica Nicomachea IX-X	
tlg0086.tlg010	2/#36	ancient_classical	4034.001	/533#2	11th_12th	0.0512	10	10	ἀλλ ὡς ἂν ἐνδέχηται οὕτω διοριστέον εὔδοξος μὲν οὖν τὴν ἡδονὴν τἀγαθὸν ᾤετ εἶναι διὰ τὸ πάνθ ὁρᾶν ἐφιέμενα αὐτῆς καὶ ἔλλογα	δι ὧν αὐτὴν κατεσκεύαζεν εἶναι τἀγαθόν Εὔδοξος μὲν οὖν τὴν ἡδονὴν τἀγαθὸν ᾤετο εἶναι διὰ τὸ ὁρᾶν ἐφιέμενα αὐτῆς πάντα Ἔθος ἐστὶ	Aristotle	Michael of Ephesus	Ethica Nicomachea	In Ethica Nicomachea IX-X	
tlg0086.tlg010	6/#33	ancient_classical	4034.001	/490#4	11th_12th	0.1159	9	9	οὕτω γὰρ πᾶσι γίνεται οὗ ἐφίενται πολιτικὴ δὴ φιλία φαίνεται ἡ ὁμόνοια καθάπερ καὶ λέγεται περὶ τὰ συμφέροντα γάρ ἐστι καὶ	θέλεις οὐχ ὁμόνοια τοῦτο ἀλλὰ στάσις Πολιτικὴ δὲ φιλία φαίνεται ἡ ὁμόνοια καθάπερ καὶ λέγεται Εἰπὼν ὅτι ὁμόνοιά ἐστι τὸ ὁμογνωμονεῖν	Aristotle	Michael of Ephesus	Ethica Nicomachea	In Ethica Nicomachea IX-X	
tlg0086.tlg010	7/#40	ancient_classical	4034.001	/497#2	11th_12th	0.0299	11	11	ἡ προσδοκία δ ἀνάπαλιν ἔχειν ἔοικεν καὶ ἡ μὲν φίλησις ποιήσει ἔοικεν τὸ φιλεῖσθαι δὲ τῷ πάσχειν	αἰτίας εὐποροῦσι νῦν καὶ εὖ ἔχουσι Καὶ ἡ μὲν φίλησις ποιήσει ἔοικε τὸ φιλεῖσθαι δὲ τῷ πάσχειν Εἰ τὸ ὑπερέχειν μᾶλλον καὶ οἷον	Aristotle	Michael of Ephesus	Ethica Nicomachea	In Ethica Nicomachea IX-X	
tlg0086.tlg010	12/#19	ancient_classical	4034.001	/516#3	11th_12th	0.0127	8	8	κοινωνία γὰρ ἡ φιλία καὶ ὡς πρὸς ἑαυτὸν ἔχει οὕτω καὶ πρὸς τὸν φίλον περὶ αὑτὸν δ ἡ αἴσθησις ὅτι	δὲ πρὸς ἑαυτὸν ἔχει ὁ σπουδαῖος καὶ πρὸς τὸν φίλον ἕτερος γὰρ αὐτὸς ὁ φίλος ἐστίν ὃ δὲ λέγει τοιοῦτον ἂν εἴη ὁ τοῦ εὐδαίμονος φίλος ἕτερος αὐτός ἐστιν ὁ εὐδαίμων ὥστε καὶ ἡ ζωὴ τοῦ φίλου αὐτοῦ ἑτέρα αὐτή ἐστι τῆς τοῦ εὐδαίμονος ζωῆς αἱρεῖται δὲ ὁ εὐδαίμων καὶ πάνυ θέλει τὴν οἰκείαν ἔχειν ζωήν πᾶς γὰρ ὀρέγεται φύσει εἶναι καὶ ζῆν ὥστε φύσει φίλον ἔχειν αἱρεῖται ὥσπερ γὰρ πρὸς ἑαυτὸν ἔχει οὕτω καὶ πρὸς τὸν φίλον ἄλλος γάρ ἐστιν αὐτὸς ὁ φίλος	Aristotle	Michael of Ephesus	Ethica Nicomachea	In Ethica Nicomachea IX-X	
tlg0086.tlg010	3/#49	ancient_classical	4034.001	/549#2	11th_12th	0.0239	8	11	τι τῶν αἰσχίστων μηδέποτε μέλλων λυπηθῆναι περὶ πολλά τε σπουδὴν ποιησαίμεθ ἂν καὶ εἰ μηδεμίαν ἐπιφέροι ἡδονήν οἷον ὁρᾶν μνημονεύειν εἰδέναι τὰς ἀρετὰς	εὐμαρέστερον ἢ ὅλως δυνατὸν αὐτῆς τυχεῖν Περὶ πολλά τε πολλὴν σπουδὴν ποιησαίμεθα ἄν καὶ εἰ μηδεμίαν ἐπιφέρει ἡδονήν Εἰπόντος τοῦ προσεχῶς ῥηθέντος λόγου ὅτι	Aristotle	Michael of Ephesus	Ethica Nicomachea	In Ethica Nicomachea IX-X	
tlg0086.tlg010	3/#2	ancient_classical	4034.003	/1#1	11th_12th	0.1086	10	10	ῥητορικὸν ἀποδείξεις ἀπαιτεῖν ἕκαστος δὲ κρίνει καλῶς ἃ γινώσκει καὶ τούτων ἐστὶν ἀγαθὸς κριτής καθ ἕκαστον μὲν ἄρα ὁ πεπαιδευμένος ἁπλῶς δ	κρίνει γάρ φησὶν ἐν ἐκείνοις ἕκαστος καλῶς ἃ γινώσκει καὶ τούτων ἐστὶν ἀγαθὸς κριτής καθ ἕκαστον ἄρα ὁ πεπαιδευμένος ὡς οὖν ἐν	Aristotle	Michael of Ephesus	Ethica Nicomachea	In libros de partibus animalium	
tlg0086.tlg010	2/#19	ancient_classical	4034.005	/145#3	11th_12th	0.0	9	13	καὶ τὸ ἄνισον τὸ δὲ δίκαιον τό τε νόμιμον καὶ τὸ ἴσον κατὰ μὲν οὖν τὸ παράνομον ἡ πρότερον εἰρημένη ἀδικία ἐστίν ἐπεὶ δὲ τὸ ἄνισον καὶ τὸ παράνομον οὐ ταὐτὸν ἀλλ ἕτερον ὡς	ἑκάστῃ συζυγίᾳ τῶν ὀργανικῶν μερῶν εἶναί τι τὸ κοινόν καὶ τὰ ἑξῆς Κατὰ μὲν οὖν τὸ ἔμπροσθεν καὶ τὸ ὄπισθεν διάληψις οὐκ	Aristotle	Michael of Ephesus	Ethica Nicomachea	In de animalium incessu	
tlg0086.tlg010	11/#9	ancient_classical	4034.006	/72#1	11th_12th	0.1362	16	34	ὑπὸ τῶν πολεμίων ληφθῆναι ἢ ἀποθανεῖν κατὰ μεταφορὰν δὲ καὶ ὁμοιότητα ἔστιν οὐκ αὐτῷ πρὸς αὑτὸν δίκαιον ἀλλὰ τῶν αὐτοῦ τισίν οὐ πᾶν δὲ δίκαιον ἀλλὰ τὸ δεσποτικὸν ἢ τὸ οἰκονομικόν ἐν τούτοις γὰρ τοῖς λόγοις διέστηκε τὸ λόγον ἔχον μέρος τῆς ψυχῆς πρὸς τὸ ἄλογον εἰς ἃ	Κατὰ μεταφορὰν δὲ καὶ ὁμοιότητά ἐστιν οὐκ αὐτῷ πρὸς αὑτὸν δίκαιον ἀλλὰ τῶν αὐτοῦ τισιν Τοῦ Πλάτωνος ὁρίζοντος τὴν δικαιοσύνην ἐν τῇ ἰδιοπραγίᾳ τῶν τῆς ψυχῆς μερῶν ἐπεὶ ἅπαξ ὁ Ἀριστοτέλης περὶ πάσης δικαιοσύνης εἰπεῖν προέθετο μνημονεύει καὶ περὶ τοῦ τοιούτου δικαίου τοῦ τῶν μερῶν τῆς ψυχῆς λέγει δὲ πρῶτον ὅτι τὸ τοιοῦτον δίκαιον κατὰ μεταφορὰν λέγεται δίκαιον τουτέστιν οὐ κυρίως οὐ πᾶν δὲ δίκαιόν ἐστι τῶν αὐτοῦ τισιν οὐ γὰρ τὸ πολιτικὸν καὶ κυρίως λεγόμενον δίκαιον τοῦτο δὲ ἦν τὸ ἐπίσης ἀνὰ μέρος ἄρχειν καὶ ἄρχεσθαι ἀλλὰ τὸ δεσποτικόν ὃ οὐ κυρίως ἐν τοῖς δικαίοις ἠριθμεῖτο οὐ γὰρ ἔστι τι δίκαιον δούλου πρὸς δεσπότην ὡς πρότερον δέδεικται ἐν τούτοις γὰρ τοῖς λόγοις διέστηκε τὸ λόγον ἔχον μέρος τῆς ψυχῆς πρὸς τὸ ἄλογον ὃν λόγον ἔχει ὁ δοῦλος πρὸς τὸν δεσπότην τὸν αὐτὸν καὶ τὸ ἄλογον μέρος τῆς ψυχῆς πρὸς	Aristotle	Michael of Ephesus	Ethica Nicomachea	In librum quintum Ethicorum	
tlg0086.tlg010	5/#22	ancient_classical	4034.006	/36#2	11th_12th	0.305	10	30	ὑπάλλαγμα τῆς χρείας τὸ νόμισμα γέγονε κατὰ συνθήκην καὶ διὰ τοῦτο τοὔνομα ἔχει νόμισμα ὅτι οὐ φύσει ἀλλὰ νόμῳ ἐστί καὶ ἐφ ἡμῖν μεταβαλεῖν καὶ ποιῆσαι ἄχρηστον ἔσται δὴ ἀντιπεπονθός ὅταν ἰσασθῇ ὥστε ὅπερ γεωργὸς πρὸς σκυτοτόμον τὸ ἔργον τὸ τοῦ σκυτοτόμου πρὸς τὸ τοῦ γεωργοῦ εἰς σχῆμα δ ἀναλογίας οὐ δεῖ ἄγειν	ὑποδημάτων ἢ σίτου ἢ οἰκίας νομίσματα κατὰ συνθήκην καὶ διὰ τοῦτο νόμισμα καλεῖται ὅτι οὐ φύσει ἀλλὰ νόμῳ καὶ θέσει ἡμετέρᾳ καὶ ἐφ ἡμῖν ἄχρηστον ποιῆσαι αὐτό εἰ γὰρ θελήσομεν διδόναι ἃ ἔχομεν καὶ λαμβάνειν ἃ μὴ ἔχομεν ἄχρηστον ἔσται τὸ νόμισμα Ἔσται δὴ ἀντιπεπονθός ὅταν ἰσασθῇ ὥστε ὅπερ γεωργὸς πρὸς σκυτοτόμον Ὅταν φησίν ἰσασθῇ τὰ ἔργα ἔσται τὸ ἀντιπεπονθὸς δίκαιον ὡς εἶναι ὡς ὁ γεωργὸς πρὸς τὸν σκυτοτόμον τὸ ἔργον τοῦ σκυτοτόμου πρὸς τὸ τοῦ γεωργοῦ εἰ γάρ ἐστιν ὁ γεωργὸς διπλασίων τοῦ	Aristotle	Michael of Ephesus	Ethica Nicomachea	In librum quintum Ethicorum	
tlg0086.tlg010	1/#29	ancient_classical	4034.006	/2#2	11th_12th	0.1188	12	23	κατὰ τὴν αὐτὴν μέθοδον τοῖς προειρημένοις ὁρῶμεν δὴ πάντας τὴν τοιαύτην ἕξιν βουλομένους λέγειν δικαιοσύνην ἀφ ἧς πρακτικοὶ τῶν δικαίων εἰσὶ καὶ ἀφ ἧς δικαιοπραγοῦσι καὶ βούλονται τὰ δίκαια τὸν αὐτὸν δὲ τρόπον καὶ περὶ ἀδικίας ἀφ ἧς ἀδικοῦσι καὶ βούλονται τὰ ἄδικα διὸ καὶ ἡμῖν πρῶτον ὡς ἐν τύπῳ ὑποκείσθω ταῦτα οὐδὲ γὰρ τὸν αὐτὸν ἔχει τρόπον ἐπί τε τῶν ἐπιστημῶν καὶ δυνάμεων καὶ ἐπὶ τῶν ἕξεων δύναμις μὲν γὰρ	ἀρχὴν ἐκ τῶν δοκούντων ποιεῖται λέγων ὁρῶμεν δὲ πάντας τὴν τοιαύτην ἕξιν βουλομένους λέγειν δικαιοσύνην ἀφ ἧς βούλονται τὰ δίκαια πράττειν ἔστι δὲ ὁ λόγος οὗτος ὁ λέγων ὅτι δικαιοσύνη ἐστὶν ἕξις ἀφ ἧς βούλονται τὰ δίκαια πράττειν οὐχ ὁρισμὸς ἀλλ ὑπογραφή οὐ γὰρ οἷόν τε ἕνα λόγον καὶ ὁρισμὸν τῶν πολλαχῶς λεγομένων ἀποδοῦναι ἡ δὲ δικαιοσύνη ὡς προϊὼν δείξει τῶν πολλαχῶς λεγομένων ἐστί καὶ διὰ τοῦτο ἐπήνεγκε διὸ καὶ ἡμῖν ὡς ἐν τύπῳ ἤτοι ὡς ἐν ὑπογραφῇ τοῦτο ἔστω δικαιοσύνη οὐ γὰρ τὸν αὐτὸν ἔχει τρόπον ἐπί τε τῶν ἐπιστημῶν καὶ δυνάμεων καὶ	Aristotle	Michael of Ephesus	Ethica Nicomachea	In librum quintum Ethicorum	
tlg0086.tlg010	2/#21	ancient_classical	4034.006	/15#1	11th_12th	0.103	19	28	πολιτικῆς ἐστὶν ἢ ἑτέρας ὕστερον διοριστέον οὐ γὰρ ἴσως ταὐτὸν ἀνδρί τ ἀγαθῷ εἶναι καὶ πολίτῃ παντί τῆς δὲ κατὰ μέρος δικαιοσύνης καὶ τοῦ κατ αὐτὴν δικαίου ἓν μέν ἐστιν εἶδος τὸ ἐν ταῖς διανομαῖς τιμῆς ἢ χρημάτων ἢ τῶν ἄλλων	Οὐ γὰρ ἴσως ταὐτὸν ἀνδρί τε ἀγαθῷ εἶναι καὶ πολίτῃ παντί τῆς δὲ κατὰ μέρος δικαιοσύνης καὶ τοῦ κατ αὐτὴν δι καίου ἓν μέν ἐστιν εἶδος Μέλλων λέγειν περὶ τῆς κατὰ μέρος δικαιοσύνης διαιρεῖ αὐτὴν εἰς δύο εἴτε δὲ μέρη αὐτῆς δεῖ λέγειν εἰς ἃ διαιρεῖται εἴτε εἴδη νῦν οὐ πρόκειται σκοπεῖν τὴν δ οὖν τοιαύτην διελὼν εἰς δύο λέγει περὶ ἑκατέρου ὁποῖόν τί ἐστι μαθόντες γὰρ τὰ μέρη ἔχομεν καὶ τὸ ὅλον ὁποῖόν τί ἐστιν εἴπερ τὸ ὅλον ἢ τὸ γένος μηδέν τί ἐστι παρὰ τὰ μέρη ἢ τὰ εἴδη λέγει τοίνυν ὅτι ταύτης ἓν μέν ἐστιν εἶδος τὸ ἐν ταῖς διανομαῖς τὰ δὲ διανεμόμενα καὶ μεριζόμενα παρὰ	Aristotle	Michael of Ephesus	Ethica Nicomachea	In librum quintum Ethicorum	
tlg0086.tlg010	8/#24	ancient_classical	4034.006	/55#1	11th_12th	0.1975	21	30	ἤδη τὰ ἀδικήματα ὁ ἀδικῶν ἄδικος ὅταν παρὰ τὸ ἀνάλογον ᾖ ἢ παρὰ τὸ ἴσον ὁμοίως δὲ καὶ δίκαιος ὅταν προελόμενος δικαιοπραγῇ δικαιοπραγεῖ δέ ἂν μόνον ἑκὼν πράττῃ τῶν δ ἀκουσίων τὰ μέν ἐστι συγγνωμονικὰ τὰ δ οὐ συγγνωμονικά ὅσα μὲν γὰρ μὴ μόνον ἀγνοοῦντες ἀλλὰ καὶ δι ἄγνοιαν ἁμαρτάνουσι συγγνωμονικά ὅσα δὲ μὴ δι	ὅταν παρὰ τὸ ἀνάλογον ἢ παρὰ τὸ ἴσον οὗτος ἤδη ἄδικος ὥστε ἄδικος μὲν καὶ ἀδικεῖ ὁ κατὰ προαίρεσιν βλάπτων ὁ δὲ εἰδὼς μέν μὴ κατὰ προαίρεσιν δὲ βλάπτων ἀδικεῖ μέν ἀδίκημα μέντοι τὸ γινόμενον οὐκ ἔστιν οὕτως ἔχει καὶ ἐπὶ τοῦ δικαίου ὁ μὲν γὰρ πρὸς τῷ εἰδέναι καὶ κατὰ προαίρεσιν δίκαια ποιῶν δίκαιός ἐστιν ὁ δὲ εἰδὼς μέν μὴ κατὰ προαίρεσιν δὲ ποιῶν δικαιοπραγεῖ μέν οὐ μέντοι δίκαιός ἐστι Τῶν δ ἀκουσίων τὰ μέν ἐστι συγγνωμονικά τὰ δ οὐ συγγνωμονικά ὅσα μὲν γὰρ μὴ μόνον ἀγνοοῦντες ἀλλὰ καὶ δι ἄγνοιαν Ἀγνοοῦντα λέγει τὸν τὸ καθόλου ἀγνοοῦντα	Aristotle	Michael of Ephesus	Ethica Nicomachea	In librum quintum Ethicorum	
tlg0086.tlg010	2/#20	ancient_classical	4034.006	/13#3	11th_12th	0.1777	16	26	τὸ δὲ παράνομον οὐχ ἅπαν ἄνισον καὶ τὸ ἄδικον καὶ ἡ ἀδικία οὐ ταὐτὰ ἀλλ ἕτερα ἐκείνων τὰ μὲν ὡς μέρη τὰ δ ὡς ὅλα μέρος γὰρ αὕτη ἡ ἀδικία τῆς ὅλης ἀδικίας ὁμοίως δὲ καὶ ἡ δικαιοσύνη τῆς δικαιοσύνης ὥστε καὶ περὶ τῆς ἐν μέρει δικαιοσύνης καὶ περὶ τῆς ἐν μέρει ἀδικίας λεκτέον καὶ τοῦ δικαίου καὶ ἀδίκου ὡσαύτως ἡ μὲν οὖν κατὰ τὴν ὅλην ἀρετὴν τεταγμένη δικαιοσύνη καὶ ἀδικία ἣ μὲν τῆς ὅλης ἀρετῆς οὖσα χρῆσις πρὸς ἄλλον ἣ δὲ τῆς κακίας ἀφείσθω καὶ τὸ δίκαιον δὲ καὶ τὸ ἄδικον τὸ κατὰ ταύτας φανερὸν ὡς διοριστέον σχεδὸν γὰρ τὰ πολλὰ τῶν νομίμων τὰ ἀπὸ τῆς ὅλης ἀρετῆς προσταττόμενά ἐστιν καθ ἑκάστην γὰρ ἀρετὴν προστάττει ζῆν καὶ καθ ἑκάστην μοχθηρίαν κωλύει ὁ	ἄνισον ὂν οὐκ ἔστι πλέον ἐπήγαγε καὶ τὸ ἄδικον καὶ ἡ δικαιοσύνη οὐ ταὐτά τουτέστι τὸ μερικὸν ἄδικον καὶ δίκαιον καὶ ἡ μερικὴ ἀδικία καὶ δικαιοσύνη οὐ ταὐτὰ ἐκείνοις τοῖς ὅλοις δηλονότι ἀλλ ἕτερα ἐκείνων ὃν τρόπον καὶ τὸ μέρος τοῦ ὅλου σαφῆ διὰ τὸ πολλάκις εἰρῆσθαι περὶ αὐτῶν Σχεδὸν γὰρ τὰ πολλὰ τῶν νομίμων τὰ ἀπὸ τῆς ὅλης ἀρετῆς προσταττόμενά ἐστι Εἰπὼν ὅτι τὰ πολλὰ τῶν νομίμων τὰ ἀπὸ τῆς ὅλης ἀρετῆς προσταττόμενά εἰσι καθ ἑκάστην γὰρ ἀρετὴν προστάττει ζῆν προστάττει γὰρ ὁ νόμος καὶ τὰ	Aristotle	Michael of Ephesus	Ethica Nicomachea	In librum quintum Ethicorum	
tlg0086.tlg010	3/#27	ancient_classical	4034.006	/23#3	11th_12th	0.0917	11	21	μαθηματικοί ἐν γὰρ τῇ γεωμετρικῇ συμβαίνει καὶ τὸ ὅλον πρὸς τὸ ὅλον ὅπερ ἑκάτερον πρὸς ἑκάτερον ἔστι δ οὐ συνεχὴς αὕτη ἡ ἀναλογία οὐ γὰρ γίνεται εἷς ἀριθμῷ ὅρος ᾧ καὶ ὅ τὸ μὲν οὖν δίκαιον τοῦτο τὸ ἀνάλογον τὸ	τὸ ἡγού μενον πρὸς τὸ ἑπόμενον καὶ τὸ ὅλον πρὸς τὸ ὅλον Ἔστι δ οὐ συνεχὴς ἡ τοιαύτη ἀναλογία οὐ γὰρ γίνεται εἷς ἀριθμῷ ὅρος ᾧ καὶ ὅ Διὰ μὲν τοῦ μακροῦ ἢ διχρόνου ἢ ὡς	Aristotle	Michael of Ephesus	Ethica Nicomachea	In librum quintum Ethicorum	
tlg0086.tlg010	1/#32	ancient_classical	4034.006	/6#1	11th_12th	0.1729	13	27	κακὸν ἀγαθόν πως εἶναι τοῦ δ ἀγαθοῦ ἐστὶν ἡ πλεονεξία διὰ τοῦτο δοκεῖ πλεονέκτης εἶναι ἔστι δ ἄνισος τοῦτο γὰρ περιέχει καὶ κοινόν ἐπεὶ δ ὁ παράνομος ἄδικος ἦν ὁ δὲ νόμιμος δίκαιος δῆλον ὅτι πάντα τὰ νόμιμά ἐστί πως δίκαια τά τε γὰρ ὡρισμένα ὑπὸ τῆς νομοθετικῆς νόμιμά	ὥστε πλεονέκτης ἐστί καθ ὅσον τοῦ ἀγαθοῦ ἐστιν ἡ πλεονεξία εἰπὼν δὲ ἔστιν ἄνισος ἐπήγαγε τοῦτο γὰρ περιέχον καὶ κοινόν λέγων τοῦτο τὸ ἄνισον τὸ γὰρ ἄνισον περιέχει τὸ πλέον καὶ ἔλαττον ὡς εἴρηται Ἐπεὶ δ ὁ παράνομος ἄδικος ὁ δὲ νόμιμος δίκαιος δῆλον ὅτι πάντα τὰ νόμιμά ἐστί πως δίκαια Δείξας τὸ ἄδικον ἄνισον πιστούμενος ὅτι ὁ δίκαιος	Aristotle	Michael of Ephesus	Ethica Nicomachea	In librum quintum Ethicorum	
tlg0086.tlg010	2/#19	ancient_classical	4034.006	/13#1	11th_12th	0.1316	8	27	περὶ ἅπαντα περὶ ὅσα ὁ σπουδαῖος ὅτι μὲν οὖν εἰσὶν αἱ δικαιοσύναι πλείους καὶ ὅτι ἔστι τις καὶ ἑτέρα παρὰ τὴν ὅλην ἀρετήν δῆλον τίς δὲ καὶ ποία τις ληπτέον διώρισται δὴ τὸ ἄδικον τό τε παράνομον καὶ τὸ ἄνισον τὸ δὲ δίκαιον τό τε νόμιμον καὶ τὸ ἴσον κατὰ μὲν οὖν τὸ παράνομον ἡ πρότερον εἰρημένη ἀδικία ἐστίν ἐπεὶ δὲ τὸ ἄνισον καὶ τὸ παράνομον οὐ ταὐτὸν ἀλλ ἕτερον ὡς μέρος πρὸς ὅλον	τὸ πολὺ πλεοναχῶς λέγεται συμπεραίνεται λέγων ὅτι μὲν οὖν εἰσι δικαιοσύναι πλείους καὶ ἑτέρα τις παρὰ τὴν ὅλην δῆλον ἡ γὰρ κατὰ τὸ ἴσον δικαιοσύνη ὡς εἴρηται ἑτέρα τίς ἐστι τῆς ὡς νομι μότητος καὶ καθόλου δικαιοσύνης ὅτι μὲν οὖν πλείους εἰσὶ δικαιοσύναι δέδεικται τίς δὲ τῷ γένει ἡ ὡς ἐν μέρει δικαιοσύνη καὶ ὁποία τις τὸ εἶδος ληπτέον ἔστι δὴ οὖν τῷ γένει τέως ἰσότης ἐπεὶ γὰρ ἄδικον κεῖται τό τε παράνομον καὶ τὸ ἄνισον δίκαιον δὲ τό τε νόμιμον καὶ ἴσον κατὰ μὲν τὸ παράνομον ἡ προτέρα ἤτοι ἡ ὅλη ἀδικία ἐστί κατὰ δὲ τὸ ἄνισον ἡ ὡς μέρος ἀδικία ὁμοίως δὲ καὶ κατὰ μὲν τὸ νόμιμον ἡ ὅλη δικαιοσύνη κατὰ δὲ τὸ ἴσον ἡ ὡς μέρος περὶ ἧς εἰπεῖν πρόκειται ἐπεὶ δὲ τὸ ἄνισον καὶ τὸ πλεῖον οὐ ταὐτόν ἐξ ἀναλογίας τινὸς δείκνυσι	Aristotle	Michael of Ephesus	Ethica Nicomachea	In librum quintum Ethicorum	
tlg0086.tlg010	10/#14	ancient_classical	4034.006	/68#2	11th_12th	0.0875	9	26	τινος δικαίου οὐ τοῦ ἁπλῶς δὲ ἀλλὰ τοῦ διὰ τὸ ἁπλῶς ἁμαρτήματος καὶ ἔστιν αὕτη ἡ φύσις ἡ τοῦ ἐπιεικοῦς ἐπανόρθωμα νόμου ᾗ ἐλλείπει διὰ τὸ καθόλου τοῦτο γὰρ αἴτιον καὶ τοῦ μὴ πάντα κατὰ νόμον εἶναι ὅτι περὶ ἐνίων ἀδύνατον θέσθαι νόμον ὥστε ψηφίσματος δεῖ τοῦ γὰρ ἀορίστου ἀόριστος καὶ ὁ κανών ἐστιν ὥσπερ καὶ τῆς Λεσβίας οἰκοδομίας ὁ μολίβδινος κανών πρὸς γὰρ τὸ σχῆμα τοῦ λίθου μετακινεῖται καὶ οὐ μένει ὁ κανών καὶ τὸ ψήφισμα πρὸς τὰ πράγματα τί μὲν οὖν ἐστὶ τὸ ἐπιεικές καὶ ὅτι δίκαιον καὶ τινὸς βέλτιον δικαίου δῆλον φανερὸν δ ἐκ τούτου καὶ ὁ ἐπιεικὴς τίς ἐστιν ὁ γὰρ τῶν τοιούτων προαιρετικὸς καὶ πρακτικός καὶ ὁ μὴ ἀκριβοδίκαιος ἐπὶ τὸ χεῖρον ἀλλ ἐλαττωτικός καίπερ ἔχων τὸν νόμον	τίς ὁ ἐπιεικής Τί μὲν οὖν τὸ ἐπιεικές καὶ τί τὸ δίκαιον καὶ τίνος βέλτιον δικαίου Δηλαδὴ τοῦ νομίμου δικαίου καὶ διὰ τὸ καθόλου ἡμαρτημένου ἀλλ οὐ διὰ τὸ κακῶς κεῖσθαι τοῦ τοιούτου δὴ δικαίου βέλτιον τὸ ἐπιεικές ἀλλ οὐ τοῦ ἁπλῶς δικαίου καὶ κατὰ φύσιν ὁ γὰρ τῶν τοιούτων προαι ρετικὸς καὶ πρακτικός καὶ ὁ μὴ ἀκριβοδίκαιος ἐπὶ τὸ χεῖρον ἐπὶ τὸ χεῖρόν ἐστιν ἀκριβοδίκαιος ὁ	Aristotle	Michael of Ephesus	Ethica Nicomachea	In librum quintum Ethicorum	
tlg0086.tlg010	11/#9	ancient_classical	4034.006	/71#2	11th_12th	0.1269	12	28	γὰρ ἀδικεῖν μετὰ κακίας καὶ ψεκτόν καὶ κακίας ἢ τῆς τελείας καὶ ἁπλῶς ἢ ἐγγύς οὐ γὰρ ἅπαν τὸ ἑκούσιον μετὰ ἀδικίας τὸ δ ἀδικεῖσθαι ἄνευ κακίας καὶ ἀδικίας καθ αὑτὸ μὲν οὖν τὸ ἀδικεῖσθαι ἧττον φαῦλον κατὰ συμβεβηκὸς δ οὐδὲν κωλύει μεῖζον εἶναι κακόν ἀλλ οὐδὲν μέλει	καὶ ἴσου ὅπερ ἐστὶ τὸ δίκαιον καὶ κακίας ἢ τῆς τελείας καὶ ἁπλῶς ἢ σύνεγγυς τὸ ἀδικεῖν φησί μᾶλλόν ἐστι κακὸν τοῦ ἀδικεῖ σθαι διότι μετὰ κακίας ἢ τῆς ἁπλῶς ἢ σύνεγγυς λέγων νῦν κακίαν ἁπλῶς τὴν μετὰ προαιρέσεως ὅτι τὸ ἑκούσιον ἔχει σύνεγγυς δὲ τὴν δίχα προαι ρέσεως ὅτι δὲ σύνεγγυς τὴν δίχα προαιρέσεως γινομένην εἶπεν σαφηνίζων ἐπήνεγκεν οὐ γὰρ πᾶν τὸ ἑκούσιον μετὰ ἀδικίας διότι οὐδὲ μετὰ προαιρέσεως πᾶν ἑκούσιον οἱ γὰρ ὀργιζόμενοι ὡς εἶπε πρότερον ἑκόντες πράττουσιν οὐ μὴν ἐκ προαιρέσεως τὸ γὰρ ἑκούσιον καὶ τοῦ βούλεσθαι καὶ τοῦ θέλειν καθ αὑτὸ μὲν οὖν τὸ ἀδικεῖσθαι ἧττον φαῦλον κατὰ συμβεβηκὸς δὲ οὐδὲν κωλύει εἶναι μεῖζον κακόν γενήσεταί ποτε κατὰ	Aristotle	Michael of Ephesus	Ethica Nicomachea	In librum quintum Ethicorum	
tlg0086.tlg010	3/#26	ancient_classical	4034.006	/22#1	11th_12th	0.0781	17	31	καὶ τὸ δίκαιον ἐν τέτταρσιν ἐλαχίστοις καὶ ὁ λόγος ὁ αὐτός διῄρηται γὰρ ὁμοίως οἷς τε καὶ ἅ ἔσται ἄρα ὡς ὁ α ὅρος πρὸς τὸν β οὕτως ὁ γ πρὸς τὸν δ καὶ ἐναλλὰξ ἄρα ὡς ὁ α πρὸς τὸν γ ὁ β πρὸς τὸν	καὶ ἑπόμενον καὶ ὁ λόγος ὁ αὐτός ἤτοι καὶ ὃν λόγον ἔχει ὁ Ἀχιλλεὺς πρὸς τὸν Αἴαντα τὸν αὐτὸν καὶ τὸ τῷ Ἀχιλλεῖ δοθὲν πρὸς τὸ τῷ Αἴαντι τὸ δὲ οἷς τε καὶ ἅ οἷς μὲν λέγει τὸν Ἀχιλλέα καὶ Αἴαντα ἃ δὲ τὰ χρήματα Ἔσται ἄρα ὡς ὁ α ὅρος πρὸς τὸν β οὕτως ὁ γ πρὸς τὸν δ καὶ ἐναλλάξ Ἔστωσαν πρῶτος ὅρος ὁ Ἀχιλλεύς δεύτερος ὁ Αἴας καὶ κείσθω ὁ Ἀχιλλεὺς διπλασίων τοῦ Αἴαντος ἔστω δὲ καὶ τρίτος ὅρος νομίσματα η τέταρτος δὲ νομίσματα δ ἔστιν ἄρα ὡς ὁ Ἀχιλλεὺς πρὸς τὸν Αἴαντα διπλα σίων δέ οὕτω	Aristotle	Michael of Ephesus	Ethica Nicomachea	In librum quintum Ethicorum	
tlg0086.tlg010	6/#21	ancient_classical	4034.006	/43#2	11th_12th	0.092	8	21	κατ ἀναλογίαν ἢ κατ ἀριθμόν ὥστε ὅσοις μή ἐστι τοῦτο οὐκ ἔστι τούτοις πρὸς ἀλλήλους τὸ πολιτικὸν δίκαιον ἀλλά τι δίκαιον καὶ καθ ὁμοιότητα ἔστι γὰρ δίκαιον οἷς καὶ νόμος πρὸς αὑτούς νόμος δ ἐν οἷς ἀδικία ἡ	δὴ τοῦτό ἐστι τὸ πολιτικὸν δίκαιον ὅσοις μή ἐστι τοῦτο τουτέστιν ὅσοις μή ἐστι τὸ κοινωνεῖν κατὰ ἀνταλλαγὴν ἢ διανομήν ἐν τούτοις οὐκ ἔστι τὸ πολιτικὸν δίκαιον ἀλλά τι δίκαιον καθ ὁμοιότητα ὥσπερ πατρὸς πρὸς υἱόν καὶ ἀνδρὸς πρὸς γυναῖκα καὶ δούλου πρὸς δεσπότην ἐν γὰρ τούτοις οὐκ ἔστι πρὸς ἀλλήλους τὸ πολιτικὸν δίκαιον ἀλλὰ τὸ οἰκονομικὸν καὶ δεσποτικόν τίνα δὲ ταῦτα τὰ δίκαια εἶπεν ἐν ταῖς Πολιτείαις Ἔστι γὰρ δίκαιον οἷς καὶ νόμος πρὸς αὐτούς Ἐν ἐκείνοις φησίν ἔσται τὸ κυρίως	Aristotle	Michael of Ephesus	Ethica Nicomachea	In librum quintum Ethicorum	
tlg0086.tlg010	9/#12	ancient_classical	4034.006	/57#1	11th_12th	0.1438	13	34	ἑκούσιον τὸ δ ἀκούσιον ὁμοίως δὲ καὶ ἐπὶ τοῦ δικαιοῦσθαι τὸ γὰρ δικαιοπραγεῖν πᾶν ἑκούσιον ὥστ εὔλογον ἀντικεῖσθαι ὁμοίως καθ ἑκάτερον τό τ ἀδικεῖσθαι καὶ δικαιοῦσθαι ἢ ἑκούσιον ἢ ἀκούσιον εἶναι ἄτοπον δ ἂν δόξειε καὶ ἐπὶ τοῦ δικαιοῦσθαι εἰ πᾶν ἑκούσιον ἔνιοι γὰρ δικαιοῦνται οὐχ ἑκόντες ἔπειτα καὶ τόδε διαπορήσειεν ἄν τις πότερον ὁ τὸ ἄδικον πεπονθὼς ἀδικεῖται πᾶς ἢ ὥσπερ καὶ ἐπὶ τοῦ πράττειν καὶ ἐπὶ τοῦ πάσχειν ἐστίν κατὰ συμβεβηκὸς γὰρ ἐνδέχεται ἐπ	ἠλάττωνται οἱ δὲ ἄκοντες ὅσοι ἐπλεονέκτησαν ἐπεὶ καὶ τόδε διαπορήσειεν ἄν τις πότερον ὁ τὸ ἄδικον πεπονθὼς ἀδικεῖται πᾶς ἀπορήσας εἰ ἔστιν ἑκόντα ἀδικεῖσθαι καὶ κοινοποιήσας τὸν λόγον καὶ ἐπὶ τοῦ δικαιοῦσθαι ὡς ὁμοίως ἐχόντων τοῦ ἀδικεῖσθαι πρὸς τὸ ἀδικεῖν καὶ τοῦ δικαιοῦσθαι πρὸς τὸ δικαιοπραγεῖν καὶ ὀφειλόντων ἢ ἀμφοτέρων τοῦ ἀδικεῖσθαι καὶ δικαιοῦσθαι ἢ ἀκουσίων εἶναι ἢ ἑκουσίων καὶ ἐπεὶ μὴ οἷόν τε πᾶν τὸ δικαιοῦσθαι ἑκούσιον εἶναι συνάγεται δὲ μηδὲ πᾶν τὸ ἀδικεῖσθαι ἀκούσιον εἶναι ἀλλ εἶναι καὶ ἐπὶ τούτου τὸ ἑκούσιον ταῦτα ἀπορήσας διὰ τούτων δεικνύναι πειρᾶται ὅτι ὡδὶ μὲν ἑκάτερον αὐτῶν γινόμενον ἑκούσιόν ἐστιν ὡδὶ δὲ ἀκούσιον λέγει δὴ ὅτι ὡς ἔχει ἐπὶ τοῦ πράττειν οὕτως ἕξει καὶ ἐπὶ τοῦ πάσχειν πράττειν λέγων τὸ ἀδικεῖν καὶ δικαιοπραγεῖν	Aristotle	Michael of Ephesus	Ethica Nicomachea	In librum quintum Ethicorum	
tlg0086.tlg010	9/#17	ancient_classical	4034.006	/64#1	11th_12th	0.0885	14	18	οἴονται εἶναι τὸ ἀδικεῖν διὸ καὶ τὸ δίκαιον εἶναι ῥᾴδιον τὸ δ οὐκ ἔστιν συγγενέσθαι μὲν γὰρ τῇ τοῦ γείτονος καὶ πατάξαι τὸν πλησίον καὶ δοῦναι τῇ χειρὶ τὸ ἀργύριον ῥᾴδιον καὶ ἐπ αὐτοῖς ἀλλὰ τὸ ὡδὶ ἔχοντας ταῦτα ποιεῖν οὔτε ῥᾴδιον οὔτ ἐπ αὐτοῖς ὁμοίως δὲ καὶ τὸ γνῶναι τὰ δίκαια καὶ τὰ ἄδικα οὐδὲν οἴονται σοφὸν εἶναι ὅτι περὶ ὧν οἱ νόμοι λέγουσιν οὐ χαλεπὸν συνιέναι ἀλλ οὐ ταῦτ ἐστὶ τὰ δίκαια ἀλλ ἢ κατὰ συμβεβηκός ἀλλὰ πῶς πραττόμενα καὶ πῶς νεμόμενα δίκαια τοῦτο δὴ πλέον ἔργον ἢ τὰ ὑγιεινὰ εἰδέναι ἐπεὶ κἀκεῖ μέλι καὶ οἶνον καὶ ἐλλέβορον καὶ καῦσιν καὶ τομὴν εἰδέναι ῥᾴδιον ἀλλὰ πῶς δεῖ νεῖμαι πρὸς ὑγίειαν καὶ τίνι καὶ πότε τοσοῦτον ἔργον ὅσον ἰατρὸν εἶναι δι αὐτὸ δὲ τοῦτο καὶ τοῦ δικαίου οἴονται εἶναι οὐδὲν ἧττον τὸ ἀδικεῖν ὅτι οὐχ ἧττον ὁ δίκαιος ἀλλὰ	εἴδησις τῆς τῶν ὑγιεινῶν γνώσεως ὅσῳ καὶ τὸ δίκαιον εἶναι τοῦ ἰατρὸν εἶναι χαλεπώτερον ὡς γὰρ ἐπ ἐκείνων τὰ μὲν οἷς χρῆται ὁ ἰατρὸς πρὸς ὑγείαν ῥᾴδιον εἰδέναι οἷον οἶνον σῖτον ἐλλέ βορον καῦσιν τομήν οὐ μὴν καὶ τὸ ταῦτα εἰδέναι ἐστὶ τὸ εἰδέναι τὰ ὑγιεινά εἰ μὴ κατὰ συμβεβηκός ἀλλὰ τὸ εἰδέναι ὅτι ταῦτά ἐστιν ὑγιεινὰ ἐν τῷ χρῆσθαί ἐστιν αὐτοῖς ἀπὸ ἕξεως ἰατρικῆς τοῦτο δέ ἐστι τὸ πότε καὶ πῶς καὶ μέχρι πόσου προσφέρειν ὃ οὐ ῥᾴδιον διότι μηδὲ τὴν ἰατρικὴν κτήσασθαι ῥᾴδιον ὅσον δὴ ἔργον ἐστὶ καὶ δύσκολον τὸ ἰατρὸν γενέσθαι τοσοῦτον καὶ τὴν προσήκουσαν χρῆσιν αὐτῶν εἰδέναι Δι αὐτὸ δὲ τοῦτο καὶ τοῦ δικαίου οἴονται εἶναι οὐδὲν ἧττον τὸ ἀδικεῖν Δι ἣν αἰτίαν οἴονται οἱ ἄνθρωποι	Aristotle	Michael of Ephesus	Ethica Nicomachea	In librum quintum Ethicorum	
tlg0086.tlg010	2/#21	ancient_classical	4034.006	/14#2	11th_12th	0.1061	13	25	μοχθηρίαν κωλύει ὁ νόμος τὰ δὲ ποιητικὰ τῆς ὅλης ἀρετῆς ἐστὶ τῶν νομίμων ὅσα νενομοθέτηται περὶ παιδείαν τὴν πρὸς τὸ κοινόν περὶ δὲ τῆς καθ ἕκαστον παιδείας καθ ἣν ἁπλῶς ἀνὴρ ἀγαθός ἐστι πότερον τῆς πολιτικῆς ἐστὶν ἢ ἑτέρας ὕστερον	δὲ παιδείαν τοὺς πολίτας παιδεύει κατὰ τὴν πρὸς τὸ κοινὸν ἀναφοράν ἃ γὰρ τῷ κοινῷ καὶ τῇ καθεστηκυίᾳ πολιτείᾳ συμφέρει ταῦτα ὁ νομοθέτης ἀξιοῖ παιδεύεσθαι τοὺς μέλλοντας ἔσεσθαι ἀγαθοὺς πολίτας ταῦτα δὲ τὰ τοὺς ἀγαθοὺς πολίτας ποιοῦντά ἐστι καὶ ποιητικὰ τῆς ὅλης ἀρετῆς καὶ τῆς τοιαύτης ἤτοι τῆς ὅλης δικαιοσύνης εἰπὼν δὲ ὅτι τὰ ποιητικὰ τῆς ὅλης ἀρετῆς τῶν νομίμων ἐστὶν ὅσα νενομοθέτηται περὶ παιδείας τῆς πρὸς τοὺς πολίτας ἐπάγει λέγων περὶ δὲ τῆς καθ ἕκαστα παιδείας καθ ἣν ἁπλῶς ἀνὴρ ἀγαθός ἐστιν ὕστερον διοριστέον καὶ τοῦτο ποιήσει ἐν ταῖς	Aristotle	Michael of Ephesus	Ethica Nicomachea	In librum quintum Ethicorum	
tlg0086.tlg010	4/#11	ancient_classical	4034.006	/27#1	11th_12th	0.0998	14	20	τῇ ζημίᾳ ἰσάζειν ἀφαιρῶν τοῦ κέρδους λέγεται γὰρ ὡς ἁπλῶς εἰπεῖν ἐπὶ τοῖς τοιούτοις κἂν εἰ μή τισιν οἰκεῖον ὄνομα εἴη τὸ κέρδος οἷον τῷ πατάξαντι καὶ ἡ ζημία τῷ παθόντι ἀλλ ὅταν γε μετρηθῇ τὸ πάθος καλεῖται τὸ μὲν ζημία τὸ	Λέγεται γὰρ ὡς ἁπλῶς εἰπεῖν ἐπὶ τοῖς τοιούτοις κἂν εἰ μή τισιν οἰκεῖον ὄνομα δοκῇ Ἐπεὶ τὸ κέρδος καὶ ἡ ζημία ἐπὶ χρημάτων μόνων δοκεῖ λέγεσθαι καὶ ἐπὶ κτημάτων καὶ ὁ μὲν πλέον ἐπὶ τούτοις προσκτησάμενος κερδαίνειν ὁ δὲ ἔλαττον ἔχων ζημιοῦσθαι λέγεται ἐπισημαίνεται τοῦτο λέγων ὅτι κυρίως καὶ ἁπλῶς καὶ ἐπὶ τούτων ἤτοι τῆς ὕβρεως καὶ τῶν πληγῶν καὶ τοῦ φόνου τὸ κέρδος καὶ ἡ ζημία λέγεται καὶ οὐκ ἐπὶ μόνης τῆς εἰς χρήματα ὑπεροχῆς καὶ ἐλλείψεως κἂν μὴ δοκῇ τισιν οἰκεῖα ὀνόματα κεῖσθαι τὸ κέρδος καὶ ἡ ζημία ἐπὶ τῆς ὕβρεως καὶ τοῦ φόνου οἰκείως γὰρ καὶ ἐπὶ τούτων τὸ κερδαίνειν καὶ τὸ ζημιοῦσθαι λέγεται διὸ ἐπιφέρει λέγων ἀλλ ὅταν γε μετρηθῇ τὸ πάθος ἔστι δὲ τὸ μετρηθῇ ταὐτὸν τῷ	Aristotle	Michael of Ephesus	Ethica Nicomachea	In librum quintum Ethicorum	
tlg0086.tlg010	5/#25	ancient_classical	4034.006	/40#1	11th_12th	0.1777	8	28	αἱ πέντε κλῖναι τί μὲν οὖν τὸ ἄδικον καὶ τί τὸ δίκαιόν ἐστιν εἴρηται διωρισμένων δὲ τούτων δῆλον ὅτι ἡ δικαιοπραγία μέσον ἐστὶ τοῦ ἀδικεῖν καὶ ἀδικεῖσθαι τὸ μὲν γὰρ πλέον ἔχειν τὸ δ ἔλαττόν ἐστιν ἡ δὲ δικαιοσύνη μεσότης τίς ἐστιν οὐ τὸν αὐτὸν δὲ τρόπον ταῖς ἄλλαις ἀρεταῖς ἀλλ	ἐπανορθωτικόν καὶ τὸ ἀντικείμενον τούτοις ἄδικον εἴρηται Διωρισμένων δὲ τούτων δῆλον ὅτι καὶ ἡ δικαιοπραγία μέσον ἐστὶ τοῦ ἀδικεῖν καὶ ἀδικεῖσθαι Εἰ τὸ δίκαιον μέσον ἐστὶ τοῦ πλείονος καὶ ἐλάττονος ὅτι καὶ τῆς πλεονεξίας καὶ τῆς μειονεξίας μέσον δῆλον ὅτι καὶ τὸ τὰ δίκαια πράττειν καὶ τὸ δικαιοπραγεῖν εἴη ἂν μέσον τοῦ τε πλεονεκτεῖν καὶ πλεονεκτεῖσθαι ἤτοι τοῦ ἀδικεῖν καὶ ἀδικεῖσθαι ὥστε καὶ ἡ δικαιοπραγία μέση πλεονεξίας καὶ μειονεξίας ἡ δὲ δικαιοσύνη μεσότης ἐστὶν οὐ τὸν αὐτὸν τρόπον ταῖς ἀρεταῖς δείξας πῶς τὸ δίκαιον καὶ τὸ δικαιοπραγεῖν μέσον καὶ τίνων μέσον διὰ τῆς ἐπανορθωτικῆς παραθέσεως εὐλόγως ἐπιφέρει ὅτι ἡ δικαιοσύνη μεσότης ἐστὶν οὐ τὸν αὐτὸν τρόπον ταῖς προειρημέναις ἀρεταῖς ἐκεῖναι μὲν	Aristotle	Michael of Ephesus	Ethica Nicomachea	In librum quintum Ethicorum	
tlg0086.tlg010	6/#20	ancient_classical	4034.006	/42#2	11th_12th	0.0798	12	21	οἷον κλέπτης ἢ μοιχὸς ἢ λῃστής ἢ οὕτω μὲν οὐδὲν διοίσει καὶ γὰρ ἂν συγγένοιτο γυναικὶ εἰδὼς τὸ ᾗ ἀλλ οὐ διὰ προαιρέσεως ἀρχὴν ἀλλὰ διὰ πάθος ἀδικεῖ μὲν οὖν ἄδικος δ οὐκ ἔστιν οἷον οὐ κλέπτης ἔκλεψε δέ οὐδὲ μοιχός ἐμοίχευσε δέ ὁμοίως δὲ καὶ ἐπὶ τῶν ἄλλων πῶς μὲν οὖν ἔχει τὸ ἀντιπεπονθὸς πρὸς τὸ δίκαιον εἴρηται πρότερον δεῖ δὲ μὴ λανθάνειν ὅτι τὸ ζητούμενόν ἐστι καὶ τὸ ἁπλῶς δίκαιον καὶ τὸ πολιτικὸν δίκαιον τοῦτο δ	λέγων ἢ οὕτω μὲν οὐδὲν διοίσει ἔστι δὲ ὃ λέγει οὕτω μὲν δίχα προσδιορισμοῦ λεγόμενον δόξειεν ἂν μηδεμίαν ἔχειν διαφοράν ἀλλὰ πάντα τὸν ἄδικόν τι πράττοντα εὐθὺς ἄδικον εἶναι εἰ δέ τις ἐπιβλέπει εἰς τὸ τέλος καὶ οὗ ἕνεκα ποιεῖ τὸ ἄδικον εὑρήσει πολλοὺς ἄδικα μὲν πράττοντας ἀδίκους δὲ μὴ ὄντας καὶ ὃ μὲν βούλεται λέγειν τοῦτό ἐστιν ἐν δὲ τῇ λέξει τῇ εἰδὼς τὸ ᾗ ταὐτόν ἐστι τῷ εἰδὼς ᾗτινι γυναικὶ μίγνυται οἷον ὑπάνδρῳ ἀλλ ὅμως οὐ μοιχός ἐστιν οὐ γὰρ δι ἀκολασίαν ἐμίχθη ἀλλὰ διὰ τὰ χρήματα ἄδικος μὲν γὰρ ὁ βουλόμενος καὶ προαιρούμενος ὁ δὲ μὴ διὰ προαίρεσιν ἀλλὰ διὰ πάθος πράξας ἀδικεῖ μέν ἄδικος δ οὐκ ἔστι Δεῖ δὲ μὴ λανθάνειν ὅτι τὸ ζητούμενόν ἐστι καὶ τὸ ἁπλῶς δίκαιον Τὸ ἁπλῶς ἀντὶ τοῦ κυρίως καὶ	Aristotle	Michael of Ephesus	Ethica Nicomachea	In librum quintum Ethicorum	
tlg0086.tlg010	1/#33	ancient_classical	4034.006	/7#1	11th_12th	0.1141	9	16	ὥστε ἕνα μὲν τρόπον δίκαια λέγομεν τὰ ποιητικὰ καὶ φυλακτικὰ εὐδαιμονίας καὶ τῶν μορίων αὐτῆς τῇ πολιτικῇ κοινωνίᾳ προστάττει δ ὁ νόμος καὶ τὰ τοῦ ἀνδρείου ἔργα ποιεῖν οἷον μὴ λείπειν τὴν τάξιν μηδὲ φεύγειν μηδὲ ῥιπτεῖν τὰ ὅπλα καὶ τὰ τοῦ σώφρονος οἷον μὴ μοιχεύειν μηδ ὑβρίζειν καὶ τὰ τοῦ πράου οἷον μὴ τύπτειν μηδὲ κακηγορεῖν ὁμοίως δὲ καὶ κατὰ τὰς ἄλλας ἀρετὰς καὶ μοχθηρίας τὰ μὲν κελεύων τὰ δ ἀπαγορεύων ὀρθῶς μὲν ὁ κείμενος ὀρθῶς χεῖρον δ ὁ ἀπεσχεδιασμένος αὕτη μὲν οὖν ἡ δικαιοσύνη ἀρετὴ μέν ἐστι τελεία ἀλλ οὐχ ἁπλῶς ἀλλὰ πρὸς ἕτερον	δὲ ἕνα τρόπον δίκαια λέγεσθαι καὶ τὰ ποιητικὰ καὶ φυλακτικὰ εὐδαιμονίας καὶ τῶν μορίων αὐτῆς ἐπήγαγε τῇ πολιτικῇ κοινωνίᾳ διότι οἱ νομοθέται περὶ τῶν κατὰ τὰς ἀρετὰς διαγορεύουσιν οὐχ ἁπλῶς τὴν φύσιν τῶν ἀρετῶν σκοποῦντες ἥτις ἐστὶν ἑκάστη αὐτῶν καὶ τί τὸ τί ἦν εἶναί ἐστιν αὐτῶν καὶ ἡ οὐσία ἀλλὰ στοχα ζόμενοι τοῦ κοινῇ συμφέροντος καὶ ἐπ ἐκεῖνο τὴν ἀναφορὰν ποιούμενοι προστάττουσι τὰ κατὰ τὰς ἀρετὰς πράττειν ἀπεσχεδιασμένον δὲ νόμον λέγει τὸν μὴ ἐκ πολλῆς μελέτης καὶ ἐξετάσεως τεθέντα ἀλλ ἀθρόον καὶ ἀμελετήτως Αὕτη οὖν ἡ δικαιοσύνη ἀρετὴ μέν ἐστι τελεία Τριχῶς ἡ τελεία ἀρετὴ λέγεται λέγεται	Aristotle	Michael of Ephesus	Ethica Nicomachea	In librum quintum Ethicorum	
tlg0086.tlg010	3/#24	ancient_classical	4034.006	/19#3	11th_12th	0.0958	8	19	δύο καὶ ἡ αὐτὴ ἔσται ἰσότης οἷς καὶ ἐν οἷς ὡς γὰρ ἐκεῖνα ἔχει τὰ ἐν οἷς οὕτω κἀκεῖνα ἔχει εἰ γὰρ μὴ ἴσοι οὐκ ἴσα ἕξουσιν ἀλλ ἐντεῦθεν αἱ μάχαι καὶ τὰ ἐγκλήματα ὅταν ἢ μὴ ἴσα ἴσοι ἢ μὴ ἴσοι ἴσα ἔχωσι καὶ νέμωνται ἔτι ἐκ τοῦ κατ ἀξίαν τοῦτο δῆλον τὸ γὰρ δίκαιον ἐν ταῖς νομαῖς	πράγματα τοῦτο γὰρ ἐδήλωσε διὰ τοῦ οἷς καὶ ἐν οἷς λέγων οἷς τοὺς ἀνθρώπους ἐν οἷς δὲ τὰ πράγματα ὡς γὰρ οἱ ἄνθρωποι ἔχουσι πρὸς ἀλλήλους καὶ τὰ σφίσι διδόμενα ἕξει καὶ ὡς αὐτά οὕτω κἀκεῖνοι ὡς γὰρ ἐκεῖνα ἔχει τὰ ἐν οἷς ἤτοι ὡς γὰρ οἱ ἄνθρωποι ἔχουσι πρὸς ἀλλήλους οὕτω κἀκεῖνα ἕξουσι τὰ χρήματα δηλονότι δύναται τὸ ὡς γὰρ ἐκεῖνα ἔχει τὰ ἐν οἷς εἰρῆσθαι περὶ τῶν πραγμάτων τὸ δὲ κἀκεῖνα ἔχει περὶ τῶν πολιτῶν ὅταν μὲν οὖν οὕτω γίνηται ἡ διανομή καὶ ἕκαστοι τὰ ἴσα καὶ ἁρμόζοντα αὐτοῖς ἔχωσιν εἰρηνεύει ἡ πόλις ὅταν δὲ οἱ ἄνισοι ἴσα ἔχωσιν ἢ οἱ κρείττους ἐλάττω οἱ δὲ χείρους πλείω ἔχωσι καὶ νέμωνται τότε μάχαι καὶ ἐγκλήματα καὶ στάσεις κατ ἀλλήλων Ἔτι ἐκ τοῦ κατ ἀξίαν τοῦτο δῆλον Εἰπὼν	Aristotle	Michael of Ephesus	Ethica Nicomachea	In librum quintum Ethicorum	
tlg0086.tlg010	5/#25	ancient_classical	4034.006	/40#2	11th_12th	0.1028	13	17	ἐστιν ἡ δὲ δικαιοσύνη μεσότης τίς ἐστιν οὐ τὸν αὐτὸν δὲ τρόπον ταῖς ἄλλαις ἀρεταῖς ἀλλ ὅτι μέσου ἐστίν ἡ δ ἀδικία τῶν ἄκρων καὶ ἡ μὲν δικαιοσύνη ἐστὶ καθ ἣν ὁ δίκαιος λέγεται πρακτικὸς κατὰ προαίρεσιν τοῦ δικαίου καὶ διανεμητικὸς καὶ αὑτῷ	εὐλόγως ἐπιφέρει ὅτι ἡ δικαιοσύνη μεσότης ἐστὶν οὐ τὸν αὐτὸν τρόπον ταῖς προειρημέναις ἀρεταῖς ἐκεῖναι μὲν γὰρ β κακιῶν ἦσαν μεταξύ ἡ μὲν ἀνδρία δειλίας καὶ θρασύτητος ἡ σωφροσύνη ἀκολασίας καὶ ἠλιθιότητος καὶ αἱ ἄλλαι ὁμοίως μέσαι ὑπερβολῆς καὶ ἐνδείας τοῦ μέσου οὖσαι πρακτικαὶ καὶ προαιρετικαί ἡ δὲ δικαιοσύνη οὐκέτι δύο κακιῶν ἐστι μέση μία γὰρ αὐτῇ ἐστιν ἐναντία ἡ ἀδικία ἣ θεωρεῖται ἐν τῷ ἀδικοῦντι καὶ ἀδικουμένῳ ὧν ὁ μὲν ἀδικῶν ἐστιν ὁ τὸ πλέον ἔχων ὁ δ ἀδικούμενος ὁ τὸ ἔλαττον μέσον δὲ τοῦ πλείονος καὶ ἐλάττονος ἡ δικαιοσύνη τοῦ ἴσου οὖσα πρακτική καὶ ἐπεὶ πρακτική ἐστι τοῦ ἴσου τὸ δὲ ἴσον μέσον καὶ αὐτὴ ἄρα μεσότης ὅτι τοῦ μέσου καὶ ἴσου ἐστί Καὶ ἡ μὲν δικαιοσύνη ἐστὶ καθ ἣν ὁ δίκαιος λέγεται πρακτικὸς κατὰ προαίρεσιν Πάνυ καλῶς προσέθηκε τὸ	Aristotle	Michael of Ephesus	Ethica Nicomachea	In librum quintum Ethicorum	
tlg0086.tlg010	7/#23	ancient_classical	4034.006	/46#1	11th_12th	0.0787	11	24	ἀλαζὼν φαίνεται τῷ ἀληθευτικῷ χείρων γάρ τοῦ δὲ πολιτικοῦ δικαίου τὸ μὲν φυσικόν ἐστι τὸ δὲ νομικόν φυσικὸν μὲν τὸ πανταχοῦ τὴν αὐτὴν ἔχον δύναμιν καὶ οὐ τῷ δοκεῖν ἢ μή νομικὸν δὲ ὃ ἐξ ἀρχῆς μὲν	τῆς τῶν εἰσκομιζομένων σωτηρίας καὶ φυλακῆς Τοῦ δὲ πολιτικοῦ δικαίου τὸ μὲν φυσικὸν τὸ δὲ νομικόν φυσικὸν μὲν τὸ πανταχοῦ τὴν αὐτὴν ἔχον δύναμιν Τὸ πανταχοῦ ἀντὶ τοῦ παρὰ τοῖς πλείστοις καὶ ἀδιαστρόφοις καὶ κατὰ φύσιν ἔχουσι παρὰ γὰρ τοῖς θηριώδεσι καὶ παντάπασι τὸν νοῦν ἐκτετυ φλωμένοις καὶ μόνην τὴν ζῳώδη διώκουσιν ἡδονὴν οὐκ ἔστι τὸ πολιτικὸν δίκαιον ἔστι δὲ κατὰ φύσιν δίκαιον καὶ ἐν τοῖς πλείστοις τὸ σέβειν τὸ θεῖον τὸ τιμᾶν τὸν πατέρα καὶ τὴν μητέρα τὸ ἐπαρκεῖν ἐνδεέσι τὸ τοῖς πλανωμένοις τὴν ὁδὸν ἐπιδεικνύειν τὸν ἐξ ὀλισθήματος πεπτωκότα ἐπανορ θοῦν εἰπὼν δὲ φυσικὸν τὸ πανταχοῦ τὴν αὐτὴν ἔχον δύναμιν ἐπή νεγκε καὶ οὐ τῷ δοκεῖν ἢ μή χωρίζων αὐτὸ ἀπὸ τοῦ νομικοῦ δικαίου	Aristotle	Michael of Ephesus	Ethica Nicomachea	In librum quintum Ethicorum	
tlg0086.tlg010	7/#25	ancient_classical	4034.006	/48#2	11th_12th	0.0489	15	22	μόνον πανταχοῦ κατὰ φύσιν ἡ ἀρίστη τῶν δὲ δικαίων καὶ νομίμων ἕκαστον ὡς τὰ καθόλου πρὸς τὰ καθ ἕκαστα ἔχει τὰ μὲν γὰρ πραττόμενα πολλά ἐκείνων δ ἕκαστον ἕν καθόλου γάρ διαφέρει δὲ τὸ ἀδίκημα καὶ τὸ ἄδικον καὶ τὸ δικαίωμα καὶ τὸ δίκαιον ἄδικον μὲν γάρ ἐστι τῇ	τῇ ἀριστοκρατίᾳ ὥστε ἐπεὶ ἄλλο μὲν τὸ δίκαιον καὶ τὸ συμφέρον τῇ δημοκρατίᾳ ἄλλο δὲ τῇ ἀριστοκρατίᾳ ἐπειδὰν ἡ πολιτεία οἷον ἡ δημοκρατία μεταπέσῃ εἰς ἀριστοκρατίαν ἢ αὕτη εἰς ἐκείνην δι ἃς αἰτίας λέγει ἐν ταῖς Πολιτείαις τὰς μεταπτώσεις αὐτῶν γίνεσθαι ἀνάγκη καὶ τὰ νομικὰ δίκαια μεταπίπτειν οὔκ εἰσι δὲ πανταχοῦ καὶ παρὰ πᾶσιν αἱ αὐταὶ πολιτεῖαι διότι μὴ φύσει ἀλλὰ νόμῳ καὶ κατὰ συνθήκην συνίστανται καὶ χρῶνται καὶ δικαίοις τοιούτοις ἡ μέντοι ἀρίστη πολιτεία ἥτις δέ ἐστιν αὕτη εἴρηκεν ἐν ταῖς Πολιτείαις ἀεὶ καὶ παρὰ πᾶσι τοῖς κατὰ φύσιν ἔχουσιν ἡ αὐτή ἐστι Τῶν δὲ δικαίων καὶ νομίμων ἕκαστον ὡς τὰ καθόλου πρὸς τὰ καθ ἕκαστα ἔχει Τὰ νόμιμα φησί καὶ τὰ δίκαια	Aristotle	Michael of Ephesus	Ethica Nicomachea	In librum quintum Ethicorum	
tlg0086.tlg010	8/#20	ancient_classical	4034.006	/51#1	11th_12th	0.0952	11	19	ἄν τις τῶν ἐφ αὑτῷ ὄντων εἰδὼς καὶ μὴ ἀγνοῶν πράττῃ μήτε ὃν μήτε ᾧ μήτε οὗ ἕνεκα οἷον τίνα τύπτει καὶ τίνι καὶ τίνος ἕνεκα κἀκείνων ἕκαστον μὴ κατὰ συμβεβηκὸς μηδὲ βίᾳ ὥσπερ εἴ τις λαβὼν τὴν χεῖρα αὐτοῦ τύπτοι ἕτερον οὐχ	καὶ τἆλλα ὑπαγόμενα τούτοις εἰπὼν δὲ εἰδὼς καὶ μὴ ἀγνοῶν πράττῃ μήτε ὃν μήτε ᾧ μήτε οὗ καὶ τίνος ἕνεκα ἐπήγαγε μὴ κατὰ συμβεβηκὸς μηδὲ βίᾳ τουτέστιν ἐν οἷς τὸ ἑκούσιον μὴ ᾖ κατὰ συμβεβηκὸς μηδὲ βίᾳ καὶ εἴη ἂν λέγων μὴ τὸ μὲν αὐτῶν κατὰ συμβεβηκός	Aristotle	Michael of Ephesus	Ethica Nicomachea	In librum quintum Ethicorum	
tlg0086.tlg010	9/#14	ancient_classical	4034.006	/59#2	11th_12th	0.1103	14	28	οὐχ ἃ οἴεται δεῖν πράττειν πράττει ὁ δὲ τὰ αὑτοῦ διδούς ὥσπερ Ὅμηρός φησι δοῦναι τὸν Γλαῦκον τῷ Διομήδει χρύσεα χαλκείων ἑκατόμβοι ἐννεαβοίων οὐκ ἀδικεῖται ἐπ αὐτῷ γάρ ἐστι τὸ διδόναι τὸ δ ἀδικεῖσθαι οὐκ ἐπ αὐτῷ ἀλλὰ τὸν ἀδικοῦντα δεῖ ὑπάρχειν περὶ μὲν οὖν τοῦ ἀδικεῖσθαι ὅτι οὐχ ἑκούσιον δῆλον ἔτι δ ὧν προειλόμεθα δύ ἔστιν εἰπεῖν πότερόν ποτ ἀδικεῖ ὁ νείμας παρὰ τὴν ἀξίαν τὸ	αἴτιος τοῦ ἡττᾶσθαι ὑπὸ τῆς ἡδονῆς ὁ δὲ τὰ αὑτοῦ διδοὺς ὡς Ὅμηρός φησι δοῦναι τὸν Γλαῦκον τῷ Διομήδει χρύσεα χαλκείων οὐδὲ ὁ Γλαῦκος φησίν ἠδίκησεν ἑαυτόν ὅτι ἑκὼν δέδωκε τὰ ἑαυτοῦ ὅτι δὲ ἑκὼν δέδωκε δείκνυσι προσχρώμενος τῷ ἐπ αὐτῷ εἶναι τὸ μὴ δοῦναι τὰ ἑαυτοῦ ὡς οὖν ὁ Διομήδης οὕτω καὶ οἱ ἀκρατεῖς ἑκόντες τὰ οἰκεῖα προΐενται εἰ δὲ ἑκόντες διδόασιν ἔστι δὲ ἡ δόσις αὐτοῖς βλαβερά ἑκόντες βλάπτονται τὸ δ ἀδικεῖσθαι οὐκ ἦν ἐν τῷ ἑκόντα βλάπτεσθαι ἀλλ ἐν τῷ ἄκοντα τοῦ γὰρ ἀδικεῖσθαι ἡ ἀρχὴ οὐκ ἐν τῷ ἀδικουμένῳ ἐστίν ἀλλ ἐν τῷ ἀδικοῦντι Ἔτι δ ὧν προειλόμεθα δύο ἔστιν εἰπεῖν πότερόν ποτε ἀδικεῖ Περὶ τῶν δύο ἀποριῶν ἃς προτίθησιν	Aristotle	Michael of Ephesus	Ethica Nicomachea	In librum quintum Ethicorum	
tlg0086.tlg010	9/#15	ancient_classical	4034.006	/60#2	11th_12th	0.1103	10	26	ἔστιν αὐτὸν αὑτὸν ἀδικεῖν εἰ γὰρ ἐνδέχεται τὸ πρότερον λεχθὲν καὶ ὁ διανέμων ἀδικεῖ ἀλλ οὐχ ὁ ἔχων τὸ πλέον εἴ τις πλέον αὑτοῦ ἑτέρῳ νέμει εἰδὼς καὶ ἑκών οὗτος αὐτὸς αὑτὸν ἀδικεῖ ὅπερ δοκοῦσιν οἱ μέτριοι ποιεῖν ὁ γὰρ ἐπιεικὴς ἐλαττωτικός ἐστιν ἢ οὐδὲ τοῦτο ἁπλοῦν ἑτέρου γὰρ ἀγαθοῦ εἰ ἔτυχεν πλεονεκτεῖ οἷον δόξης ἢ τοῦ ἁπλῶς καλοῦ ἔτι λύεται κατὰ τὸν διορισμὸν τοῦ ἀδικεῖν οὐδὲν γὰρ παρὰ τὴν αὑτοῦ πάσχει βούλησιν ὥστε οὐκ ἀδικεῖται διά γε τοῦτο ἀλλ εἴπερ βλάπτεται μόνον φανερὸν δὲ ὅτι καὶ ὁ διανέμων ἀδικεῖ ἀλλ οὐχ ὁ τὸ πλέον ἔχων ἀεί οὐ γὰρ ᾧ τὸ ἄδικον ὑπάρχει ἀδικεῖ ἀλλ ᾧ τὸ ἑκόντα τοῦτο ποιεῖν τοῦτο δ ὅθεν ἡ ἀρχὴ τῆς πράξεως ἥ ἐστιν ἐν τῷ διανέμοντι ἀλλ οὐκ ἐν τῷ λαμβάνοντι ἔτι ἐπεὶ πολλαχῶς τὸ ποιεῖν	ἄκων ἐλαττοῦται καὶ βλάπτεται ἐν ᾧ ἦν τὸ ἀδικεῖσθαι ἀλλ οὐκ ἐν τῷ ἁπλῶς βλάπτεσθαι εἰ δὲ μὴ ἀδικεῖται οὐδ ἂν ἀδικοίη ἐν τῇ οὕτω γινομένῃ ἀνίσῳ νομῇ πᾶς γὰρ ὁ ἀδικῶν τινὰ ἀδικεῖ ὁ δὲ οὕτω νέμων οὔτε τὸν ᾧ πλέον νέμει ἀδικεῖ οὔτε ἑαυτὸν τὸν ᾧ τὸ ἔλαττον ἃ μὲν οὖν λέγει ταῦτα κατὰ δὲ τὴν λέξιν εἰ ἐνδέχεται τὸ πρότερον λεχθὲν τοιοῦτόν ἐστιν εἰ ἐνδέχεται τὸν ἀδικοῦντα εἶναι τὸν ἀνίσως διανέ μοντα καὶ μὴ τὸν ἔχοντα ὡς λαμβάνοντα τὸ πλέον ἔσται ἑαυτὸν ἀδικεῖν φανερὸν δὲ καὶ ὅτι ὁ διανέμων ἀδικεῖ ἀλλ οὐχ ὁ τὸ πλέον ἔχων ἀεί λύσας τὸ δοκοῦν ἐνίστασθαι τῷ εἶναι	Aristotle	Michael of Ephesus	Ethica Nicomachea	In librum quintum Ethicorum	
tlg0086.tlg010	9/#15	ancient_classical	4034.006	/60#4	11th_12th	0.0792	8	19	οὐχ ὁ τὸ πλέον ἔχων ἀεί οὐ γὰρ ᾧ τὸ ἄδικον ὑπάρχει ἀδικεῖ ἀλλ ᾧ τὸ ἑκόντα τοῦτο ποιεῖν τοῦτο δ ὅθεν ἡ ἀρχὴ τῆς πράξεως ἥ ἐστιν ἐν τῷ διανέμοντι ἀλλ οὐκ ἐν τῷ λαμβάνοντι ἔτι ἐπεὶ πολλαχῶς τὸ ποιεῖν λέγεται	τὸ πλέον ἔχων οὐκ ἀεὶ ἀδικεῖ οὐ γὰρ ᾧ τὸ ἄδικον ὑπάρχει ἤδη καὶ ἀδικεῖ ἀλλὰ δεῖ πρὸς τῷ ὑπάρχειν αὐτῷ τὸ ἄδικον προσεῖναι καὶ τὸ ἑκόντα τοῦτο πεποιηκέναι καὶ ὡς εἶπε πολλάκις καὶ μετὰ προαιρέσεως ἑκὼν δὲ ποιεῖ ἐν ᾧ ἡ ἀρχὴ τῆς πράξεως ἡ δὲ τῆς πράξεως ἀρχὴ ἐν τῷ διανέμοντι ἀλλ οὐκ ἐν τῷ λαβόντι	Aristotle	Michael of Ephesus	Ethica Nicomachea	In librum quintum Ethicorum	
tlg0086.tlg010	9/#17	ancient_classical	4034.006	/64#2	11th_12th	0.0576	14	24	οἴονται εἶναι τὸ ἀδικεῖν διὸ καὶ τὸ δίκαιον εἶναι ῥᾴδιον τὸ δ οὐκ ἔστιν συγγενέσθαι μὲν γὰρ τῇ τοῦ γείτονος καὶ πατάξαι τὸν πλησίον καὶ δοῦναι τῇ χειρὶ τὸ ἀργύριον ῥᾴδιον καὶ ἐπ αὐτοῖς ἀλλὰ τὸ ὡδὶ ἔχοντας ταῦτα ποιεῖν οὔτε ῥᾴδιον οὔτ ἐπ αὐτοῖς ὁμοίως δὲ καὶ τὸ γνῶναι τὰ δίκαια καὶ τὰ ἄδικα οὐδὲν οἴονται σοφὸν εἶναι ὅτι περὶ ὧν οἱ νόμοι λέγουσιν οὐ χαλεπὸν συνιέναι ἀλλ οὐ ταῦτ ἐστὶ τὰ δίκαια ἀλλ ἢ κατὰ συμβεβηκός ἀλλὰ πῶς πραττόμενα καὶ πῶς νεμόμενα δίκαια τοῦτο δὴ πλέον ἔργον ἢ τὰ ὑγιεινὰ εἰδέναι ἐπεὶ κἀκεῖ μέλι καὶ οἶνον καὶ ἐλλέβορον καὶ καῦσιν καὶ τομὴν εἰδέναι ῥᾴδιον ἀλλὰ πῶς δεῖ νεῖμαι πρὸς ὑγίειαν καὶ τίνι καὶ πότε τοσοῦτον ἔργον ὅσον ἰατρὸν εἶναι δι αὐτὸ δὲ τοῦτο καὶ τοῦ δικαίου οἴονται εἶναι οὐδὲν ἧττον τὸ ἀδικεῖν ὅτι οὐχ ἧττον ὁ δίκαιος ἀλλὰ	αὐτῶν εἰδέναι Δι αὐτὸ δὲ τοῦτο καὶ τοῦ δικαίου οἴονται εἶναι οὐδὲν ἧττον τὸ ἀδικεῖν Δι ἣν αἰτίαν οἴονται οἱ ἄνθρωποι ῥᾴδιον εἶναι τὸ εἰδέναι τὰ δίκαια καὶ τὰ ἄδικα οἴονται δὲ ῥᾴδιον εἶναι διὰ τὸ	Aristotle	Michael of Ephesus	Ethica Nicomachea	In librum quintum Ethicorum	
tlg0086.tlg010	9/#18	ancient_classical	4034.006	/64#2	11th_12th	0.0789	14	18	πότε τοσοῦτον ἔργον ὅσον ἰατρὸν εἶναι δι αὐτὸ δὲ τοῦτο καὶ τοῦ δικαίου οἴονται εἶναι οὐδὲν ἧττον τὸ ἀδικεῖν ὅτι οὐχ ἧττον ὁ δίκαιος ἀλλὰ καὶ μᾶλλον δύναιτ ἂν ἕκαστον πρᾶξαι τούτων καὶ γὰρ συγγενέσθαι γυναικὶ καὶ πατάξαι καὶ ὁ ἀνδρεῖος τὴν ἀσπίδα ἀφεῖναι	αὐτῶν εἰδέναι Δι αὐτὸ δὲ τοῦτο καὶ τοῦ δικαίου οἴονται εἶναι οὐδὲν ἧττον τὸ ἀδικεῖν Δι ἣν αἰτίαν οἴονται οἱ ἄνθρωποι ῥᾴδιον εἶναι τὸ εἰδέναι τὰ δίκαια καὶ τὰ ἄδικα οἴονται δὲ ῥᾴδιον εἶναι διὰ τὸ οἴεσθαι δίκαιον καὶ ἄδικόν τινα εἶναι ὅτε θέλει ἐπ αὐτῷ εἶναι διὰ ταύτην τὴν αἰτίαν ἡγοῦνται καὶ τοῦ δικαίου μηδὲν ἧττον εἶναι τὰ ἄδικα ποιεῖν ἢ τοῦ ἀδίκου ἀλλὰ καὶ μᾶλλον μᾶλλον γάρ φασι τὸν δίκαιον δύνασθαι ποιεῖν τὰ ἄδικα τοῦ ἀδίκου καὶ ἁπλῶς τῶν πολλῶν καὶ τυχόντων μᾶλλον γὰρ ὁ δίκαιος τοῦ τυχόντος δύναται συγγενέσθαι γυναικὶ καὶ πατάξαι τὸν γείτονα καὶ τὸν ἀνδρεῖον μᾶλλον	Aristotle	Michael of Ephesus	Ethica Nicomachea	In librum quintum Ethicorum	
tlg0086.tlg010	1/#29	ancient_classical	4034.006	/2#3	11th_12th	0.0568	12	12	ὡς ἐν τύπῳ ὑποκείσθω ταῦτα οὐδὲ γὰρ τὸν αὐτὸν ἔχει τρόπον ἐπί τε τῶν ἐπιστημῶν καὶ δυνάμεων καὶ ἐπὶ τῶν ἕξεων δύναμις μὲν γὰρ	ἐν ὑπογραφῇ τοῦτο ἔστω δικαιοσύνη οὐ γὰρ τὸν αὐτὸν ἔχει τρόπον ἐπί τε τῶν ἐπιστημῶν καὶ δυνάμεων καὶ τῶν ἕξεων ἰδίως νῦν ἕξεις εἶπε τὰς ἀρετὰς ἀντιδιαιρῶν καὶ χωρίζων αὐτὰς ἀπὸ τῶν ἐπιστημῶν καὶ δυνάμεων ἐπεὶ ὅτι καὶ τὰς ἐπιστήμας ἕξεις	Aristotle	Michael of Ephesus	Ethica Nicomachea	In librum quintum Ethicorum	
tlg0086.tlg010	4/#10	ancient_classical	4034.006	/25#1	11th_12th	0.0611	10	10	τούτῳ τὸ παρὰ τὸ ἀνάλογόν ἐστιν τὸ δ ἐν τοῖς συναλλάγμασι δίκαιον ἐστὶ μὲν ἴσον τι καὶ τὸ ἄδικον ἄνισον ἀλλ οὐ	καὶ τὰ διδόμενα πρὸς τοὺς εἰσενεγκαμένους Τὸ δ ἐν τοῖς συναλλάγμασι δίκαιον ἔστι μὲν ἴσον τι Τὸ δὲ τὶ προσκείμενον δηλωτικόν ἐστι	Aristotle	Michael of Ephesus	Ethica Nicomachea	In librum quintum Ethicorum	
tlg0086.tlg010	5/#23	ancient_classical	4034.006	/38#1	11th_12th	0.112	11	19	ἦν ἀντιπεπονθέναι οὐκ ἂν ἦν κοινωνία ὅτι δ ἡ χρεία συνέχει ὥσπερ ἕν τι ὄν δηλοῖ ὅτι ὅταν μὴ ἐν χρείᾳ ὦσιν ἀλλήλων ἢ ἀμφότεροι ἢ ἅτερος οὐκ ἀλλάττονται ὥσπερ ὅταν οὗ ἔχει αὐτὸς δέηταί τις οἷον οἴνου διδόντες σίτου ἐξαγωγήν δεῖ ἄρα τοῦτο ἰσασθῆναι ὑπὲρ δὲ τῆς μελλούσης ἀλλαγῆς εἰ νῦν μηδὲν δεῖται ὅτι ἔσται ἂν δεηθῇ τὸ νόμισμα οἷον ἐγγυητής	Ὅτι δὲ ἡ χρεία συνέχει ὥσπερ ἕν τι ὄν Εἶπε καὶ πρότερον ὅτι τὸ συνέχον τὰς πολιτείας ἡ χρεία ἐστί καὶ πάλιν διὰ τούτων τὸ αὐτὸ πιστοῦται ἐκ τῶν ὁσημέραι γινομένων ἕως μὲν γὰρ ὁ μέν τις ἔχει οἶνον μόνον ὁ δὲ σῖτον μόνον καὶ δέονται ὁ μὲν τὸν σῖτον ἔχων οἴνου ὁ δὲ τὸν οἶνον σίτου ἀλλάττονται πρὸς ἀλλήλους καὶ στέργουσιν ἀλλήλους ὅταν δὲ ὁ ἔχων ἢ καὶ γεωργῶν τὸν σῖτον ἀμπέλων εὐπορήσῃ καὶ ὁ τὰς ἀμπέλους ἔχων σῖτον γεωργεῖν δυνήσεται οὐκ ἀλλάτ τονται οὐδὲ κοινωνοῦσι διὰ τὸ μὴ ἐν χρείᾳ ἀλλήλων εἶναι Ὑπὲρ δὲ τῆς μελλούσης ἀλλαγῆς εἰ νῦν μηδὲν δεῖται ὅτι ἔσται Πῶς εὕρηται νόμισμα διὰ τούτων λέγει	Aristotle	Michael of Ephesus	Ethica Nicomachea	In librum quintum Ethicorum	
tlg0086.tlg010	6/#21	ancient_classical	4034.006	/44#2	11th_12th	0.0846	8	30	πρὸς τὸ εἶναι αὐτάρκειαν ἐλευθέρων καὶ ἴσων ἢ κατ ἀναλογίαν ἢ κατ ἀριθμόν ὥστε ὅσοις μή ἐστι τοῦτο οὐκ ἔστι τούτοις πρὸς ἀλλήλους τὸ πολιτικὸν δίκαιον ἀλλά τι δίκαιον καὶ καθ ὁμοιότητα ἔστι γὰρ δίκαιον οἷς καὶ νόμος πρὸς αὑτούς νόμος δ ἐν οἷς ἀδικία ἡ γὰρ δίκη κρίσις τοῦ δικαίου καὶ τοῦ ἀδίκου ἐν οἷς δ ἀδικία καὶ τὸ ἀδικεῖν ἐν τούτοις ἐν οἷς δὲ τὸ ἀδικεῖν οὐ πᾶσιν ἀδικία τοῦτο δ ἐστὶ τὸ πλέον αὑτῷ νέμειν τῶν ἁπλῶς ἀγαθῶν ἔλαττον δὲ τῶν ἁπλῶς κακῶν διὸ οὐκ ἐῶμεν ἄρχειν ἄνθρωπον ἀλλὰ τὸν λόγον ὅτι ἑαυτῷ τοῦτο ποιεῖ καὶ γίνεται τύραννος ἔστι δ ὁ ἄρχων φύλαξ τοῦ δικαίου εἰ δὲ τοῦ δικαίου καὶ τοῦ ἴσου ἐπεὶ δ οὐθὲν αὐτῷ πλέον εἶναι	ἀγαθά πλοῦτος ἰσχύς εὐγένεια τὰ ὅμοια Διὸ οὐκ ἐῶμεν ἄρχειν ἄνθρωπον ἀλλὰ τὸν λόγον Διὰ τὸ τοὺς ἀνθρώπους δύνασθαι ἀδικεῖν καὶ τῶν μὲν ἁπλῶς ἀγαθῶν νέμειν ἑαυτοῖς τὰ πλείονα τῶν δὲ κακῶν τὰ ἐλάττονα καὶ τυραννίσιν ἐπι τίθεσθαι τῷ ἀκωλύτως ἐξουσίαν ἔχειν ὃ βούλοιντο ποιεῖν διὰ ταῦτα δὴ οὐκ ἐῶμεν ἄνθρωπον ἄρχειν ἀλλ ἀντὶ ἀνθρώπου τὸν λόγον ἄρχειν καθιστῶ μεν λέγει δὲ λόγον τὸν ἄρχοντα τὸν σπουδαῖον τὸν μετὰ λόγου καὶ φρονήσεως ἐνεργοῦντα ὁ τοιοῦτος γὰρ οὐδέποτ ἂν ἀδικήσειεν ὁ γὰρ ὄντως ἄρχων καὶ μὴ ψευδόμενος τοῦ ἄρχοντος τοὔνομα φύλαξ ἐστὶ τοῦ δικαίου καὶ τοῦ ἴσου τοῦ κατὰ ἀναλογίαν ἢ κατὰ ἀριθμόν ἃ μὲν οὖν λέγει ταῦτα ἐν δὲ τῇ λέξει τῇ ὅτι ἑαυτῷ τοῦτο ποιεῖ καὶ γίνεται τύραννος οὐ περὶ τοῦ λόγου ἤτοι τοῦ	Aristotle	Michael of Ephesus	Ethica Nicomachea	In librum quintum Ethicorum	
tlg0086.tlg010	8/#23	ancient_classical	4034.006	/54#1	11th_12th	0.082	9	17	ἐκ προαιρέσεως ἄδικος καὶ μοχθηρός διὸ καλῶς τὰ ἐκ θυμοῦ οὐκ ἐκ προνοίας κρίνεται οὐ γὰρ ἄρχει ὁ θυμῷ ποιῶν ἀλλ ὁ ὀργίσας ἔτι δὲ οὐδὲ περὶ τοῦ γενέσθαι ἢ μὴ ἀμφισβητεῖται ἀλλὰ περὶ τοῦ δικαίου ἐπὶ φαινομένῃ	καλῶς τὰ ἐκ θυμοῦ οὐκ ἐκ προνοίας κρίνεται ὁ διὰ θυμὸν ποιήσας εἰδὼς μὲν ἐποίησε καὶ ἑκών οὐ προβουλεύσας δὲ οὐδὲ προελόμενος ὁ γὰρ ὑβρισθεὶς καὶ διὰ τοῦτο τρώσας οὐκ ἐν ἑαυτῷ τὴν ἀρχὴν ἔχει ἀλλ ἐν τῷ ὑβρίσαντί ἐστιν ὁ γὰρ ὑβρίσας γέγονεν ἀρχὴ καὶ αἴτιος τοῦ κινηθῆναι εἰς ἀνθύβρισιν τὸν ὑβρισθέντα Ἔτι δὲ οὐδὲ περὶ τοῦ γενέσθαι ἢ μὴ ἀμφισβητεῖται Ταῦτα ὡς σημεῖα παρατίθεται τοῦ τοὺς	Aristotle	Michael of Ephesus	Ethica Nicomachea	In librum quintum Ethicorum	
tlg0086.tlg010	11/#8	ancient_classical	4034.006	/70#3	11th_12th	0.0972	10	14	ποιεῖ ἔτι εἴη ἂν ἑκόντα ἀδικεῖσθαι πρὸς δὲ τούτοις ἄνευ τῶν κατὰ μέρος ἀδικημάτων οὐδεὶς ἀδικεῖ μοιχεύει δ οὐδεὶς τὴν ἑαυτοῦ οὐδὲ τοιχωρυχεῖ τὸν ἑαυτοῦ τοῖχον οὐδὲ κλέπτει τὰ αὑτοῦ ὅλως δὲ λύεται τὸ αὑτὸν ἀδικεῖν καὶ κατὰ τὸν διορισμὸν τὸν περὶ τοῦ ἑκουσίως ἀδικεῖσθαι φανερὸν δὲ	πλεονεκτοῖτο καὶ ἔμπαλιν πλεονεκτοῖτο καὶ πλεονεκτοίη πρὸς δὲ τούτοις ἄνευ τῶν κατὰ μέρος ἀδικημάτων οὐδεὶς ἀδικεῖ εἰ τὸ ἀδικεῖν ἐνεργεῖν ἐστι περὶ τὰ καθ ἕκαστα εἴη ἂν τὸ ἀδικεῖν ἐν τοῖς κατὰ μέρος ἀδικήμασι γινόμενον κατὰ μέρος δέ εἰσι μοιχεία κλοπή ὕβρις τὰ ὅμοια οὐδεὶς δὲ τὴν ἑαυτοῦ γυναῖκα μοιχεύει οὐδὲ τὸν ἑαυτοῦ τοῖχον τοιχωρυχεῖ οὐδὲ τὸ ἑαυτοῦ ἱμάτιον κλέπτει εἰ οὖν τῶν κατὰ μέρος ἀδικη μάτων μὴ οἷόν τέ τι πρὸς ἑαυτὸν παρ ἑαυτοῦ γίνεσθαι οὐδ ἄρα ἑαυτὸν ἀδικεῖν οἷόν τε ὅλως δέ φησί λύεται τὸ ζητεῖν εἰ οἷόν τε ἑαυτὸν ἀδικεῖν κατὰ τὸν διορισμὸν τοῦ ἀδικεῖσθαι εἰ γὰρ ἀδικούμενός ἐστιν ὁ	Aristotle	Michael of Ephesus	Ethica Nicomachea	In librum quintum Ethicorum	
tlg0086.tlg010	11/#10	ancient_classical	4034.006	/72#1	11th_12th	0.0552	15	15	ἀλλὰ τὸ δεσποτικὸν ἢ τὸ οἰκονομικόν ἐν τούτοις γὰρ τοῖς λόγοις διέστηκε τὸ λόγον ἔχον μέρος τῆς ψυχῆς πρὸς τὸ ἄλογον εἰς ἃ δὴ βλέπουσι καὶ δοκεῖ	δούλου πρὸς δεσπότην ὡς πρότερον δέδεικται ἐν τούτοις γὰρ τοῖς λόγοις διέστηκε τὸ λόγον ἔχον μέρος τῆς ψυχῆς πρὸς τὸ ἄλογον ὃν λόγον ἔχει ὁ δοῦλος πρὸς τὸν δεσπότην τὸν αὐτὸν καὶ τὸ ἄλογον μέρος τῆς ψυχῆς πρὸς	Aristotle	Michael of Ephesus	Ethica Nicomachea	In librum quintum Ethicorum	
tlg0086.tlg010	1/#34	ancient_classical	4034.006	/9#1	11th_12th	0.0758	11	22	τελεία δ ἐστίν ὅτι ὁ ἔχων αὐτὴν καὶ πρὸς ἕτερον δύναται τῇ ἀρετῇ χρῆσθαι ἀλλ οὐ μόνον καθ αὑτόν πολλοὶ γὰρ ἐν μὲν τοῖς οἰκείοις τῇ ἀρετῇ δύνανται χρῆσθαι ἐν δὲ τοῖς πρὸς ἕτερον ἀδυνατοῦσιν καὶ διὰ τοῦτο εὖ δοκεῖ ἔχειν τὸ τοῦ Βίαντος ὅτι ἀρχὴ ἄνδρα δείξει πρὸς ἕτερον γὰρ καὶ ἐν κοινωνίᾳ ἤδη ὁ ἄρχων διὰ δὲ τὸ αὐτὸ τοῦτο καὶ ἀλλότριον ἀγαθὸν δοκεῖ εἶναι ἡ δικαιοσύνη μόνη τῶν ἀρετῶν ὅτι πρὸς ἕτερόν ἐστιν ἄλλῳ γὰρ τὰ συμφέροντα πράττει ἢ ἄρχοντι ἢ κοινωνῷ κάκιστος μὲν οὖν ὁ καὶ πρὸς αὑτὸν καὶ πρὸς τοὺς φίλους χρώμενος τῇ μοχθηρίᾳ ἄριστος δ οὐχ ὁ πρὸς αὑτὸν τῇ ἀρετῇ ἀλλὰ πρὸς ἕτερον τοῦτο γὰρ ἔργον χαλεπόν αὕτη μὲν οὖν ἡ δικαιοσύνη οὐ μέρος	Κάκιστος μὲν οὖν ὁ καὶ πρὸς αὑτὸν καὶ πρὸς τοὺς φίλους Οὐχ ὥσπερ φησίν κάκιστός ἐστιν ὁ καὶ πρὸς ἑαυτὸν καὶ πρὸς τοὺς κοινωνοὺς καὶ φίλους χρώμενος τῇ μοχθηρίᾳ οὕτω δὴ καὶ ἄριστός ἐστιν ὁ πρὸς ἑαυτὸν καὶ φίλους καὶ κοινωνοὺς χρώμενος τῇ ἀρετῇ ὁ γὰρ τῇ ἀρετῇ πρὸς τοὺς φίλους χρώμενος τρόπον τινὰ πρὸς ἑαυτὸν χρῆται ἀλλ ἔστιν ἄριστος ὁ καὶ πρὸς ἑαυτὸν καὶ πρὸς ἑτέρους ὁποῖοι ἂν τύχωσιν ὄντες τοῦτο δὲ εἶπεν ὡς κατασκευαστικὸν τοῦ τὴν τοιαύτην δικαιοσύνην τελείαν εἶναι εἴ γε ἄριστος ὁ τῇ ἀρετῇ πρὸς ἄλλους χρώμενος ὃ ἴδιόν ἐστι τῆς δικαιοσύνης ταῦτα εἰπὼν ἐπάγει αὕτη μὲν οὖν ἡ κατὰ τὴν νομιμότητα δικαιοσύνη οὐ μέρος	Aristotle	Michael of Ephesus	Ethica Nicomachea	In librum quintum Ethicorum	
tlg0086.tlg010	1/#35	ancient_classical	4034.006	/9#1	11th_12th	0.047	8	16	πρὸς ἕτερον τοῦτο γὰρ ἔργον χαλεπόν αὕτη μὲν οὖν ἡ δικαιοσύνη οὐ μέρος ἀρετῆς ἀλλ ὅλη ἀρετή ἐστιν οὐδ ἡ ἐναντία ἀδικία μέρος κακίας ἀλλ ὅλη κακία τί δὲ διαφέρει ἡ ἀρετὴ καὶ ἡ δικαιοσύνη αὕτη δῆλον ἐκ τῶν εἰρημένων ἔστι	ἐστι τῆς δικαιοσύνης ταῦτα εἰπὼν ἐπάγει αὕτη μὲν οὖν ἡ κατὰ τὴν νομιμότητα δικαιοσύνη οὐ μέρος ἀρετῆς ἐστιν ὡς ἡ ἀνδρία καὶ ἡ σωφροσύνη ἀλλ ὅλη καὶ πᾶσα ἀρετή ἐστι καὶ οὐ μία τις ἀρετὴ ἢ μέρος ἀρετῆς τί δὲ διαφέρει ἡ ἀρετὴ καὶ ἡ δικαιοσύνη ἐκ	Aristotle	Michael of Ephesus	Ethica Nicomachea	In librum quintum Ethicorum	
tlg0086.tlg010	3/#25	ancient_classical	4034.006	/20#1	11th_12th	0.0991	11	22	τοῦτο δῆλον τὸ γὰρ δίκαιον ἐν ταῖς νομαῖς ὁμολογοῦσι πάντες κατ ἀξίαν τινὰ δεῖν εἶναι τὴν μέντοι ἀξίαν οὐ τὴν αὐτὴν λέγουσι πάντες ὑπάρχειν ἀλλ οἱ μὲν δημοκρατικοὶ ἐλευθερίαν οἱ δ ὀλιγαρχικοὶ πλοῦτον οἳ	ἐν ταῖς διανομαῖς ὁμολογοῦσι πάντες κατ ἀξίαν τινὰ δεῖν εἶναι τὴν δὲ μείζω τὴν λέγουσαν τὸ κατ ἀξίαν ἀνάλογον καὶ τὸ συμπέρασμα παρῆκεν ἔθος δὲ αὐτῷ σχεδὸν πανταχοῦ τοῦτο ποιεῖν τὴν μέντοι ἀξίαν οὐ τὴν αὐτὴν λέγουσι πάντες μέτρον φησί καὶ ὅρον τῆς ἀξίας καὶ τῆς ἰσότητος οὐ τὸ αὐτὸ πάντες τίθενται ἀλλ οἱ μὲν δημοκρατικοὶ τῇ ἐλευθερίᾳ μετροῦσι τὴν ἀξίαν καὶ	Aristotle	Michael of Ephesus	Ethica Nicomachea	In librum quintum Ethicorum	
tlg0086.tlg010	5/#26	ancient_classical	4034.006	/41#2	11th_12th	0.0609	13	19	ἐλλείψεως δὲ τοῦ βλαβεροῦ ἐπὶ δὲ τῶν ἄλλων τὸ μὲν ὅλον ὁμοίως τὸ δὲ παρὰ τὸ ἀνάλογον ὁποτέρως ἔτυχεν τοῦ δὲ ἀδικήματος τὸ μὲν ἔλαττον ἀδικεῖσθαί ἐστι τὸ δὲ μεῖζον τὸ	τῶν ἄλλων τὸ μὲν ὅλον ὁμοίως τὸ δὲ παρὰ τὸ ἀνάλογον ὁποτέρως ἔτυχε Παρὰ τὸ ἀνάλογον λέγει τὸ ἄνισον ἤτοι τὸ πλέον καὶ ἔλαττον εἰ γὰρ τὸ ἀνάλογον ἴσον τὸ παρὰ τὸ ἀνάλογον ἄνισον εἴη δ ἂν σαφεστέρα ἡ γραφή εἰ ἀντὶ τοῦ τὸ δὲ παρὰ τὸ ἀνάλογον εἴη γεγραμμένον τὸ γὰρ παρὰ τὸ ἀνάλογον περὶ μὲν οὖν τῆς λέξεως ταῦτα ὃ δὲ λέγει τοιοῦτόν ἐστιν εἰς ἑαυτὸν μὲν τὴν διανομὴν ὁ ἄδικος ἀεὶ ὡρισμένως ποιεῖται ἀεὶ γὰρ ἐπὶ μὲν τῶν ὠφελίμων τὸ πλέον λαμβάνει ἐπὶ δὲ τῶν βλαβερῶν τὸ ἔλαττον ὅταν δὲ πρὸς ἄλλους τὴν διανομὴν ποιῆται ἀορίστως καὶ ὡς ἔτυχε ποτὲ μὲν ἐκείνῳ διανέμει τὸ πλέον ποτὲ δ ἑτέρῳ καὶ ᾧ μὲν τήμερον δέδωκε πλέον οὐκ ἀξίως αὔριον δίδωσι ἔλαττον καὶ αὐτὸ ἀναξίως ταῦτα εἰπὼν ἐπάγει τοῦ δὲ ἀδικήματος τὸ μὲν ἔλαττον ἔχειν τοῦ κατ ἀξίαν δηλονότι ἀδικεῖσθαί	Aristotle	Michael of Ephesus	Ethica Nicomachea	In librum quintum Ethicorum	
tlg0086.tlg010	6/#21	ancient_classical	4034.006	/45#1	11th_12th	0.1217	17	17	ἢ κατ ἀναλογίαν ἢ κατ ἀριθμόν ὥστε ὅσοις μή ἐστι τοῦτο οὐκ ἔστι τούτοις πρὸς ἀλλήλους τὸ πολιτικὸν δίκαιον ἀλλά τι δίκαιον καὶ καθ ὁμοιότητα ἔστι γὰρ δίκαιον οἷς	πατρικὸν οὐ ταὐτὸν τούτοις Εἰπὼν πρότερον ὥστε ὅσοις μή ἐστι τοῦτο οὐκ ἔστι τούτοις πρὸς ἀλλήλους τὸ πολιτικὸν δίκαιον ἀλλά τι δίκαιον καθ ὁμοιότητα νῦν λέγει τί ἐστι τοῦτο	Aristotle	Michael of Ephesus	Ethica Nicomachea	In librum quintum Ethicorum	
tlg0086.tlg010	7/#24	ancient_classical	4034.006	/47#3	11th_12th	0.0895	16	16	μὲν φύσει τὸ δ οὐ φύσει ποῖον δὲ φύσει τῶν ἐνδεχομένων καὶ ἄλλως ἔχειν καὶ ποῖον οὒ ἀλλὰ νομικὸν καὶ συνθήκῃ εἴπερ ἄμφω κινητὰ ὁμοίως δῆλον καὶ ἐπὶ	φαυλότητα καὶ τὸ παρὰ φύσιν διακεῖσθαι Ποῖον δὲ φύσει τῶν ἐνδεχομένων καὶ ἄλλως ἔχειν καὶ ποῖον οὔ ἀλλὰ νομικὸν καὶ συνθήκῃ Ἐπεί φησί καὶ τὸ φύσει δίκαιον μεταπίπτει	Aristotle	Michael of Ephesus	Ethica Nicomachea	In librum quintum Ethicorum	
tlg0086.tlg010	8/#24	ancient_classical	4034.006	/54#3	11th_12th	0.0873	11	17	ἀμφισβητοῦσιν ὁ δ ἐπιβουλεύσας οὐκ ἀγνοεῖ ὥστε ὃ μὲν οἴεται ἀδικεῖσθαι ὃ δ οὔ ἐὰν δ ἐκ προαιρέσεως βλάψῃ ἀδικεῖ καὶ κατὰ ταῦτ ἤδη τὰ ἀδικήματα ὁ ἀδικῶν ἄδικος ὅταν παρὰ τὸ	ἐστίν ἐν δὲ τῇ λέξει τῇ ὥστε ὁ μὲν οἴεται ἀδικεῖσθαι ὁ δὲ μὴ περὶ τῶν διὰ θυμόν τι ποιησάντων καὶ παθόντων εἴρηται εἰ οὖν ὁ μὲν ἀδικεῖσθαι οἴεται ὁ δ οὐκ ἀδικεῖν δῆλον ὅτι ἡ ἀμφισβήτησις αὐτῶν ἐστιν οὐ περὶ τοῦ εἰ γέγονεν ἢ μή ἀλλὰ περὶ τοῦ εἰ δίκαιον ἢ ἄδικον τὸ γεγονός ἂν δὲ ἐκ προαιρέσεως βλάψῃ ἀδικεῖ καὶ κατὰ ταῦτα ἤδη τὰ ἀδικήματα ἀδικήματα λέγει τὰς βλάβας δείξας δὲ	Aristotle	Michael of Ephesus	Ethica Nicomachea	In librum quintum Ethicorum	
tlg0086.tlg010	9/#12	ancient_classical	4034.006	/57#2	11th_12th	0.0685	10	18	ἄδικον πεπονθὼς ἀδικεῖται πᾶς ἢ ὥσπερ καὶ ἐπὶ τοῦ πράττειν καὶ ἐπὶ τοῦ πάσχειν ἐστίν κατὰ συμβεβηκὸς γὰρ ἐνδέχεται ἐπ ἀμφοτέρων μεταλαμβάνειν τῶν δικαίων ὁμοίως δὲ δῆλον ὅτι καὶ ἐπὶ τῶν ἀδίκων	ἔχει ἐπὶ τοῦ πράττειν οὕτως ἕξει καὶ ἐπὶ τοῦ πάσχειν πράττειν λέγων τὸ ἀδικεῖν καὶ δικαιοπραγεῖν πάσχειν δὲ τὸ ἀδικεῖ σθαι καὶ δικαιοῦσθαι ἐπεὶ δέ ὡς ἀνωτέρω δέδεικται τοῦ ἀδικεῖν τὸ μὲν ἦν καθ αὑτό ὅταν ὁ ἀδικῶν ἑκὼν ἠδίκει τὸ δὲ κατὰ συμβεβηκός ὅταν οὐχ ἑκών ὁμοίως καὶ τοῦ δικαιοπραγεῖν τὸ μὲν καθ αὑτὸ τὸ ἑκούσιον τὸ δὲ κατὰ συμβεβηκὸς τὸ ἀκούσιον τὸν αὐτὸν τρόπον καὶ ἐπὶ τοῦ ἀδικεῖ σθαι καὶ δικαιοῦσθαι ἕξει καὶ ἔσται καὶ τὸ ἀδικεῖσθαι διττόν ἀσαφῶς δὲ ἀπήγγελται ἡ λέξις ἡ λέγουσα κατὰ συμβεβηκὸς γὰρ ἐνδέχεται ἐπ ἀμφοτέρων μεταλαμβάνειν τῶν δικαίων ἔστι δὲ ὃ λέγει δυνάμει τοιοῦτον τεττάρων ὄντων	Aristotle	Michael of Ephesus	Ethica Nicomachea	In librum quintum Ethicorum	
tlg0086.tlg010	1/#29	ancient_classical	4034.006	/2#1	11th_12th	0.0754	10	15	ποία μεσότης ἐστὶν ἡ δικαιοσύνη καὶ τὸ δίκαιον τίνων μέσον ἡ δὲ σκέψις ἡμῖν ἔστω κατὰ τὴν αὐτὴν μέθοδον τοῖς προειρημένοις ὁρῶμεν δὴ πάντας τὴν τοιαύτην	ἐν τῷ παρόντι βιβλίῳ τὸ δὲ ποία μεσότης ἐστὶν ἡ δικαιοσύνη ἐπεὶ αἱ ἀρεταὶ μεσότητες ἐδεί χθησαν οὖσαι καὶ τίνων μέσον ἐστίν ἔστι δὲ ὡς δείξει μεσότης ὑπερ βολῆς καὶ ἐλλείψεως καὶ τὸ δίκαιον μέσον τοῦ πλείονος καὶ ἐλάττονος ἡ δὲ σκέψις ἡμῖν ἔστω κατὰ τὴν αὐτὴν μέθοδον τοῖς προειρη μένοις εἴρηκε γὰρ καὶ κατ	Aristotle	Michael of Ephesus	Ethica Nicomachea	In librum quintum Ethicorum	
tlg0086.tlg010	3/#23	ancient_classical	4034.006	/5#1	11th_12th	0.036	8	8	τὸ ἔλαττον ἔστι καὶ τὸ ἴσον εἰ οὖν τὸ ἄδικον ἄνισον τὸ δίκαιον ἴσον ὅπερ καὶ ἄνευ λόγου δοκεῖ πᾶσιν	ἐλάττονος εἰ οὖν τὸ ἄδικον ἄνισον τὸ δίκαιον ἴσον καὶ εἰ τὸ ἄδικον πλέον καὶ	Aristotle	Michael of Ephesus	Ethica Nicomachea	In librum quintum Ethicorum	
tlg0086.tlg010	3/#25	ancient_classical	4034.006	/20#2	11th_12th	0.0932	12	16	δ ὀλιγαρχικοὶ πλοῦτον οἳ δ εὐγένειαν οἱ δ ἀριστοκρατικοὶ ἀρετήν ἔστιν ἄρα τὸ δίκαιον ἀνάλογόν τι τὸ γὰρ ἀνάλογον οὐ μόνον ἐστὶ μοναδικοῦ ἀριθμοῦ ἴδιον ἀλλ ὅλως ἀριθμοῦ ἡ γὰρ ἀναλογία ἰσότης ἐστὶ λόγων	τὰ διδόμενα αὐτοῖς ἐλάττονα δεῖν εἶναι οἱ δ ἀριστοκρατικοὶ ἀρετῇ κρίνουσι τὸ ἴσον καί φασι πάντας τοὺς σπουδαίους ἴσους εἶναι κἂν οἱ μὲν αὐτῶν ὦσι πλουσιώτεροι οἱ δ ἐνδεέστεροι οἱ δὲ κρίνουσι τὴν ἰσότητα τῇ εὐγενείᾳ καὶ τοὺς τοιούτους πάντας ἴσους φασίν εἰ δὴ τοῦθ οὕτως ἔχει οὐ τὸ αὐτὸ ἴσον τε καὶ δίκαιον ἐν πάσαις ταῖς πολιτείαις ἔσται ἐρεῖ δὲ περὶ τούτων ὁ Ἀριστοτέλης ἐν ταῖς Πολιτείαις καὶ πολλὰ καὶ καλά Τὸ γὰρ ἀνάλογον οὐ μόνον ἐστὶ μοναδικοῦ ἀριθμοῦ ἴδιον ἀλλ ὅλως ἀριθμοῦ Μοναδικὸν ἀριθμὸν λέγει ᾧ ἀριθμοῦμεν οἷον	Aristotle	Michael of Ephesus	Ethica Nicomachea	In librum quintum Ethicorum	
tlg0086.tlg010	3/#27	ancient_classical	4034.006	/24#1	11th_12th	0.034	9	18	εἷς ἀριθμῷ ὅρος ᾧ καὶ ὅ τὸ μὲν οὖν δίκαιον τοῦτο τὸ ἀνάλογον τὸ δ ἄδικον τὸ παρὰ τὸ ἀνάλογον γίνεται ἄρα τὸ μὲν πλέον τὸ δ ἔλαττον ὅπερ καὶ ἐπὶ τῶν ἔργων συμβαίνει ὁ μὲν γὰρ ἀδικῶν πλέον	τῷ πράγματι εἰλῆφθαι κατ ἀλή θειαν τὸ μὲν οὖν δίκαιον τοῦτό ἐστι τὸ ἀνάλογον τὸ δ ἄδικον τὸ παρὰ τὸ ἀνάλογον ὃ γίνεται ὅταν μὴ τηρῆται ἡ προειρημένη ἰσότης ἀλλ ὁ μὲν ὑπερέχων τῇ ἀξίᾳ ἔλαττον ὁ δ ἐλλείπων πλέον ἔχωσι καὶ ἔστι τὸ ἄδικον καὶ τὸ παρὰ τὸ ἴσον εἰ γὰρ ἰσότης ἡ ἀναλογία τὸ ἔξω τῆς ἀναλογίας καὶ τῆς ἰσότητος ἄνισον ἄνισον δὲ ἐν ᾧ τὸ μέν ἐστι πλέον τῆς ἀξίας τὸ δ ἔλαττον καὶ τοῦτο δῆλον καὶ ἐπὶ τῶν ἔργων ἄδικον γὰρ λέγομεν	Aristotle	Michael of Ephesus	Ethica Nicomachea	In librum quintum Ethicorum	
tlg0086.tlg010	4/#13	ancient_classical	4034.006	/28#2	11th_12th	0.0986	13	13	τὸ αὑτοῦ ὅταν λάβωσι τὸ ἴσον τὸ δ ἴσον μέσον ἐστὶ τῆς μείζονος καὶ ἐλάττονος κατὰ τὴν ἀριθμητικὴν ἀναλογίαν διὰ τοῦτο καὶ ὀνομάζεται δίκαιον ὅτι	ἕξ ἔχει τὸ οἰκεῖον ὁ ἠδικημένος Τὸ δ ἴσον μέσον ἐστὶ τῆς μείζονος καὶ ἐλάττονος κατὰ τὴν ἀριθμητικὴν ἀναλογίαν Εἴρηται πολλάκις ὅτι ἡ ἀριθμητικὴ ἀναλογία	Aristotle	Michael of Ephesus	Ethica Nicomachea	In librum quintum Ethicorum	
tlg0086.tlg010	4/#14	ancient_classical	4034.006	/29#2	11th_12th	0.0923	10	16	ἀφ οὗ ἀφῃρέθη ἑνί τούτῳ ἄρα γνωριοῦμεν τί τε ἀφελεῖν δεῖ ἀπὸ τοῦ πλέον ἔχοντος καὶ τί προσθεῖναι τῷ ἔλαττον ἔχοντι ᾧ μὲν γὰρ τὸ μέσον ὑπερέχει τοῦτο προσθεῖναι δεῖ τῷ ἔλαττον ἔχοντι ᾧ δ ὑπερέχεται ἀφελεῖν	ἑνί τούτῳ δὴ τῷ μέσῳ γνωριοῦμεν τί μὲν ἀφελεῖν δεῖ ἀπὸ τοῦ πρώτου ὅρου καὶ τί δεῖ προσθεῖναι τῷ τρίτῳ ᾧ μὲν γὰρ τὸ μέσον ὑπερέχει τοῦτο προσθεῖναι δεῖ τῷ τὸ ἔλαττον ἔχοντι ὃ λέγει τοιοῦτόν ἐστιν ἡλίκον ὑπερέχει ὁ μέσος ὅρος ὁ ϛ τοῦ ἐσχάτου τοῦ γ τοσοῦτον προστεθῆναι δεῖ τῷ ἐσχάτῳ ἵνα γένηται ὁ ἔσχατος ἴσος τῷ μέσῳ ὑπερέχει δέ ὡς εἴρηται ὁ μέσος τοῦ ἐσχάτου τοῦ γ τρισί ταῦτα τὰ τρία εἰ προσθῶμεν τῷ γ γενήσεται ὁ ϛ ἴσος τῷ μέσῳ ἓξ ὄντι καὶ αὐτῷ ὅσον οὖν ὑπερέχει ὁ μέσος τοῦ ἐσχάτου τοσοῦτον προστεθῆναι δεῖ τῷ ἐσχάτῳ εἰ μέλλουσι γενέσθαι ἴσοι ὅσον	Aristotle	Michael of Ephesus	Ethica Nicomachea	In librum quintum Ethicorum	
tlg0086.tlg010	5/#19	ancient_classical	4034.006	/32#3	11th_12th	0.1011	12	12	ἑκούσιον καὶ τὸ ἀκούσιον διαφέρει πολύ ἀλλ ἐν μὲν ταῖς κοινωνίαις ταῖς ἀλλακτικαῖς συνέχει τὸ τοιοῦτον δίκαιον τὸ ἀντιπεπονθὸς κατ ἀναλογίαν καὶ μὴ κατ	δὲ τοῦ ἀντιπεπονθότος οὐδὲν τοιοῦτον ἐξετάζεται ἀλλ ἐν μὲν ταῖς κοινωνίαις ταῖς ἀλλακτικαῖς συνέχει τὸ τοιοῦτον δίκαιον τὸ ἀντι πεπονθός δείξας ὅτι τὸ ἀντιπεπονθὸς	Aristotle	Michael of Ephesus	Ethica Nicomachea	In librum quintum Ethicorum	
tlg0086.tlg010	5/#21	ancient_classical	4034.006	/34#3	11th_12th	0.0804	12	18	ἔπασχε τοῦτο καὶ τοσοῦτον καὶ τοιοῦτον οὐ γὰρ ἐκ δύο ἰατρῶν γίνεται κοινωνία ἀλλ ἐξ ἰατροῦ καὶ γεωργοῦ καὶ ὅλως ἑτέρων καὶ οὐκ ἴσων ἀλλὰ τούτους δεῖ ἰσασθῆναι διὸ πάντα	κοινωνία τοῦ οἰκοδόμου καὶ τοῦ σκυτέως Οὐ γὰρ ἐκ δύο ἰατρῶν γίνεται κοινωνία ἀλλ ἐξ ἰατροῦ καὶ γεωργοῦ Εἰπὼν ὅτι οὐθὲν κωλύει κρεῖττον εἶναι τὸ θατέρου ἔργον ἢ τὸ θατέρου τοῦτο διὰ τῶν λεγομένων νῦν δείκνυσι δυνάμει λέγων εἰ μὲν γὰρ ἦσαν ἀμφότεροι οἱ τεχνῖται ἰατροὶ ἢ ἀμφότεροι σκυτεῖς οὐκ ἂν ἦν τὸ θατέρου ἔργον κρεῖττον ἢ τὸ θατέρου ἐπεὶ δὲ διαφέρουσιν οἱ τεχνῖται ἐνδέχεται τὸ μὲν θατέρου εἶναι κρεῖττον τὸ δὲ θατέρου χεῖρον καὶ ὅλως ἑτέρων καὶ οὐκ ἴσων προσέθηκε τῷ ἑτέρων τὸ οὐκ ἴσων	Aristotle	Michael of Ephesus	Ethica Nicomachea	In librum quintum Ethicorum	
tlg0086.tlg010	5/#26	ancient_classical	4034.006	/41#1	11th_12th	0.0508	16	20	ὁμοίως δὲ καὶ ἄλλῳ πρὸς ἄλλον ἡ δ ἀδικία τοὐναντίον τοῦ ἀδίκου τοῦτο δ ἐστὶν ὑπερβολὴ καὶ ἔλλειψις τοῦ ὠφελίμου ἢ βλαβεροῦ παρὰ τὸ ἀνάλογον διὸ ὑπερβολὴ καὶ ἔλλειψις ἡ ἀδικία ὅτι ὑπερβολῆς καὶ ἐλλείψεώς ἐστιν ἐφ αὑτοῦ μὲν ὑπερβολῆς μὲν τοῦ ἁπλῶς ὠφελίμου ἐλλείψεως δὲ τοῦ βλαβεροῦ ἐπὶ δὲ τῶν ἄλλων τὸ μὲν ὅλον ὁμοίως τὸ δὲ παρὰ τὸ ἀνάλογον ὁποτέρως ἔτυχεν τοῦ δὲ ἀδικήματος τὸ μὲν ἔλαττον	ταῖς διανομαῖς καὶ ταῖς ἐπανορθώσεσιν ἴσου ἡ δ ἀδικία τοὐναντίον ἀφ ἧς πρακτικοὶ καὶ προαιρετικοὶ τοῦ ἀνίσου Ἐπὶ δὲ τῶν ἄλλων τὸ μὲν ὅλον ὁμοίως τὸ δὲ παρὰ τὸ ἀνάλογον ὁποτέρως ἔτυχε Παρὰ τὸ ἀνάλογον λέγει τὸ ἄνισον	Aristotle	Michael of Ephesus	Ethica Nicomachea	In librum quintum Ethicorum	
tlg0086.tlg010	8/#21	ancient_classical	4034.006	/52#2	11th_12th	0.0773	10	16	οὔθ ἑκούσιον οὔτ ἀκούσιόν ἐστιν οἷον τὸ γηρᾶν ἢ ἀποθνήσκειν ἔστι δ ὁμοίως ἐπὶ τῶν ἀδίκων καὶ τῶν δικαίων καὶ τὸ κατὰ συμβεβηκός καὶ γὰρ ἂν τὴν παρακαταθήκην ἀποδοίη τις ἄκων	πέψις καὶ ἀνάδοσις καὶ πρόσκρισις καὶ τὸ γηρᾶν ἢ ἀποθνήσκειν ἢ τὸ μὲν τὰ τοιαῦτα ὅτι οὐκ ἀγνοεῖται ὡς γίνεται δῆλον καὶ ἀληθές οὐ μὴν καὶ ἐφ ἡμῖν εἰσι διὰ τοῦτο καὶ ὁ ποιητὴς εἶπε φύσει γὰρ ὄντες θνητοὶ οὐ κύριοί ἐσμεν τοῦ ἐπὶ τοῦτο μὴ ἐλθεῖν ἀνάγκῃ γὰρ ἥκομεν Ἔστι δ ὁμοίως καὶ ἐπὶ τῶν ἀδίκων καὶ τῶν δικαίων καὶ τὸ κατὰ συμβεβηκός Εἰπὼν ὅτι ἐν οἷς ἡ πρᾶξις καὶ τὸ κατὰ συμβεβηκὸς καὶ τὸ καθ αὑτό ὧν τὸ μὲν ἐποίει τὸ ἑκούσιον τὸ δὲ τὸ ἀκούσιον λέγει ὅτι καὶ ἐπὶ τῶν δικαίων καὶ τῶν ἀδίκων ἔστι καὶ τὸ κατὰ συμβεβηκός ὁ γὰρ ποιῶν τι τῶν δικαίων ἄκων καὶ	Aristotle	Michael of Ephesus	Ethica Nicomachea	In librum quintum Ethicorum	
tlg0086.tlg010	9/#13	ancient_classical	4034.006	/58#1	11th_12th	0.0975	9	13	δικαιοῦσθαι ἀδύνατον γὰρ ἀδικεῖσθαι μὴ ἀδικοῦντος ἢ δικαιοῦσθαι μὴ δικαιοπραγοῦντος εἰ δ ἐστὶν ἁπλῶς τὸ ἀδικεῖν τὸ βλάπτειν ἑκόντα τινά τὸ δ ἑκόντα εἰδότα καὶ ὃν	γὰρ ἀδικεῖ σθαι μὴ ἀδικοῦντός τινος ἢ δικαιοῦσθαι μὴ δικαιοπραγοῦντος εἰ ἀδύνατον ἀδικεῖσθαι ἢ δικαιοῦσθαι μὴ ὄντων τοῦ ἀδικοῦντος ἢ δικαιοπρα γοῦντος ἀνάγκη ὡς ἔχει ὁ ἀδικῶν οὕτως ἔχειν καὶ τὸν ἀδικούμενον ὁμοίως καὶ ὁ δικαιοπραγῶν καὶ ὁ δικαιούμενος εἰ μὲν οὖν καθ αὑτὸ ὁ ποιῶν ποιεῖ καθ αὑτὸ καὶ ὁ πάσχων πάσχει εἰ δὲ κατὰ συμβεβηκός δηλονότι καὶ ὁ πάσχων κατὰ συμβεβηκὸς πάσχει Εἰ δέ ἐστιν ἁπλῶς τὸ ἀδικεῖν τὸ βλάπτειν ἑκόντα τινά Ζητήσας εἰ ἔστιν ἀληθὲς τὸ ἀδικεῖν	Aristotle	Michael of Ephesus	Ethica Nicomachea	In librum quintum Ethicorum	
tlg0086.tlg010	9/#17	ancient_classical	4034.006	/63#2	11th_12th	0.0685	14	18	οἴονται εἶναι τὸ ἀδικεῖν διὸ καὶ τὸ δίκαιον εἶναι ῥᾴδιον τὸ δ οὐκ ἔστιν συγγενέσθαι μὲν γὰρ τῇ τοῦ γείτονος καὶ πατάξαι τὸν πλησίον καὶ δοῦναι τῇ χειρὶ τὸ ἀργύριον ῥᾴδιον καὶ ἐπ αὐτοῖς ἀλλὰ τὸ ὡδὶ ἔχοντας ταῦτα ποιεῖν οὔτε ῥᾴδιον οὔτ ἐπ αὐτοῖς ὁμοίως δὲ καὶ τὸ γνῶναι τὰ δίκαια καὶ τὰ ἄδικα οὐδὲν οἴονται σοφὸν εἶναι ὅτι περὶ ὧν οἱ νόμοι λέγουσιν	πεῖραν εὐθὺς ὁπηνίκα θελήσομεν ἔχειν ἀδύνατον Ὁμοίως δὲ καὶ τὸ γνῶναι τὰ δίκαια καὶ τὰ ἄδικα οὐδὲν οἴονται σοφὸν εἶναι Ὡς οὖν τὸ δίκαιον εἶναι ῥᾴδιόν ἐστιν φασὶν οἱ ἄνθρωποι διότι καὶ τὸ τὰ δίκαια πράττειν εὐπετὲς καὶ ἕτοιμον οὕτω καὶ τὸ γνῶναι τὰ δίκαια οὐδὲν χαλεπόν λέγουσι γὰρ οἱ νόμοι	Aristotle	Michael of Ephesus	Ethica Nicomachea	In librum quintum Ethicorum	
tlg0086.tlg010	9/#18	ancient_classical	4034.006	/64#1	11th_12th	0.0527	14	18	πότε τοσοῦτον ἔργον ὅσον ἰατρὸν εἶναι δι αὐτὸ δὲ τοῦτο καὶ τοῦ δικαίου οἴονται εἶναι οὐδὲν ἧττον τὸ ἀδικεῖν ὅτι οὐχ ἧττον ὁ δίκαιος ἀλλὰ καὶ μᾶλλον δύναιτ ἂν ἕκαστον πρᾶξαι τούτων καὶ γὰρ συγγενέσθαι γυναικὶ καὶ πατάξαι καὶ ὁ ἀνδρεῖος τὴν ἀσπίδα ἀφεῖναι καὶ στραφεὶς ἐφ ὁποτεραοῦν τρέχειν ἀλλὰ τὸ δειλαίνειν καὶ ἀδικεῖν οὐ τὸ ταῦτα ποιεῖν ἐστί πλὴν κατὰ συμβεβηκός ἀλλὰ τὸ ὡδὶ ἔχοντα ταῦτα ποιεῖν ὥσπερ καὶ	εἴδησις τῆς τῶν ὑγιεινῶν γνώσεως ὅσῳ καὶ τὸ δίκαιον εἶναι τοῦ ἰατρὸν εἶναι χαλεπώτερον ὡς γὰρ ἐπ ἐκείνων τὰ μὲν οἷς χρῆται ὁ ἰατρὸς πρὸς ὑγείαν ῥᾴδιον εἰδέναι οἷον οἶνον σῖτον ἐλλέ βορον καῦσιν τομήν οὐ μὴν καὶ τὸ ταῦτα εἰδέναι ἐστὶ τὸ εἰδέναι τὰ ὑγιεινά εἰ μὴ κατὰ συμβεβηκός ἀλλὰ τὸ εἰδέναι ὅτι ταῦτά ἐστιν ὑγιεινὰ ἐν τῷ χρῆσθαί ἐστιν αὐτοῖς ἀπὸ ἕξεως ἰατρικῆς τοῦτο δέ ἐστι τὸ πότε καὶ πῶς καὶ μέχρι πόσου προσφέρειν ὃ οὐ ῥᾴδιον διότι μηδὲ τὴν ἰατρικὴν κτήσασθαι ῥᾴδιον ὅσον δὴ ἔργον ἐστὶ καὶ δύσκολον τὸ ἰατρὸν γενέσθαι τοσοῦτον καὶ τὴν προσήκουσαν χρῆσιν αὐτῶν εἰδέναι Δι αὐτὸ δὲ τοῦτο καὶ τοῦ δικαίου οἴονται εἶναι οὐδὲν ἧττον τὸ ἀδικεῖν Δι ἣν αἰτίαν οἴονται οἱ ἄνθρωποι	Aristotle	Michael of Ephesus	Ethica Nicomachea	In librum quintum Ethicorum	
tlg0086.tlg010	11/#8	ancient_classical	4034.006	/70#2	11th_12th	0.0525	9	17	γὰρ διότι ἔπαθε καὶ τὸ αὐτὸ ἀντιποιῶν οὐ δοκεῖ ἀδικεῖν αὐτὸς δ αὑτόν ταὐτὰ ἅμα καὶ πάσχει καὶ ποιεῖ ἔτι εἴη ἂν ἑκόντα ἀδικεῖσθαι πρὸς δὲ τούτοις ἄνευ τῶν κατὰ μέρος ἀδικημάτων οὐδεὶς ἀδικεῖ μοιχεύει δ οὐδεὶς τὴν ἑαυτοῦ	οὗτος ἀδικεῖ ὁ δὲ ἀμυνόμενος καὶ ἀντιδρῶν οὐ δοκεῖ ἀδικεῖν οὐ γὰρ ἄρχεται τοῦ βλάπτειν ἀλλὰ βλαβεὶς ἐπιτίθεται εἰ δὴ δεῖ τὴν ἀρχὴν τῆς βλάβης ἐν τῷ ἀδικοῦντι εἶναι καὶ οὐκ ἐν τῷ ἀδικουμένῳ καὶ δεῖ ἄλλον εἶναι τὸν ἐν ᾧ ἡ ἀρχὴ τῆς βλάβης παρὰ τὸν ἀδικούμενον ἀδύνατον δέ τινα αὐτὸν ἑαυτοῦ ἄλλον εἶναι ἀδύνατον καὶ τὸ ἑαυτὸν ἀδικεῖν ἔτι φησίν εἰ ἀδικεῖ ἑαυτόν τις εἴη ἂν ἑκόντα ἀδικεῖσθαι οὐδεὶς δὲ ἑκὼν ἀδικεῖται ἀλλὰ καὶ τὰ αὐτὰ ἅμα πάσχει εἰ ἀδικεῖ τις ἑαυτόν ἃ καὶ ποιεῖ καὶ ἅμα ἂν πλεονεκτοίη καὶ πλεονεκτοῖτο καὶ ἔμπαλιν πλεονεκτοῖτο καὶ πλεονεκτοίη πρὸς δὲ τούτοις ἄνευ τῶν κατὰ μέρος ἀδικημάτων οὐδεὶς	Aristotle	Michael of Ephesus	Ethica Nicomachea	In librum quintum Ethicorum	
tlg0086.tlg010	1/#28	ancient_classical	4034.006	/2#1	11th_12th	0.0683	10	15	ποίας τε τυγχάνουσιν οὖσαι πράξεις καὶ ποία μεσότης ἐστὶν ἡ δικαιοσύνη καὶ τὸ δίκαιον τίνων μέσον ἡ δὲ σκέψις ἡμῖν ἔστω κατὰ τὴν αὐτὴν μέθοδον τοῖς προειρημένοις ὁρῶμεν δὴ πάντας τὴν	ἐν τῷ παρόντι βιβλίῳ τὸ δὲ ποία μεσότης ἐστὶν ἡ δικαιοσύνη ἐπεὶ αἱ ἀρεταὶ μεσότητες ἐδεί χθησαν οὖσαι καὶ τίνων μέσον ἐστίν ἔστι δὲ ὡς δείξει μεσότης ὑπερ βολῆς καὶ ἐλλείψεως καὶ τὸ δίκαιον μέσον τοῦ πλείονος καὶ ἐλάττονος ἡ δὲ σκέψις ἡμῖν ἔστω κατὰ τὴν αὐτὴν μέθοδον τοῖς προειρη μένοις εἴρηκε γὰρ καὶ κατ	Aristotle	Michael of Ephesus	Ethica Nicomachea	In librum quintum Ethicorum	
tlg0086.tlg010	3/#24	ancient_classical	4034.006	/20#1	11th_12th	0.0803	11	18	ἀξίαν τοῦτο δῆλον τὸ γὰρ δίκαιον ἐν ταῖς νομαῖς ὁμολογοῦσι πάντες κατ ἀξίαν τινὰ δεῖν εἶναι τὴν μέντοι ἀξίαν οὐ τὴν αὐτὴν λέγουσι πάντες ὑπάρχειν	ἐν ταῖς διανομαῖς ὁμολογοῦσι πάντες κατ ἀξίαν τινὰ δεῖν εἶναι τὴν δὲ μείζω τὴν λέγουσαν τὸ κατ ἀξίαν ἀνάλογον καὶ τὸ συμπέρασμα παρῆκεν ἔθος δὲ αὐτῷ σχεδὸν πανταχοῦ τοῦτο ποιεῖν τὴν μέντοι ἀξίαν οὐ τὴν αὐτὴν λέγουσι πάντες μέτρον φησί καὶ ὅρον τῆς ἀξίας	Aristotle	Michael of Ephesus	Ethica Nicomachea	In librum quintum Ethicorum	
tlg0086.tlg010	6/#21	ancient_classical	4034.006	/43#3	11th_12th	0.0602	8	13	τὸ εἶναι αὐτάρκειαν ἐλευθέρων καὶ ἴσων ἢ κατ ἀναλογίαν ἢ κατ ἀριθμόν ὥστε ὅσοις μή ἐστι τοῦτο οὐκ ἔστι τούτοις πρὸς ἀλλήλους τὸ πολιτικὸν δίκαιον ἀλλά τι δίκαιον καὶ καθ ὁμοιότητα ἔστι γὰρ δίκαιον οἷς καὶ νόμος πρὸς αὑτούς νόμος δ ἐν οἷς ἀδικία ἡ γὰρ δίκη κρίσις τοῦ δικαίου καὶ τοῦ ἀδίκου ἐν οἷς δ ἀδικία καὶ τὸ ἀδικεῖν ἐν τούτοις ἐν οἷς δὲ τὸ ἀδικεῖν οὐ πᾶσιν ἀδικία τοῦτο δ ἐστὶ τὸ πλέον αὑτῷ	κρίσις ἥτις ἐστὶ τὸ πολιτικὸν δίκαιον ἐν οἷς δὲ τὸ ἀδικεῖν οὐ πᾶσιν ἀδικία ὅπου ἀδικία ἐκεῖ καὶ τὸ ἀδικεῖν ὡς ἀνωτέρω εἴρηται οὐ μὴν ὅπου τὸ ἀδικεῖν ἐκεῖ καὶ ἀδικία ἐν γὰρ τοῖς ἀπροαιρέτοις ἢ κατ ἄγνοιαν ἢ κατ ἔνδειαν τῶν ἀναγκαίων γινομένοις τὸ ἀδικεῖν	Aristotle	Michael of Ephesus	Ethica Nicomachea	In librum quintum Ethicorum	
tlg0086.tlg010	7/#25	ancient_classical	4034.006	/48#3	11th_12th	0.0581	15	15	μόνον πανταχοῦ κατὰ φύσιν ἡ ἀρίστη τῶν δὲ δικαίων καὶ νομίμων ἕκαστον ὡς τὰ καθόλου πρὸς τὰ καθ ἕκαστα ἔχει τὰ μὲν γὰρ πραττόμενα πολλά ἐκείνων δ	φύσιν ἔχουσιν ἡ αὐτή ἐστι Τῶν δὲ δικαίων καὶ νομίμων ἕκαστον ὡς τὰ καθόλου πρὸς τὰ καθ ἕκαστα ἔχει Τὰ νόμιμα φησί καὶ τὰ δίκαια πρὸς τὰ καθ ἕκαστα τὰ κατ αὐτὰ πραττόμενα οὕτως ἔχει	Aristotle	Michael of Ephesus	Ethica Nicomachea	In librum quintum Ethicorum	
tlg0086.tlg010	8/#21	ancient_classical	4034.006	/52#1	11th_12th	0.0816	14	19	ἕνεκα καὶ περὶ τὴν πρᾶξιν ὅλην τὸ δὴ ἀγνοούμενον ἢ μὴ ἀγνοούμενον μὲν μὴ ἐπ αὐτῷ δ ὄν ἢ βίᾳ ἀκούσιον πολλὰ γὰρ καὶ τῶν φύσει ὑπαρχόντων εἰδότες καὶ πράττομεν καὶ πάσχομεν ὧν οὐθὲν οὔθ ἑκούσιον οὔτ ἀκούσιόν ἐστιν οἷον τὸ γηρᾶν ἢ ἀποθνήσκειν	Τὸ δὴ ἀγνοούμενον ἢ μὴ ἀγνοούμενον μέν μὴ ἐπ αὐτῷ δὲ ὂν ἢ βίᾳ ἀκούσιον Εἰπὼν τί τὸ ἑκούσιον λέγει καὶ περὶ τοῦ ἀκουσίου τί ποτέ ἐστι καὶ φησὶν ὅτι τοῦτό ἐστιν ἀκούσιον τὸ δι ἄγνοιαν γινόμενον ἢ βίᾳ τῶν ἐφ ἡμῖν ὄντων ὅσα γὰρ ἀγνοεῖται ἢ μὴ ἀγνοεῖται μὴ ἐπ αὐτῷ δ ἐστὶ τῷ πράττοντι ἤτοι μὴ κατὰ τὴν ἐν αὐτῷ ἀρχὴν γίνεται ἀλλὰ βίᾳ ἀκούσιά ἐστι δεῖ δὲ ἐν τῇ λέξει τῇ ἢ βίᾳ ἀντὶ τοῦ ἤ τὸ ἀλλά γράφειν ἵνα ᾖ ἀλλὰ βίᾳ τὸ γὰρ μὴ ἐπ αὐτῷ ἀλλὰ βίᾳ ἀκούσιον λέγει δὲ καὶ πολλὰ τῶν φυσικῶν οὐκ ἀγνοούμενα ἡμῖν καὶ γινόμενα καὶ πραττόμενα οὔθ ἑκούσια οὔτ ἀκούσια εἶναι καίτοι ὡς εἴρηται καὶ ἐφ	Aristotle	Michael of Ephesus	Ethica Nicomachea	In librum quintum Ethicorum	
tlg0086.tlg010	9/#16	ancient_classical	4034.006	/62#3	11th_12th	0.0741	9	17	κἂν εἴ τις μερίσαιτο τοῦ ἀδικήματος καὶ ὁ διὰ ταῦτα κρίνας ἀδίκως πλέον ἔχει καὶ γὰρ ἐπ ἐκείνῳ τὸν ἀγρὸν κρίνας οὐκ ἀγρὸν ἀλλ ἀργύριον ἔλαβεν οἱ δ ἄνθρωποι ἐφ ἑαυτοῖς οἴονται εἶναι τὸ ἀδικεῖν διὸ καὶ τὸ δίκαιον εἶναι ῥᾴδιον	αὕτη κατὰ δὲ τὴν λέξιν τὴν καὶ ὁ διὰ ταῦτα κρίνας ἀδίκως πλέον ἔχει τὸ πλέον ἔχει ταὐτόν ἐστι τῷ πλεονεκτεῖ οἱ δ ἄνθρωποι ἐφ ἑαυτοῖς οἴονται εἶναι τὸ ἀδικεῖν ὅτι μὲν ἡ δικαιοσύνη καὶ ἀδικία	Aristotle	Michael of Ephesus	Ethica Nicomachea	In librum quintum Ethicorum	
tlg0086.tlg010	2/#21	ancient_classical	4034.006	/14#1	11th_12th	0.0743	10	17	καθ ἑκάστην μοχθηρίαν κωλύει ὁ νόμος τὰ δὲ ποιητικὰ τῆς ὅλης ἀρετῆς ἐστὶ τῶν νομίμων ὅσα νενομοθέτηται περὶ παιδείαν τὴν πρὸς τὸ κοινόν περὶ δὲ τῆς καθ ἕκαστον παιδείας	τὰ δὲ ποιητικὰ τῆς ὅλης ἀρετῆς ἐστι τῶν νομίμων ὅσα νενο μοθέτηται περὶ παιδείαν τὴν πρὸς τὸ κοινόν ἔστι γάρ τινα τῶν νομίμων καὶ	Aristotle	Michael of Ephesus	Ethica Nicomachea	In librum quintum Ethicorum	
tlg0086.tlg010	4/#11	ancient_classical	4034.006	/26#2	11th_12th	0.0866	10	17	ἄνισον ὂν ἰσάζειν πειρᾶται ὁ δικαστής καὶ γὰρ ὅταν ὃ μὲν πληγῇ ὃ δὲ πατάξῃ ἢ καὶ κτείνῃ ὃ δ ἀποθάνῃ διῄρηται τὸ πάθος καὶ ἡ πρᾶξις εἰς ἄνισα ἀλλὰ πειρᾶται τῇ	τῆς ζημίας πληγὰς ἐπιτίθησι τῷ ὑβριστῇ καὶ γὰρ ὅταν ὁ μὲν πληγῇ ὁ δὲ πατάξῃ ἢ κτείνῃ ὁ δὲ ἀποθάνῃ διῄρηται τὸ πάθος ἐπειδὴ ἡ ἐπὶ ζημίᾳ χρημάτων ἀνισότης φανερά ἐστι	Aristotle	Michael of Ephesus	Ethica Nicomachea	In librum quintum Ethicorum	
tlg0086.tlg010	5/#19	ancient_classical	4034.006	/33#1	11th_12th	0.0594	11	17	ἀντιποιεῖν γὰρ ἀνάλογον συμμένει ἡ πόλις ἢ γὰρ τὸ κακῶς ζητοῦσιν εἰ δὲ μή δουλεία δοκεῖ εἶναι εἰ μὴ ἀντιποιήσει ἢ τὸ εὖ εἰ δὲ μή μετάδοσις οὐ γίνεται τῇ μεταδόσει δὲ συμμένουσιν διὸ	τοιαῦτα κατὰ δὲ τὴν λέξιν τὴν Ἢ γὰρ τὸ κακῶς ζητοῦσιν εἰ δὲ μή δουλεία δοκεῖ εἶναι Ὃ λέγει τοιοῦτόν ἐστιν ἢ γὰρ τοὺς κακῶς ποιήσαντας ζητοῦσιν οἱ κακῶς πεπονθότες κακὰ ἀντιπαθεῖν δουλεία γάρ ἐστιν εἰ μὴ πάθοιεν ἀνα λόγως κακά ἢ πεποιηκότες εὖ τὴν πόλιν ἢ πολίτην τινὰ καὶ ζητοῦσιν ἀντιπαθεῖν εὖ εἰ δὲ μή μετάδοσις οὐκ ἔσται ὅτι δὲ τοὺς εὖ πεποιηκότας	Aristotle	Michael of Ephesus	Ethica Nicomachea	In librum quintum Ethicorum	
tlg0086.tlg010	9/#12	ancient_classical	4034.006	/56#3	11th_12th	0.1108	11	20	ἑκούσιον τὸ δ ἀκούσιον ὁμοίως δὲ καὶ ἐπὶ τοῦ δικαιοῦσθαι τὸ γὰρ δικαιοπραγεῖν πᾶν ἑκούσιον ὥστ εὔλογον ἀντικεῖσθαι ὁμοίως καθ ἑκάτερον τό τ ἀδικεῖσθαι καὶ δικαιοῦσθαι ἢ ἑκούσιον ἢ ἀκούσιον εἶναι ἄτοπον δ ἂν δόξειε καὶ ἐπὶ τοῦ δικαιοῦσθαι εἰ πᾶν ἑκούσιον ἔνιοι γὰρ δικαιοῦνται οὐχ ἑκόντες ἔπειτα καὶ τόδε διαπορήσειεν ἄν τις	λέγειν ὅτι ἀδικεῖταί τις ἑκὼν ἄτοπον Ἄτοπον δ ἂν δόξειε καὶ ἐπὶ τοῦ δικαιοῦσθαι εἰ ἅπαν ἑκούσιον Εἰπὼν ὅτι καὶ τὸ λέγειν πᾶν τὸ δικαιοῦσθαι ἑκούσιον ἄτοπόν ἐστι συντόμως τὴν αἰτίαν τῆς ἀτοπίας τέθεικεν εἰπὼν ἔνιοι γὰρ δικαιοῦνται οὐχ ἑκόντες εἰσὶ δὲ οὗτοι οἱ πεπλεονεκτηκότες ὧν	Aristotle	Michael of Ephesus	Ethica Nicomachea	In librum quintum Ethicorum	
tlg0086.tlg010	10/#11	ancient_classical	4034.006	/66#1	11th_12th	0.068	13	17	ἀκολάστου ἁφή ἀλλὰ περί τινα μέρη περὶ δὲ ἐπιεικείας καὶ τοῦ ἐπιεικοῦς πῶς ἔχει ἡ μὲν ἐπιείκεια πρὸς δικαιοσύνην τὸ δ ἐπιεικὲς πρὸς τὸ δίκαιον ἐχόμενόν ἐστιν εἰπεῖν οὔτε γὰρ ὡς ταὐτὸν ἁπλῶς οὔθ ὡς ἕτερον τῷ γένει φαίνεται σκοπουμένοις καὶ ὁτὲ μὲν τὸ ἐπιεικὲς ἐπαινοῦμεν καὶ ἄνδρα τὸν τοιοῦτον ὥστε καὶ ἐπὶ τὰ ἄλλα ἐπαινοῦντες μεταφέρομεν ἀντὶ τοῦ ἀγαθοῦ τὸ ἐπιεικέστερον ὅτι βέλτιον δηλοῦντες ὁτὲ δὲ τῷ λόγῳ ἀκολουθοῦσι φαίνεται ἄτοπον εἰ τὸ ἐπιεικὲς παρὰ τὸ δίκαιόν τι	ἔσονται ἐν αὐτοῖς καὶ τὰ πάθη Περὶ δὲ ἐπιεικείας καὶ τοῦ ἐπιεικοῦς πῶς ἔχει ἡ μὲν ἐπιείκεια πρὸς δικαιοσύνην Ἐπειδὴ ἡ ἐπιείκεια καὶ τὸ ἐπιεικὲς περὶ τὸ ἐπανορθωτικὸν δίκαιον ὡς μαθησόμεθα καταγίνονται εἰκότως	Aristotle	Michael of Ephesus	Ethica Nicomachea	In librum quintum Ethicorum	
tlg0086.tlg010	11/#9	ancient_classical	4034.006	/71#1	11th_12th	0.0615	8	8	γὰρ ἀδικεῖν μετὰ κακίας καὶ ψεκτόν καὶ κακίας ἢ τῆς τελείας καὶ ἁπλῶς ἢ ἐγγύς οὐ γὰρ ἅπαν τὸ ἑκούσιον	καὶ ἴσου ὅπερ ἐστὶ τὸ δίκαιον καὶ κακίας ἢ τῆς τελείας καὶ ἁπλῶς ἢ	Aristotle	Michael of Ephesus	Ethica Nicomachea	In librum quintum Ethicorum	
tlg0086.tlg010	1/#28	ancient_classical	4034.006	/1#2	11th_12th	0.0693	12	12	καὶ τῶν ἀντικειμένων κακιῶν τοσαῦτ εἰρήσθω περὶ δὲ δικαιοσύνης καὶ ἀδικίας σκεπτέον περὶ ποίας τε τυγχάνουσιν οὖσαι πράξεις καὶ ποία μεσότης ἐστὶν ἡ δικαιοσύνη	ὁ δαιμόνιος Ἀριστοτέλης περὶ τούτων λέγῃ Περὶ δὲ δικαιοσύνης καὶ ἀδικίας σκεπτέον περὶ ποίας τε τυγχάνουσιν οὖσαι πράξεις Ἐπειδὴ τῆς αὐτῆς καὶ μιᾶς ἐστιν	Aristotle	Michael of Ephesus	Ethica Nicomachea	In librum quintum Ethicorum	
tlg0086.tlg010	1/#32	ancient_classical	4034.006	/7#1	11th_12th	0.0862	9	9	ὥστε ἕνα μὲν τρόπον δίκαια λέγομεν τὰ ποιητικὰ καὶ φυλακτικὰ εὐδαιμονίας καὶ τῶν μορίων αὐτῆς τῇ πολιτικῇ κοινωνίᾳ προστάττει δ ὁ	δὲ ἕνα τρόπον δίκαια λέγεσθαι καὶ τὰ ποιητικὰ καὶ φυλακτικὰ εὐδαιμονίας καὶ τῶν μορίων αὐτῆς ἐπήγαγε τῇ πολιτικῇ κοινωνίᾳ διότι οἱ	Aristotle	Michael of Ephesus	Ethica Nicomachea	In librum quintum Ethicorum	
tlg0086.tlg010	6/#20	ancient_classical	4034.006	/45#1	11th_12th	0.0458	11	16	τὸ ζητούμενόν ἐστι καὶ τὸ ἁπλῶς δίκαιον καὶ τὸ πολιτικὸν δίκαιον τοῦτο δ ἔστιν ἐπὶ κοινωνῶν βίου πρὸς τὸ εἶναι αὐτάρκειαν ἐλευθέρων καὶ ἴσων ἢ κατ ἀναλογίαν ἢ κατ ἀριθμόν ὥστε ὅσοις μή ἐστι τοῦτο οὐκ ἔστι τούτοις πρὸς ἀλλήλους τὸ	Τὸ δὲ δεσποτικὸν δίκαιον καὶ τὸ πατρικὸν οὐ ταὐτὸν τούτοις Εἰπὼν πρότερον ὥστε ὅσοις μή ἐστι τοῦτο οὐκ ἔστι τούτοις πρὸς ἀλλήλους τὸ πολιτικὸν δίκαιον ἀλλά τι δίκαιον καθ	Aristotle	Michael of Ephesus	Ethica Nicomachea	In librum quintum Ethicorum	
tlg0086.tlg010	6/#21	ancient_classical	4034.006	/44#1	11th_12th	0.072	13	21	ἀδικεῖν οὐ πᾶσιν ἀδικία τοῦτο δ ἐστὶ τὸ πλέον αὑτῷ νέμειν τῶν ἁπλῶς ἀγαθῶν ἔλαττον δὲ τῶν ἁπλῶς κακῶν διὸ οὐκ ἐῶμεν ἄρχειν ἄνθρωπον ἀλλὰ τὸν λόγον ὅτι ἑαυτῷ τοῦτο ποιεῖ καὶ γίνεται	ἑαυτῷ νέμειν τουτέστιν ἀδικία ἐστὶ τὸ πλεῖον ἑαυτῷ νέμειν τῶν ἁπλῶς ἀγαθῶν ἔλαττον δὲ τῶν ἁπλῶς κακῶν λέγει δὲ ἁπλῶς ἀγαθὰ καὶ κακὰ τὰ τῇ ἑαυτῶν φύσει τοιαῦτα ἃ καὶ ὡς δυνάμεις λέγεται καὶ ἀγαθὰ καὶ κακά οἷον πλοῦτος εὐγένεια πενία δυσγένεια καὶ ἀγαθά ἐστι καὶ πάλιν κακά συντελοῦσι γὰρ τῷ μὲν σπουδαίῳ εἰς τὰς κατ ἀρετὴν ἐνεργείας τῷ δὲ φαύλῳ εἰς τὰς κατὰ κακίαν ἐν αἷς ἐνεργείαις καὶ τὸ εὐδαιμονεῖν ἢ κακοδαιμονεῖν ὁρᾶται τὰς τοιαύτας δὲ ἐνεργείας ὅτι ἄνευ τῶν τοιούτων τῶν τῇ ἑαυτῶν φύσει ἀγαθῶν ὄντων μὴ οἷόν τε ἐνεργεῖν οὐδεὶς ἀγνοεῖ δίχα γὰρ ὕλης καὶ ἄνευ ὀργάνων οὐδέν τι τῶν καλῶν ἢ κακῶν ἐνεργηθῆναι δύναται ὕλη δὲ καὶ ὄργανα τὰ ὡς δυνάμεις ἀγαθά πλοῦτος ἰσχύς εὐγένεια τὰ ὅμοια Διὸ οὐκ ἐῶμεν ἄρχειν ἄνθρωπον ἀλλὰ τὸν λόγον Διὰ τὸ τοὺς ἀνθρώπους δύνασθαι ἀδικεῖν	Aristotle	Michael of Ephesus	Ethica Nicomachea	In librum quintum Ethicorum	
tlg0086.tlg010	9/#15	ancient_classical	4034.006	/60#3	11th_12th	0.0986	10	19	γὰρ ἐνδέχεται τὸ πρότερον λεχθὲν καὶ ὁ διανέμων ἀδικεῖ ἀλλ οὐχ ὁ ἔχων τὸ πλέον εἴ τις πλέον αὑτοῦ ἑτέρῳ νέμει εἰδὼς καὶ ἑκών οὗτος αὐτὸς αὑτὸν ἀδικεῖ ὅπερ δοκοῦσιν οἱ μέτριοι ποιεῖν ὁ γὰρ ἐπιεικὴς ἐλαττωτικός ἐστιν ἢ οὐδὲ τοῦτο ἁπλοῦν ἑτέρου γὰρ ἀγαθοῦ εἰ ἔτυχεν πλεονεκτεῖ οἷον δόξης ἢ τοῦ ἁπλῶς καλοῦ ἔτι λύεται κατὰ τὸν διορισμὸν τοῦ ἀδικεῖν οὐδὲν γὰρ παρὰ τὴν αὑτοῦ πάσχει βούλησιν ὥστε οὐκ ἀδικεῖται διά γε τοῦτο ἀλλ εἴπερ βλάπτεται μόνον φανερὸν δὲ ὅτι καὶ ὁ διανέμων ἀδικεῖ ἀλλ οὐχ ὁ τὸ πλέον ἔχων ἀεί οὐ γὰρ ᾧ τὸ ἄδικον ὑπάρχει	ὁ διανέμων ἀδικεῖ ἀλλ οὐχ ὁ τὸ πλέον ἔχων ἀεί λύσας τὸ δοκοῦν ἐνίστασθαι τῷ εἶναι τὸν ἀδικοῦντα τὸν διανέμοντα ἀδίκως δῆλόν φησιν ὅτι ὁ ἀνίσως νέμων καὶ παρὰ τὴν ἀξίαν ἐστὶν ὁ ἀδικῶν ἀλλ οὐχ ὁ ἔχων τὸ πλέον προσθεὶς δὲ τῷ οὐχ ὁ ἔχων τὸ ἀεὶ ἐδήλωσεν ὅτι ὁ ἔχων τὸ πλέον ποτὲ μὲν ἀδικεῖ καὶ ἄδικός ἐστι ποτὲ δ οὐκ ἔστιν ὃ καὶ δείξει ὅταν γὰρ ὁ τὸ πλέον ἔχων παρὰ τὴν ἀξίαν αὐτός ἐστιν ὁ ποιήσας τὴν ἄνισον διανομὴν καὶ νείμας ἑαυτῷ τὸ πλέον ἀναξίως καὶ τὸ πλέον ἔχει καὶ ἄδικός ἐστιν ὥστε οὐκ ἀεὶ ὁ τὸ πλέον ἔχων οὐκ ἀδικεῖ ἀλλὰ ποτέ ὅταν ὁ	Aristotle	Michael of Ephesus	Ethica Nicomachea	In librum quintum Ethicorum	
tlg0086.tlg010	11/#10	ancient_classical	4034.006	/72#2	11th_12th	0.0457	8	15	τούτοις γὰρ τοῖς λόγοις διέστηκε τὸ λόγον ἔχον μέρος τῆς ψυχῆς πρὸς τὸ ἄλογον εἰς ἃ δὴ βλέπουσι καὶ δοκεῖ εἶναι ἀδικία πρὸς αὑτόν ὅτι ἐν τούτοις ἔστι πάσχειν τι παρὰ τὰς ἑαυτῶν ὀρέξεις ὥσπερ οὖν ἄρχοντι καὶ ἀρχομένῳ εἶναι πρὸς ἄλληλα δίκαιόν τι καὶ τούτοις περὶ μὲν οὖν	λόγον ἔχον μέρος τῆς ψυχῆς πρὸς τὸ ἄλογον ὃν λόγον ἔχει ὁ δοῦλος πρὸς τὸν δεσπότην τὸν αὐτὸν καὶ τὸ ἄλογον μέρος τῆς ψυχῆς πρὸς τὸ λογιζό μενον τοιαύτην γὰρ διέστηκε ταῦτα διάστασιν ἀπ ἀλλήλων ὡς εἶναι τὸ μὲν ἄρχον τὸ δ ἀρχόμενον τοῦτο δὲ τὸ δίκαιον φησίν ἢ οἰκονομικόν ἐστιν ἢ δεσποτικόν εἰς γὰρ ταῦτα ἀποβλέποντές φαμεν εἶναι τῶν αὐτοῦ τισι δίκαιον ἢ ἄδικον δίκαιον μέν ὅταν τὸ πεφυκὸς ἐν αὐτῷ ἄρχειν ἄρχῃ τὸ δ ἄρχεσθαι ἄρχηται ὅταν δ ἔμπαλιν γένηται καὶ ἄρχῃ μὲν τὸ ἄλογον ἄρχηται δὲ τὸ λόγον ἔχον ἀδικία ὥσπερ ἂν ὁ δοῦλος ἄρχῃ τοῦ δεσπότου ἄρχει μὲν ἐν τῷ ἀκρατεῖ ἢ καὶ ἀκολάστῳ τὸ ἄλογον ἄρχεται δὲ τὸ λογικόν ἐν δὲ τῷ ἐγκρατεῖ καὶ σώφρονι ἔμπαλιν ὁ λόγος ἄρχει τὸ δ ἄλογον ἄρχεται ὡς οὖν ἄρχοντι καὶ ἀρχομένῳ ἐστὶ πρὸς ἄλληλα δίκαιον καὶ εἴρηται περὶ	Aristotle	Michael of Ephesus	Ethica Nicomachea	In librum quintum Ethicorum	
tlg0086.tlg010	1/#29	ancient_classical	4034.006	/3#3	11th_12th	0.1001	10	10	ὅταν βαδίζῃ ὡς ἂν ὁ ὑγιαίνων πολλάκις μὲν οὖν γνωρίζεται ἡ ἐναντία ἕξις ἀπὸ τῆς ἐναντίας πολλάκις δὲ αἱ ἕξεις ἀπὸ τῶν	ἀδικίαν τῶν ἀδίκων οὐ μὴν τἀνάπαλιν Πολλάκις μὲν οὖν γνωρίζεται ἡ ἐναντία ἕξις ἀπὸ τῆς ἐναντίας Μέλλων δεικνύειν ὅτι πολλαχῶς ἡ δικαιοσύνη καὶ ἔστιν ἡ μὲν ὡς ὅλον ἡ καθόλου δικαιοσύνη ἡ δὲ ὡς μέρος ἢ ἡ μὲν ὡς γένος ἡ δ ὡς εἶδος τινὲς μὲν γὰρ τὴν καθόλου δικαιοσύνην γένος ἀπεφήναντο τῆς ἀνδρίας καὶ τῶν λοιπῶν τριῶν ἀρετῶν τινὲς δὲ οὐ γένος ἀλλ ὅλον μέλλων δὴ τοῦτο δεικνύειν πρῶτον λέγει καὶ συνίστησιν ἐκεῖνα οἷς μέλλει χρῆσθαι πρὸς τὴν τοιαύτην δεῖξιν λέγων πολλάκις μὲν γνωρίζεται ἡ ἐναντία ἕξις ἀπὸ τῆς ἐναντίας οἷον ὁ εἰδὼς ὅτι εὐεξία ἐστὶν	Aristotle	Michael of Ephesus	Ethica Nicomachea	In librum quintum Ethicorum	
tlg0086.tlg010	2/#18	ancient_classical	4034.006	/12#1	11th_12th	0.0409	13	13	τὴν ὅλην ἄλλη ἐν μέρει συνώνυμος ὅτι ὁ ὁρισμὸς ἐν τῷ αὐτῷ γένει ἄμφω γὰρ ἐν τῷ πρὸς ἕτερον ἔχουσι τὴν δύναμιν ἀλλ ἣ μὲν	τε συνωνύμων καὶ τῶν κυρίως ὁμωνύμων ὅτι ὁ ὁρισμὸς ἐν τῷ αὐτῷ γένει ἄμφω γὰρ ἐν τῷ πρὸς ἕτερον ἀπ ἀρχῆς τοῦ παρόντος βιβλίου μέχρι	Aristotle	Michael of Ephesus	Ethica Nicomachea	In librum quintum Ethicorum	
tlg0086.tlg010	2/#20	ancient_classical	4034.006	/14#1	11th_12th	0.067	10	14	καθ ἑκάστην μοχθηρίαν κωλύει ὁ νόμος τὰ δὲ ποιητικὰ τῆς ὅλης ἀρετῆς ἐστὶ τῶν νομίμων ὅσα νενομοθέτηται περὶ παιδείαν τὴν	τὰ δὲ ποιητικὰ τῆς ὅλης ἀρετῆς ἐστι τῶν νομίμων ὅσα νενο μοθέτηται περὶ παιδείαν τὴν πρὸς τὸ κοινόν ἔστι γάρ τινα	Aristotle	Michael of Ephesus	Ethica Nicomachea	In librum quintum Ethicorum	
tlg0086.tlg010	3/#25	ancient_classical	4034.006	/21#3	11th_12th	0.0094	8	22	ὡς δυσὶ χρῆται καὶ δὶς λέγει οἷον ὡς ἡ τοῦ α πρὸς τὴν τοῦ β οὕτως ἡ τοῦ β πρὸς τὴν τοῦ γ δὶς οὖν ἡ τοῦ β εἴρηται ὥστ ἐὰν ἡ τοῦ β τεθῇ δίς τέτταρα ἔσται τὰ ἀνάλογα ἔστι δὲ καὶ τὸ δίκαιον ἐν τέτταρσιν ἐλαχίστοις καὶ ὁ λόγος ὁ αὐτός διῄρηται	τὸ δὲ τῆς λέξεως τῆς οἷον ὡς ἡ τοῦ πρώτου πρὸς τὴν τοῦ δευτέρου τοιοῦτόν ἐστιν ὡς ἡ τοῦ πρώτου ὅρου σχέσις τοῦ ὀκτὼ πρὸς τὸν δεύτερον τὸν δ οὕτως ἡ τοῦ δευτέρου τοῦ δ πρὸς τὴν τοῦ τρίτου τοῦ β Ὥστε ἂν ἡ τοῦ β τεθῇ δίς Ἤτοι ὥστε ἂν ὁ δεύτερος τεθῇ δίς τέσσαρες ἔσονται ἔστι δὲ καὶ τὸ δίκαιον ἐν τέτρασιν ἐλαχίστοις ὃ συνάγει διὰ τούτων ἐστίν ὅτι	Aristotle	Michael of Ephesus	Ethica Nicomachea	In librum quintum Ethicorum	
tlg0086.tlg010	4/#10	ancient_classical	4034.006	/24#2	11th_12th	0.0621	14	14	διὰ τὸ μὴ ὠνομάσθαι τὸν μέσον τὸ δὲ λοιπὸν ἓν τὸ διορθωτικόν ὃ γίνεται ἐν τοῖς συναλλάγμασι καὶ τοῖς ἑκουσίοις καὶ τοῖς ἀκουσίοις τοῦτο δὲ τὸ δίκαιον	τὸ μᾶλλον αἱρετὸν μεῖζον ἀγαθόν ἐστι Τὸ δὲ λοιπὸν εἶδος τὸ διορθωτικὸν ὃ γίνεται ἐν τοῖς συναλλάγμασι καὶ τοῖς ἀκουσίοις καὶ ἑκουσίοις Πληρώσας τὸν περὶ τοῦ ἐν	Aristotle	Michael of Ephesus	Ethica Nicomachea	In librum quintum Ethicorum	
tlg0086.tlg010	5/#20	ancient_classical	4034.006	/33#2	11th_12th	0.1078	11	11	χαρισαμένῳ καὶ πάλιν αὐτὸν ἄρξαι χαριζόμενον ποιεῖ δὲ τὴν ἀντίδοσιν τὴν κατ ἀναλογίαν ἡ κατὰ διάμετρον σύζευξις οἰκοδόμος ἐφ ᾧ α σκυτοτόμος ἐφ	πάλιν αὐτὴν ἀρχὴν ποιεῖσθαι τοῦ ἀντευεργετεῖν ποιεῖ δὲ τὴν ἀντίδοσιν τὴν κατὰ ἀναλογίαν ἡ κατὰ διάμετρον σύζευξις εἰπὼν ὅτι τὸ ἀντιπεπονθὸς δίκαιον γινόμενον κατὰ ἀναλογίαν σωστικόν ἐστι τῆς πολιτικῆς κοινωνίας οὕτω γὰρ ἂν ὑπάγοιτο τῷ πολιτικῷ δικαίῳ κατὰ ἀναλογίαν δηλονότι γινό μενον διὰ τούτων δείκνυσι πῶς γίνεται καὶ πῶς ἐν τῷ διαγράμματι ἡ κατὰ διάμετρον σύζευξις καὶ πῶς οἱ τεχνῖται ἀλλασσόμενοι τὰ	Aristotle	Michael of Ephesus	Ethica Nicomachea	In librum quintum Ethicorum	
tlg0086.tlg010	5/#23	ancient_classical	4034.006	/38#2	11th_12th	0.0619	12	12	δεῖ γὰρ τοῦτο φέροντι εἶναι λαβεῖν πάσχει μὲν οὖν καὶ τοῦτο τὸ αὐτό οὐ γὰρ ἀεὶ ἴσον δύναται ὅμως δὲ βούλεται μένειν μᾶλλον διὸ	ἐγὼ δὲ τὸ νόμισμα τὸν ἐγγυητήν πάσχει μὲν οὖν καὶ τοῦτο τὸ αὐτό οὐ γὰρ ἀεὶ ἴσον δύναται καὶ τοῦτο τὸ νόμισμά φησι τὸ	Aristotle	Michael of Ephesus	Ethica Nicomachea	In librum quintum Ethicorum	
tlg0086.tlg010	5/#26	ancient_classical	4034.006	/41#3	11th_12th	0.0794	9	21	δὲ παρὰ τὸ ἀνάλογον ὁποτέρως ἔτυχεν τοῦ δὲ ἀδικήματος τὸ μὲν ἔλαττον ἀδικεῖσθαί ἐστι τὸ δὲ μεῖζον τὸ ἀδικεῖν περὶ μὲν οὖν δικαιοσύνης καὶ ἀδικίας τίς ἑκατέρας ἐστὶν ἡ φύσις εἰρήσθω τοῦτον τὸν τρόπον	καὶ αὐτὸ ἀναξίως ταῦτα εἰπὼν ἐπάγει τοῦ δὲ ἀδικήματος τὸ μὲν ἔλαττον ἔχειν τοῦ κατ ἀξίαν δηλονότι ἀδικεῖσθαί ἐστι τὸ δὲ μεῖζον τοῦ κατ ἀξίαν ἀδικεῖν διδάξας διὰ τούτων τίνα εἰσὶν ἃ ἀνωτέρω εἴρηκεν ὑπερβολὴν καὶ ἔλλειψιν Περὶ μὲν οὖν δικαιοσύνης καὶ ἀδικίας τίς ἑκατέρα ἐστίν Εἴρηκε γὰρ ὅτι ἔστιν ἕξις οἵαν	Aristotle	Michael of Ephesus	Ethica Nicomachea	In librum quintum Ethicorum	
tlg0086.tlg010	8/#20	ancient_classical	4034.006	/50#1	11th_12th	0.0639	14	14	οὔπω ἂν μὴ τὸ ἑκούσιον προσῇ λέγω δ ἑκούσιον μέν ὥσπερ καὶ πρότερον εἴρηται ὃ ἄν τις τῶν ἐφ αὑτῷ ὄντων εἰδὼς καὶ μὴ ἀγνοῶν πράττῃ μήτε	Λέγω δὲ ἑκούσιον μέν ὥσπερ καὶ πρότερον εἴρηται ὃ ἄν τις τῶν ἐφ αὑτῷ ὄντων Ἐπεὶ ἐν τῷ τρίτῳ βιβλίῳ τῆς	Aristotle	Michael of Ephesus	Ethica Nicomachea	In librum quintum Ethicorum	
tlg0086.tlg010	1/#29	ancient_classical	4034.006	/3#2	11th_12th	0.0809	10	10	ὅταν βαδίζῃ ὡς ἂν ὁ ὑγιαίνων πολλάκις μὲν οὖν γνωρίζεται ἡ ἐναντία ἕξις ἀπὸ τῆς ἐναντίας πολλάκις δὲ αἱ ἕξεις ἀπὸ τῶν	ἀδικίαν τῶν ἀδίκων οὐ μὴν τἀνάπαλιν Πολλάκις μὲν οὖν γνωρίζεται ἡ ἐναντία ἕξις ἀπὸ τῆς ἐναντίας Μέλλων δεικνύειν	Aristotle	Michael of Ephesus	Ethica Nicomachea	In librum quintum Ethicorum	
tlg0086.tlg010	1/#30	ancient_classical	4034.006	/4#1	11th_12th	0.082	16	16	εἰ τὸ δίκαιον καὶ τὸ ἄδικον ἔοικε δὲ πλεοναχῶς λέγεσθαι ἡ δικαιοσύνη καὶ ἡ ἀδικία ἀλλὰ διὰ τὸ σύνεγγυς εἶναι τὴν ὁμωνυμίαν αὐτῶν λανθάνει καὶ οὐχ ὥσπερ ἐπὶ	τι ἐναντίον τὸ κατὰ διάνοιαν μισεῖν ἔοικε δὲ πολλαχῶς λέγεσθαι ἡ δικαιοσύνη καὶ ἡ ἀδικία ἀλλὰ διὰ τὸ σύνεγγυς εἶναι τὴν ὁμωνυμίαν διὰ τούτων τὴν αἰτίαν λέγει τοῦ	Aristotle	Michael of Ephesus	Ethica Nicomachea	In librum quintum Ethicorum	
tlg0086.tlg010	1/#30	ancient_classical	4034.006	/3#3	11th_12th	0.1131	10	10	ὅταν βαδίζῃ ὡς ἂν ὁ ὑγιαίνων πολλάκις μὲν οὖν γνωρίζεται ἡ ἐναντία ἕξις ἀπὸ τῆς ἐναντίας πολλάκις δὲ αἱ ἕξεις ἀπὸ τῶν	ἀδικίαν τῶν ἀδίκων οὐ μὴν τἀνάπαλιν Πολλάκις μὲν οὖν γνωρίζεται ἡ ἐναντία ἕξις ἀπὸ τῆς ἐναντίας Μέλλων δεικνύειν ὅτι πολλαχῶς ἡ δικαιοσύνη καὶ ἔστιν ἡ μὲν ὡς ὅλον ἡ καθόλου δικαιοσύνη ἡ δὲ ὡς μέρος ἢ ἡ μὲν ὡς γένος ἡ δ ὡς εἶδος τινὲς μὲν γὰρ τὴν καθόλου δικαιοσύνην γένος ἀπεφήναντο τῆς ἀνδρίας καὶ τῶν λοιπῶν τριῶν ἀρετῶν τινὲς δὲ οὐ γένος ἀλλ ὅλον μέλλων δὴ τοῦτο δεικνύειν πρῶτον λέγει καὶ συνίστησιν ἐκεῖνα οἷς μέλλει χρῆσθαι πρὸς τὴν τοιαύτην δεῖξιν λέγων πολλάκις μὲν γνωρίζεται ἡ ἐναντία ἕξις ἀπὸ τῆς ἐναντίας οἷον ὁ εἰδὼς ὅτι εὐεξία ἐστὶν	Aristotle	Michael of Ephesus	Ethica Nicomachea	In librum quintum Ethicorum	
tlg0086.tlg010	2/#19	ancient_classical	4034.006	/13#2	11th_12th	0.0102	8	8	παράνομον ἡ πρότερον εἰρημένη ἀδικία ἐστίν ἐπεὶ δὲ τὸ ἄνισον καὶ τὸ παράνομον οὐ ταὐτὸν ἀλλ ἕτερον ὡς μέρος πρὸς ὅλον	ὡς μέρος περὶ ἧς εἰπεῖν πρόκειται ἐπεὶ δὲ τὸ ἄνισον καὶ τὸ πλεῖον οὐ ταὐτόν ἐξ ἀναλογίας τινὸς δείκνυσι τὴν διαφορὰν	Aristotle	Michael of Ephesus	Ethica Nicomachea	In librum quintum Ethicorum	
tlg0086.tlg010	3/#25	ancient_classical	4034.006	/20#3	11th_12th	0.0892	12	12	ἔστιν ἄρα τὸ δίκαιον ἀνάλογόν τι τὸ γὰρ ἀνάλογον οὐ μόνον ἐστὶ μοναδικοῦ ἀριθμοῦ ἴδιον ἀλλ ὅλως ἀριθμοῦ ἡ γὰρ ἀναλογία ἰσότης ἐστὶ λόγων	ταῖς Πολιτείαις καὶ πολλὰ καὶ καλά Τὸ γὰρ ἀνάλογον οὐ μόνον ἐστὶ μοναδικοῦ ἀριθμοῦ ἴδιον ἀλλ ὅλως ἀριθμοῦ Μοναδικὸν ἀριθμὸν λέγει ᾧ ἀριθμοῦμεν οἷον	Aristotle	Michael of Ephesus	Ethica Nicomachea	In librum quintum Ethicorum	
tlg0086.tlg010	3/#26	ancient_classical	4034.006	/21#3	11th_12th	0.0369	8	13	ἡ τοῦ β τεθῇ δίς τέτταρα ἔσται τὰ ἀνάλογα ἔστι δὲ καὶ τὸ δίκαιον ἐν τέτταρσιν ἐλαχίστοις καὶ ὁ λόγος ὁ αὐτός διῄρηται	τοῦ τρίτου τοῦ β Ὥστε ἂν ἡ τοῦ β τεθῇ δίς Ἤτοι ὥστε ἂν ὁ δεύτερος τεθῇ δίς τέσσαρες ἔσονται ἔστι δὲ καὶ τὸ δίκαιον ἐν τέτρασιν ἐλαχίστοις ὃ συνάγει διὰ τούτων ἐστίν ὅτι	Aristotle	Michael of Ephesus	Ethica Nicomachea	In librum quintum Ethicorum	
tlg0086.tlg010	4/#11	ancient_classical	4034.006	/26#1	11th_12th	0.0698	10	10	καὶ εἰ ἔβλαψεν ὃ δὲ βέβλαπται ὥστε τὸ ἄδικον τοῦτο ἄνισον ὂν ἰσάζειν πειρᾶται ὁ δικαστής καὶ γὰρ ὅταν ὃ μὲν πληγῇ	καὶ τὸ πρόστιμον κατ ἐκεῖνα ἐνεργεῖται Ὥστε τὸ ἄδικον τοῦτο ἄνισον ὂν ἰσάζειν πειρᾶται ὁ δικαστής Ὡς ἐπὶ β ἴσων ἀριθμῶν οἷον	Aristotle	Michael of Ephesus	Ethica Nicomachea	In librum quintum Ethicorum	
tlg0086.tlg010	5/#24	ancient_classical	4034.006	/39#1	11th_12th	0.0847	10	10	οὔσης οὔτ ἰσότης μὴ οὔσης συμμετρίας τῇ μὲν οὖν ἀληθείᾳ ἀδύνατον τὰ τοσοῦτον διαφέροντα σύμμετρα γενέσθαι πρὸς δὲ τὴν χρείαν ἐνδέχεται ἱκανῶς	ἀλλαγῆς οἰχομένης οἴχεται καὶ ἡ κοινωνία τῇ μὲν οὖν ἀληθείᾳ ἀδύνατον τὰ τοσοῦτον διαφέροντα σύμμετρα γενέσθαι εἰ κυρίως σύμμετρα τὰ ὁμογενῆ δύνανται	Aristotle	Michael of Ephesus	Ethica Nicomachea	In librum quintum Ethicorum	
tlg0086.tlg010	10/#11	ancient_classical	4034.006	/66#2	11th_12th	0.0295	9	9	ἕτερον τῷ γένει φαίνεται σκοπουμένοις καὶ ὁτὲ μὲν τὸ ἐπιεικὲς ἐπαινοῦμεν καὶ ἄνδρα τὸν τοιοῦτον ὥστε καὶ ἐπὶ τὰ ἄλλα ἐπαινοῦντες	τῷ δικαίῳ τὸ ἐπιεικές ἐπήγαγε λέγων ὁτὲ μὲν τὸ ἐπιεικὲς ἐπαινοῦμεν καὶ ἄνδρα τὸν τοιοῦτον λέγοντες ὡς βελτίων ἐστὶ τοῦ δικαίου	Aristotle	Michael of Ephesus	Ethica Nicomachea	In librum quintum Ethicorum	
tlg0086.tlg010	11/#9	ancient_classical	4034.006	/72#2	11th_12th	0.018	8	8	τούτοις γὰρ τοῖς λόγοις διέστηκε τὸ λόγον ἔχον μέρος τῆς ψυχῆς πρὸς τὸ ἄλογον εἰς ἃ	λόγον ἔχον μέρος τῆς ψυχῆς πρὸς τὸ ἄλογον ὃν λόγον ἔχει ὁ δοῦλος πρὸς τὸν δεσπότην τὸν αὐτὸν καὶ τὸ ἄλογον μέρος τῆς ψυχῆς πρὸς τὸ λογιζό μενον τοιαύτην γὰρ διέστηκε ταῦτα	Aristotle	Michael of Ephesus	Ethica Nicomachea	In librum quintum Ethicorum	
tlg0086.tlg010	2/#18	ancient_classical	4034.006	/11#3	11th_12th	0.0719	9	9	οὔ δῆλον ἄρα ὅτι διὰ τὸ κερδαίνειν ἔτι περὶ μὲν τἆλλα πάντα ἀδικήματα γίνεται ἡ ἐπαναφορὰ ἐπί τινα μοχθηρίαν ἀεί οἷον	οὗτοι καὶ ἄλλος ὁ πλεονεκτῶν καὶ κερδαίνων Ἔτι περὶ μὲν τἆλλα πάντα ἀδικήματα γίνεται ἡ ἐπανα φορὰ ἐπί τινα μοχθηρίαν Ὃ	Aristotle	Michael of Ephesus	Ethica Nicomachea	In librum quintum Ethicorum	
tlg0086.tlg010	4/#14	ancient_classical	4034.006	/30#1	11th_12th	0.0394	10	10	καὶ τῷ γζ τῆς ἄρα ββ τῷ γδ ἔστι δὲ τοῦτο καὶ ἐπὶ τῶν ἄλλων τεχνῶν ἀνῃροῦντο γὰρ ἄν εἰ μὴ ἐποίει	τῆς δὲ ΒΒ ὑπερέχει ἡ ΔΓΓ τῇ ΓΔ ἔστι δὲ τοῦτο καὶ ἐπὶ τῶν ἄλλων τεχνῶν διὰ τούτων παρίστησιν ὅτι καὶ αἱ	Aristotle	Michael of Ephesus	Ethica Nicomachea	In librum quintum Ethicorum	
tlg0086.tlg010	5/#21	ancient_classical	4034.006	/34#2	11th_12th	0.0617	12	12	ἔπασχε τοῦτο καὶ τοσοῦτον καὶ τοιοῦτον οὐ γὰρ ἐκ δύο ἰατρῶν γίνεται κοινωνία ἀλλ ἐξ ἰατροῦ καὶ γεωργοῦ καὶ ὅλως ἑτέρων καὶ οὐκ ἴσων	κοινωνία τοῦ οἰκοδόμου καὶ τοῦ σκυτέως Οὐ γὰρ ἐκ δύο ἰατρῶν γίνεται κοινωνία ἀλλ ἐξ ἰατροῦ καὶ γεωργοῦ Εἰπὼν ὅτι οὐθὲν κωλύει κρεῖττον εἶναι	Aristotle	Michael of Ephesus	Ethica Nicomachea	In librum quintum Ethicorum	
tlg0086.tlg010	5/#25	ancient_classical	4034.006	/40#3	11th_12th	0.0919	13	13	ἐστίν ἡ δ ἀδικία τῶν ἄκρων καὶ ἡ μὲν δικαιοσύνη ἐστὶ καθ ἣν ὁ δίκαιος λέγεται πρακτικὸς κατὰ προαίρεσιν τοῦ δικαίου καὶ διανεμητικὸς καὶ αὑτῷ	ὅτι τοῦ μέσου καὶ ἴσου ἐστί Καὶ ἡ μὲν δικαιοσύνη ἐστὶ καθ ἣν ὁ δίκαιος λέγεται πρακτικὸς κατὰ προαίρεσιν Πάνυ καλῶς προσέθηκε τὸ κατὰ προαίρεσιν	Aristotle	Michael of Ephesus	Ethica Nicomachea	In librum quintum Ethicorum	
tlg0086.tlg010	6/#20	ancient_classical	4034.006	/49#3	11th_12th	0.0833	14	14	διὰ τὸ ἀνώνυμον εἶναι τὸ μέσον ἐπεὶ δ ἔστιν ἀδικοῦντα μήπω ἄδικον εἶναι ὁ ποῖα ἀδικήματα ἀδικῶν ἤδη ἄδικός ἐστιν ἑκάστην ἀδικίαν οἷον κλέπτης ἢ μοιχὸς ἢ λῃστής	καὶ ὃ πρὸ ὀλίγου προεβάλετο λέγων ἐπεὶ δὲ ἔστιν ἀδικοῦντα μήπω ἄδικον εἶναι ὁ ποῖα ἀδικήματα ἀδικῶν ἤδη ἄδικός ἐστι πᾶσαν ἀδικίαν καὶ φησὶν ὅτι ὅταν ἑκών τις	Aristotle	Michael of Ephesus	Ethica Nicomachea	In librum quintum Ethicorum	
tlg0086.tlg010	9/#14	ancient_classical	4034.006	/59#3	11th_12th	0.0351	10	14	τοῦ ἀδικεῖσθαι ὅτι οὐχ ἑκούσιον δῆλον ἔτι δ ὧν προειλόμεθα δύ ἔστιν εἰπεῖν πότερόν ποτ ἀδικεῖ ὁ νείμας παρὰ τὴν ἀξίαν τὸ πλέον ἢ ὁ ἔχων καὶ εἰ ἔστιν αὐτὸν αὑτὸν	ἀδικουμένῳ ἐστίν ἀλλ ἐν τῷ ἀδικοῦντι Ἔτι δ ὧν προειλόμεθα δύο ἔστιν εἰπεῖν πότερόν ποτε ἀδικεῖ Περὶ τῶν δύο ἀποριῶν ἃς προτίθησιν οὐδαμοῦ μνείαν ἐν τοῖς ἔμπροσθεν πεποίηκε κἂν δοκῇ ὅσον ἐπὶ τῇ λέξει προειρηκέναι περὶ αὐτῶν εἴη δ ἂν λέγων ὅτι τῆς προθέσεως ἡμῖν περὶ δικαιοσύνης εἰπεῖν οὔσης ἐπεὶ ὁ περὶ αὐτῆς λόγος πεπλήρωται ὑπόλοιπόν ἐστι περὶ δύο τινῶν εἰπεῖν ἔστι δὲ τὰ δύο ἃ τίθησιν ὡς ἀπορεῖσθαι δυνάμενα καὶ δεόμενα προσδιορισμοῦ τινος ἓν μὲν τίς ἐστιν ὁ ἀδικῶν ὁ παρὰ τὴν ἀξίαν νέμων τὸ πλέον ἢ ὁ	Aristotle	Michael of Ephesus	Ethica Nicomachea	In librum quintum Ethicorum	
tlg0086.tlg010	9/#18	ancient_classical	4034.006	/65#1	11th_12th	0.039	11	11	μὴ φαρμακεύειν ἐστίν ἀλλὰ τὸ ὡδί ἔστι δὲ τὰ δίκαια ἐν τούτοις οἷς μέτεστι τῶν ἁπλῶς ἀγαθῶν ἔχουσι δ ὑπερβολὴν ἐν τούτοις καὶ	Ἔστι δὲ τὰ δίκαια ἐν τούτοις οἷς μέτεστι τῶν ἁπλῶς ἀγαθῶν Ἦν ἂν σαφεστέρα ἡ λέξις εἰ οὕτως πως εἶχεν τῶν δικαίων τὸ μὲν ὡς εἴρηται διανεμητικὸν τὸ δ ἐπανορθωτικόν ταῦτα δὲ τὸ διανεμητικὸν καὶ τὸ ἐπανορθωτικὸν ἐν τούτοις ἐστὶ τοῖς μετέχουσι τῶν ἁπλῶς ἀγαθῶν ἐν οἷς ἐστι καὶ ἡ εὐδαιμονία	Aristotle	Michael of Ephesus	Ethica Nicomachea	In librum quintum Ethicorum	
tlg0086.tlg010	11/#7	ancient_classical	4034.006	/69#2	11th_12th	0.014	8	12	οὐκ ἐᾷ ὁ νόμος ἀδικεῖ ἄρα ἀλλὰ τίνα ἢ τὴν πόλιν αὑτὸν δ οὔ ἑκὼν γὰρ πάσχει ἀδικεῖται δ οὐδεὶς ἑκών διὸ καὶ ἡ πόλις ζημιοῖ καί τις ἀτιμία πρόσεστι τῷ ἑαυτὸν διαφθείραντι ὡς τὴν πόλιν ἀδικοῦντι ἔτι καθ ὃ ἄδικος μόνον ὁ	ἤ τι κακὸν δράσαντα εἰς αὐτόν ἀλλὰ τίνα ἢ τὴν πόλιν ἑαυτὸν δ οὔ ἀναιρεῖ διὰ τούτου τὸν δοκοῦντα συνάγειν λόγον ὅτι ἔστιν ἀδικεῖν ἑαυτόν λέγων ὅτι ὁ ἀνελὼν ἑαυτὸν ἀδικεῖ ἀλλ οὐχ ἑαυτόν ἑκὼν γὰρ ἑαυτὸν ἀνεῖλε δέδεικται δὲ ὅτι ἑκὼν οὐδεὶς ἀδικεῖται ὥστε ἑαυτὸν μὲν οὐκ ἀδικεῖ ἀδικεῖ δέ τινα ἤτοι τὴν πόλιν ἀδικεῖ δὲ τὴν πόλιν καθὸ ἀφαιρεῖται αὐτὴν στρατηγὸν ἢ στρατιώτην ἢ τεχνίτην ἤ τινα τοιοῦτον ὁ γὰρ ἑαυτὸν ἀναιρήσας ἢ ἄρχων ἦν ἢ στρατιώ της ἢ τεχνίτης ἢ ἄλλο τι τῶν ἐκ τῆς πόλεως μερῶν ὥστε ζημιώσας τὴν πόλιν πολίτου ἀδικεῖ τὴν πόλιν διὸ καὶ ὡς τὴν πόλιν ἀδικήσαντα ζημιοῖ αὐτὸν	Aristotle	Michael of Ephesus	Ethica Nicomachea	In librum quintum Ethicorum	
tlg0086.tlg010	1/#35	ancient_classical	4034.006	/9#2	11th_12th	0.0144	8	8	ἀδικία μέρος κακίας ἀλλ ὅλη κακία τί δὲ διαφέρει ἡ ἀρετὴ καὶ ἡ δικαιοσύνη αὕτη δῆλον ἐκ τῶν εἰρημένων ἔστι	μία τις ἀρετὴ ἢ μέρος ἀρετῆς τί δὲ διαφέρει ἡ ἀρετὴ καὶ ἡ δικαιοσύνη ἐκ τῶν εἰρημένων δῆλον ὥσπερ ὁ	Aristotle	Michael of Ephesus	Ethica Nicomachea	In librum quintum Ethicorum	
tlg0086.tlg010	2/#18	ancient_classical	4034.006	/11#1	11th_12th	0.0963	9	14	ἄδικόν τι ἐν μέρει τοῦ ὅλου ἀδίκου τοῦ παρὰ τὸν νόμον ἔτι εἰ ὃ μὲν τοῦ κερδαίνειν ἕνεκα μοιχεύει καὶ προσλαμβάνων ὃ δὲ προστιθεὶς καὶ ζημιούμενος δι	τῶν ὅλων τοῦ ἀδίκου καὶ τῆς ἀδικίας τῶν παρὰ τὸν νόμον ἔτι δὲ εἰ ὁ μὲν τοῦ κερδαίνειν ἕνεκα μοιχεύει καὶ προσλαμβάνει καὶ διὰ τού των τὸ αὐτὸ	Aristotle	Michael of Ephesus	Ethica Nicomachea	In librum quintum Ethicorum	
tlg0086.tlg010	3/#24	ancient_classical	4034.006	/19#1	11th_12th	0.0554	8	8	ἴσον δυοῖν ᾗ δὲ δίκαιον τισίν ἀνάγκη ἄρα τὸ δίκαιον ἐν ἐλαχίστοις εἶναι τέτταρσιν οἷς τε γὰρ δίκαιον τυγχάνει ὄν	ἄξιον εἶναι ὁμοίως καὶ τὸν Αἴαντα Ἀνάγκη ἄρα τὸ δίκαιον ἐν ἐλαχίστοις εἶναι τέτρασιν Ἐπεὶ γὰρ ἡ διανομὴ πρὸς τοὺς κοινωνοῦντας τῆς αὐτῆς πολιτείας γίνεται ἀνάγκη τὸ δίκαιον ἐν ἐλαχίστοις τέτρασιν εἶναι ἢ γὰρ ἴσοι εἰσὶν	Aristotle	Michael of Ephesus	Ethica Nicomachea	In librum quintum Ethicorum	
tlg0086.tlg010	5/#21	ancient_classical	4034.006	/35#1	11th_12th	0.0723	9	9	οὐκ ἴσων ἀλλὰ τούτους δεῖ ἰσασθῆναι διὸ πάντα συμβλητὰ δεῖ πως εἶναι ὧν ἐστὶν ἀλλαγή ἐφ ὃ τὸ νόμισμ ἐλήλυθε καὶ	οὕτω γὰρ ἂν τὸ ἴσον ἔχοιεν Διὸ πάντα συμβλητὰ δεῖ πως εἶναι ὧν ἐστιν ἀλλαγή Τὸ συμβλητὰ ἀντὶ τοῦ λόγον ἔχειν	Aristotle	Michael of Ephesus	Ethica Nicomachea	In librum quintum Ethicorum	
tlg0086.tlg010	9/#16	ancient_classical	4034.006	/60#4	11th_12th	0.0483	8	13	δ ὅθεν ἡ ἀρχὴ τῆς πράξεως ἥ ἐστιν ἐν τῷ διανέμοντι ἀλλ οὐκ ἐν τῷ λαμβάνοντι ἔτι ἐπεὶ πολλαχῶς τὸ ποιεῖν λέγεται	προαιρέσεως ἑκὼν δὲ ποιεῖ ἐν ᾧ ἡ ἀρχὴ τῆς πράξεως ἡ δὲ τῆς πράξεως ἀρχὴ ἐν τῷ διανέμοντι ἀλλ οὐκ ἐν τῷ λαβόντι	Aristotle	Michael of Ephesus	Ethica Nicomachea	In librum quintum Ethicorum	
tlg0086.tlg010	11/#6	ancient_classical	4034.006	/68#3	11th_12th	0.0399	8	8	ὡς ὁ ὀρθὸς λόγος πότερον δ ἐνδέχεται ἑαυτὸν ἀδικεῖν ἢ οὔ φανερὸν ἐκ τῶν εἰρημένων τὰ μὲν γάρ ἐστι τῶν	αὐτῷ πρὸς τὸ πικρῶς κολάζειν πότερον ἐνδέχεται ἑαυτὸν ἀδικεῖν ἢ οὔ φανερὸν ἐκ τῶν εἰρη μένων ζητήσας πρότερον περὶ τοῦ	Aristotle	Michael of Ephesus	Ethica Nicomachea	In librum quintum Ethicorum	
tlg0086.tlg010	1/#30	ancient_classical	4034.006	/3#2	11th_12th	0.0642	10	10	ὅταν βαδίζῃ ὡς ἂν ὁ ὑγιαίνων πολλάκις μὲν οὖν γνωρίζεται ἡ ἐναντία ἕξις ἀπὸ τῆς ἐναντίας πολλάκις δὲ αἱ ἕξεις ἀπὸ τῶν	ἀδικίαν τῶν ἀδίκων οὐ μὴν τἀνάπαλιν Πολλάκις μὲν οὖν γνωρίζεται ἡ ἐναντία ἕξις ἀπὸ τῆς ἐναντίας Μέλλων δεικνύειν	Aristotle	Michael of Ephesus	Ethica Nicomachea	In librum quintum Ethicorum	
tlg0086.tlg010	3/#24	ancient_classical	4034.006	/19#4	11th_12th	0.1084	8	8	ἴσοι ἢ μὴ ἴσοι ἴσα ἔχωσι καὶ νέμωνται ἔτι ἐκ τοῦ κατ ἀξίαν τοῦτο δῆλον τὸ γὰρ δίκαιον ἐν ταῖς νομαῖς	τότε μάχαι καὶ ἐγκλήματα καὶ στάσεις κατ ἀλλήλων Ἔτι ἐκ τοῦ κατ ἀξίαν τοῦτο δῆλον Εἰπὼν ὅτι δικαία διανομή ἐστιν ὅταν	Aristotle	Michael of Ephesus	Ethica Nicomachea	In librum quintum Ethicorum	
tlg0086.tlg010	6/#22	ancient_classical	4034.006	/45#1	11th_12th	0.038	10	10	ἱκανὰ τὰ τοιαῦτα οὗτοι γίνονται τύραννοι τὸ δὲ δεσποτικὸν δίκαιον καὶ τὸ πατρικὸν οὐ ταὐτὸν τούτοις ἀλλ ὅμοιον οὐ γὰρ ἔστιν ἀδικία	Τὸ δὲ δεσποτικὸν δίκαιον καὶ τὸ πατρικὸν οὐ ταὐτὸν τούτοις Εἰπὼν πρότερον ὥστε ὅσοις μή ἐστι	Aristotle	Michael of Ephesus	Ethica Nicomachea	In librum quintum Ethicorum	
tlg0086.tlg010	7/#26	ancient_classical	4034.006	/53#1	11th_12th	0.027	12	12	δικαίωμα δὲ τὸ ἐπανόρθωμα τοῦ ἀδικήματος καθ ἕκαστον δὲ αὐτῶν ποῖά τε εἴδη καὶ πόσα καὶ περὶ ποῖα τυγχάνει ὄντα ὕστερον ἐπισκεπτέον τὴν δὲ	εἰσιν Εἰπὼν πρὸ ὀλίγου περὶ αὐτῶν καθ ἕκαστόν γε αὐτῶν ὁποῖά τε εἴδη καὶ πόσα καὶ περὶ ποῖα ὄντα τυγχάνουσιν ὕστερον ἐπισκεπτέον νῦν τοῦτο	Aristotle	Michael of Ephesus	Ethica Nicomachea	In librum quintum Ethicorum	
tlg0086.tlg010	8/#22	ancient_classical	4034.006	/53#4	11th_12th	0.0924	10	10	τὰ μὲν μετ ἀγνοίας ἁμαρτήματά ἐστιν ὅταν μήτε ὃν μήτε ὃ μήτε ᾧ μήτε οὗ ἕνεκα ὑπέλαβε πράξῃ ἢ γὰρ οὐ βάλλειν	κατὰ τὴν ἀρχὴν τῆς λέξεως τὸ ὅταν μήτε ὃν μήτε ὃ μήτε ᾧ μήτε οὗ ἕνεκα ὃν μὲν	Aristotle	Michael of Ephesus	Ethica Nicomachea	In librum quintum Ethicorum	
tlg0086.tlg010	4/#10	ancient_classical	4034.006	/24#3	11th_12th	0.0453	8	8	δὲ λοιπὸν ἓν τὸ διορθωτικόν ὃ γίνεται ἐν τοῖς συναλλάγμασι καὶ τοῖς ἑκουσίοις καὶ τοῖς ἀκουσίοις τοῦτο δὲ τὸ δίκαιον	γίνεται ἐν τοῖς συναλλάγμασι καὶ τοῖς ἀκουσίοις καὶ ἑκουσίοις Πληρώσας τὸν περὶ τοῦ ἐν	Aristotle	Michael of Ephesus	Ethica Nicomachea	In librum quintum Ethicorum	
tlg0086.tlg010	5/#18	ancient_classical	4034.006	/31#2	11th_12th	0.0575	9	9	οὖν περὶ τὴν ὀργὴν ἕξεις εἰρήσθωσαν δοκεῖ δέ τισι καὶ τὸ ἀντιπεπονθὸς εἶναι ἁπλῶς δίκαιον ὥσπερ οἱ Πυθαγόρειοι ἔφασαν ὡρίζοντο γὰρ	καὶ πρότερον εἶχε πρὸ τῆς πλεονεξίας Δοκεῖ δέ τισι καὶ τὸ ἀντιπεπονθὸς εἶναι ἁπλῶς δίκαιον Εἰπὼν περὶ τῶν δύο εἰδῶν ἢ	Aristotle	Michael of Ephesus	Ethica Nicomachea	In librum quintum Ethicorum	
tlg0086.tlg010	5/#20	ancient_classical	4034.006	/30#1	11th_12th	0.0084	8	8	τὸ θατέρου δεῖ οὖν ταῦτα ἰσασθῆναι ἔστι δὲ τοῦτο καὶ ἐπὶ τῶν ἄλλων τεχνῶν ἀνῃροῦντο γὰρ ἄν εἰ μὴ ὃ	ΒΒ ὑπερέχει ἡ ΔΓΓ τῇ ΓΔ ἔστι δὲ τοῦτο καὶ ἐπὶ τῶν ἄλλων τεχνῶν διὰ τούτων παρίστησιν ὅτι καὶ αἱ	Aristotle	Michael of Ephesus	Ethica Nicomachea	In librum quintum Ethicorum	
tlg0086.tlg010	5/#21	ancient_classical	4034.006	/30#1	11th_12th	0.0088	8	8	ταῦτα ἰσασθῆναι ἔστι δὲ τοῦτο καὶ ἐπὶ τῶν ἄλλων τεχνῶν ἀνῃροῦντο γὰρ ἄν εἰ μὴ ὃ	ΒΒ ὑπερέχει ἡ ΔΓΓ τῇ ΓΔ ἔστι δὲ τοῦτο καὶ ἐπὶ τῶν ἄλλων τεχνῶν διὰ τούτων παρίστησιν ὅτι καὶ αἱ	Aristotle	Michael of Ephesus	Ethica Nicomachea	In librum quintum Ethicorum	
tlg0086.tlg010	9/#17	ancient_classical	4034.006	/63#1	11th_12th	0.0403	11	11	τὸ ἀργύριον ῥᾴδιον καὶ ἐπ αὐτοῖς ἀλλὰ τὸ ὡδὶ ἔχοντας ταῦτα ποιεῖν οὔτε ῥᾴδιον οὔτ ἐπ αὐτοῖς ὁμοίως δὲ καὶ τὸ γνῶναι τὰ	ἢ πατάξαι ἐφ ἡμῖν καὶ ῥᾴδιον ἀλλὰ τὸ ὡδὶ ἔχοντα ταῦτα ποιεῖν οὔτε ῥᾴδιον οὔτε ἐπ αὐτοῖς τουτέστιν ἀλλὰ τὸ ἀπὸ τῆς ἕξεως	Aristotle	Michael of Ephesus	Ethica Nicomachea	In librum quintum Ethicorum	
tlg0086.tlg010	5/#20	ancient_classical	4034.006	/34#3	11th_12th	0.0744	9	9	οὐκ ἴσον οὐδὲ συμμένει οὐθὲν γὰρ κωλύει κρεῖττον εἶναι τὸ θατέρου ἔργον ἢ τὸ θατέρου δεῖ οὖν ταῦτα ἰσασθῆναι ἔστι δὲ	ἰατροῦ καὶ γεωργοῦ Εἰπὼν ὅτι οὐθὲν κωλύει κρεῖττον εἶναι τὸ θατέρου ἔργον ἢ τὸ θατέρου τοῦτο διὰ τῶν λεγομένων νῦν δείκνυσι	Aristotle	Michael of Ephesus	Ethica Nicomachea	In librum quintum Ethicorum	
tlg0086.tlg010	10/#15	ancient_classical	4034.006	/68#2	11th_12th	0.0371	9	9	τοιούτων προαιρετικὸς καὶ πρακτικός καὶ ὁ μὴ ἀκριβοδίκαιος ἐπὶ τὸ χεῖρον ἀλλ ἐλαττωτικός καίπερ ἔχων τὸν νόμον	ὁ γὰρ τῶν τοιούτων προαι ρετικὸς καὶ πρακτικός καὶ ὁ μὴ ἀκριβοδίκαιος ἐπὶ τὸ χεῖρον ἐπὶ τὸ χεῖρόν ἐστιν ἀκριβοδίκαιος ὁ	Aristotle	Michael of Ephesus	Ethica Nicomachea	In librum quintum Ethicorum	
tlg0086.tlg010	5/#25	ancient_classical	4034.006	/68#2	11th_12th	0.0	8	8	οἰκίας ἢ ὅσου αἱ πέντε κλῖναι τί μὲν οὖν τὸ ἄδικον καὶ τί τὸ δίκαιόν ἐστιν εἴρηται διωρισμένων δὲ τούτων δῆλον	ταύτης φανερὸν καὶ τίς ὁ ἐπιεικής Τί μὲν οὖν τὸ ἐπιεικές καὶ τί τὸ δίκαιον καὶ τίνος βέλτιον δικαίου Δηλαδὴ τοῦ	Aristotle	Michael of Ephesus	Ethica Nicomachea	In librum quintum Ethicorum	
tlg0086.tlg010	6/#20	ancient_classical	4034.006	/42#3	11th_12th	0.0324	8	8	εἴρηται πρότερον δεῖ δὲ μὴ λανθάνειν ὅτι τὸ ζητούμενόν ἐστι καὶ τὸ ἁπλῶς δίκαιον καὶ τὸ πολιτικὸν δίκαιον τοῦτο δ	ὅτι τὸ ζητούμενόν ἐστι καὶ τὸ ἁπλῶς δίκαιον Τὸ ἁπλῶς ἀντὶ τοῦ κυρίως καὶ	Aristotle	Michael of Ephesus	Ethica Nicomachea	In librum quintum Ethicorum	
tlg4036.tlg001	In Rempublicam/121v#182	ancient_classical	0732.004	in Metaph/63#2	11th_12th	0.0073	9	9	ἡμᾶς ἐν ἐπιστολαῖς II ἀνήγαγεν εἰπών περὶ τὸν πάντων βασιλέα πάντα ἐστὶν καὶ ἐκείνου ἕνεκα πάντα καὶ ἐκεῖνο αἴτιον πάντων τῶν καλῶν	τις πῶς Πλάτων ἐν Ἐπιστολαῖς λέγων περὶ τὸν πάντων βασιλέα πάντα ἔστι καὶ τούτου ἕνεκα πάντα οὐ λέγει διὰ τούτων τὸ ἀγαθὸν	Proclus	Michael of Ephesus (trad. Alex. Aphr.)	In Platonis Rem publicam commentarii	In Aristotelis Metaphysica	
tlg4036.tlg001	In Rempublicam/121v#130	ancient_classical	0732.004	in Metaph/672#3	11th_12th	0.0128	9	16	τεταγμένη καὶ ἡ δόξα ἐπὶ τῷ πσῇ μὲν ὄντι πῇ δὲ μὴ ὄντι ἀπεργάζεται δὲ ἣ μὲν γνωστικοὺς ἡμᾶς τοῦ ὄντος ἣ δὲ δοξαστικοὺς τοῦ πῇ μὲν ὄντος πῇ δὲ μὴ ὄντος οὐ γὰρ δηλοῖ τὸ ἐφ ᾧ τέτακται τὸ	πάλιν τὸ ὂν γίνεται ἀλλ ἐκ τοῦ πῇ μὲν ὄντος πῇ δὲ μὴ ὄντος ἡ γὰρ ὕλη ὂν μέν ἐστι καθ αὑτήν	Proclus	Michael of Ephesus (trad. Alex. Aphr.)	In Platonis Rem publicam commentarii	In Aristotelis Metaphysica	
tlg4036.tlg001	In Rempublicam/121v#131	ancient_classical	0732.004	in Metaph/672#3	11th_12th	0.0137	9	9	ὄντος ἣ δὲ δοξαστικοὺς τοῦ πῇ μὲν ὄντος πῇ δὲ μὴ ὄντος οὐ γὰρ δηλοῖ τὸ ἐφ ᾧ τέτακται τὸ	πάλιν τὸ ὂν γίνεται ἀλλ ἐκ τοῦ πῇ μὲν ὄντος πῇ δὲ μὴ ὄντος ἡ γὰρ ὕλη ὂν μέν ἐστι καθ αὑτήν	Proclus	Michael of Ephesus (trad. Alex. Aphr.)	In Platonis Rem publicam commentarii	In Aristotelis Metaphysica	
tlg4036.tlg001	In Rempublicam/121v#182	ancient_classical	0732.004	in Metaph/63#3	11th_12th	0.005	9	9	ἡμᾶς ἐν ἐπιστολαῖς II ἀνήγαγεν εἰπών περὶ τὸν πάντων βασιλέα πάντα ἐστὶν καὶ ἐκείνου ἕνεκα πάντα καὶ ἐκεῖνο αἴτιον πάντων τῶν καλῶν	ἐν Ἐπιστολαῖς λέγων περὶ τὸν πάντων βασιλέα πάντα ἔστι καὶ τούτου ἕνεκα πάντα οὐ λέγει διὰ τούτων τὸ ἀγαθὸν	Proclus	Michael of Ephesus (trad. Alex. Aphr.)	In Platonis Rem publicam commentarii	In Aristotelis Metaphysica	
tlg4036.tlg001	In Rempublicam/4v#166	ancient_classical	0732.004	in Metaph/707#1	11th_12th	0.0036	9	10	τὸ κινεῖν ἔργον τὸ κατὰ ταῦτὰ καὶ περὶ τὰ αὐτὰ καὶ ἐν τῷ αὐτῷ καὶ ὡσαύτως περιάγειν καὶ ὁ μὲν κεναὐτός νοῦς	τὸ ἐπ ἄπειρον καὶ ἀεὶ κατὰ τὰ αὐτὰ καὶ ὡσαύτως καὶ περὶ τὰ αὐτὰ καὶ ἐν τῷ αὐτῷ καὶ ὅσα τοιαῦτα ἀπὸ τῆς ἀκινήτου νοερᾶς	Proclus	Michael of Ephesus (trad. Alex. Aphr.)	In Platonis Rem publicam commentarii	In Aristotelis Metaphysica	
tlg4036.tlg001	In Rempublicam/4v#217	ancient_classical	0732.004	in Metaph/707#1	11th_12th	0.0048	8	8	θείων σωμάτων ὁρᾶν τὸ γὰρ κατὰ ταύτὰ καὶ ὡσαύτως καὶ περὶ τὰ αὐτά καθ ὄσον κινουμένοις δυνατόν ἔστιν ὁρᾶν καὶ	ἐπ ἄπειρον καὶ ἀεὶ κατὰ τὰ αὐτὰ καὶ ὡσαύτως καὶ περὶ τὰ αὐτὰ καὶ ἐν τῷ αὐτῷ καὶ ὅσα τοιαῦτα	Proclus	Michael of Ephesus (trad. Alex. Aphr.)	In Platonis Rem publicam commentarii	In Aristotelis Metaphysica	
tlg4036.tlg001	In Rempublicam/64v#13	ancient_classical	0732.004	in Metaph/826#1	11th_12th	0.0	8	8	τῷ δὲ δαιμονίῳ τὸ μερικόν καὶ τῷ μὲν τὸ νοερόν τῷ δὲ τὸ λογικόν τῷ δὲ τὸ τῆς ἀλογίας γένος ἐν	θερμὸν καὶ λευκόν οἷς ἐναντία εἰσὶ τῷ μὲν τὸ ψυχρὸν τῷ δὲ τῷ λευκῷ τὸ μέλαν ἐπεὶ δὲ πᾶσαν τὴν ἐναντιότητα	Proclus	Michael of Ephesus (trad. Alex. Aphr.)	In Platonis Rem publicam commentarii	In Aristotelis Metaphysica	
tlg4036.tlg001	In Rempublicam/95v#1	ancient_classical	2702.011	/12#1	11th_12th	0.0634	10	10	τῷ μεγίστῳ Διΐ τούτῳ γάρ φησίν ἕπεται στρατιὰ θεῶν τε καὶ δαιμόνων κατὰ ἕνδεκα μέρη κεκοσμημένη p δαῖτα δὲ καὶ θοίνην αὐτοῖς	πάντα καὶ ἐπιμε λούμενος τῷ δ ἕπεται στρατιὰ θεῶν τε καὶ δαιμόνων κατὰ ἕνδεκα μέρη κεκοσμημένη μένει γὰρ Ἑστία ἐν θεῶν οἴκῳ	Proclus	Michael Psellos	In Platonis Rem publicam commentarii	Philosophica minora II	
